2023-08-25 15:19:20,041 [Worker-3: Loading available Gradle versions] INFO  o.e.b.c.i.u.g.PublishedGradleVersions - Gradle version information cache is out-of-date. Trying to update.
2023-08-25 16:45:57,681 [Worker-6: Loading available Gradle versions] INFO  o.e.b.c.i.u.g.PublishedGradleVersions - Gradle version information cache is up-to-date. Trying to read.
2023-09-04 10:07:14,336 [Worker-3: Loading available Gradle versions] INFO  o.e.b.c.i.u.g.PublishedGradleVersions - Gradle version information cache is out-of-date. Trying to update.
2023-09-06 12:35:05,634 [Worker-4: Loading available Gradle versions] INFO  o.e.b.c.i.u.g.PublishedGradleVersions - Gradle version information cache is up-to-date. Trying to read.
2023-09-07 14:10:30,785 [Worker-80: Creating project "TestArtifactID"] INFO  o.e.m.c.i.l.LifecycleMappingFactory - Using org.eclipse.m2e.jdt.JarLifecycleMapping lifecycle mapping for MavenProject: TestGroupID:TestArtifactID:0.0.1-SNAPSHOT @ C:\Users\2155644\eclipse-workspace\SeleniumAutomation\TestArtifactID\pom.xml.
2023-09-07 14:14:45,898 [Worker-88: Launching Executing install in C__Users_2155644_eclipse-workspace_SeleniumAutomation_TestArtifactID] INFO  o.e.m.i.launch.MavenLaunchDelegate - C:\Users\2155644\eclipse-workspace\SeleniumAutomation\TestArtifactID
2023-09-07 14:14:45,899 [Worker-88: Launching Executing install in C__Users_2155644_eclipse-workspace_SeleniumAutomation_TestArtifactID] INFO  o.e.m.i.launch.MavenLaunchDelegate -  mvn -B install
2023-09-07 14:14:45,900 [Worker-88: Launching Executing install in C__Users_2155644_eclipse-workspace_SeleniumAutomation_TestArtifactID] WARN  o.e.m.i.l.MavenLaunchExtensionsSupport - Unknown or unsupported source locator org.eclipse.jdt.internal.launching.sourcelookup.advanced.AdvancedSourceLookupDirector
2023-09-07 14:15:28,603 [Worker-91: Building] WARN  o.e.m.c.i.embedder.EclipseLogger - Using platform encoding (Cp1252 actually) to copy filtered resources, i.e. build is platform dependent!
2023-09-07 14:15:28,607 [Worker-91: Building] INFO  o.e.m.c.i.embedder.EclipseLogger - Copying 0 resource
2023-09-07 14:15:28,610 [Worker-91: Building] WARN  o.e.m.c.i.embedder.EclipseLogger - Using platform encoding (Cp1252 actually) to copy filtered resources, i.e. build is platform dependent!
2023-09-07 14:15:28,611 [Worker-91: Building] INFO  o.e.m.c.i.embedder.EclipseLogger - Copying 0 resource
2023-09-07 14:15:40,768 [Worker-87: Updating Maven Project] INFO  o.e.m.c.i.p.ProjectConfigurationManager - Update started
2023-09-07 14:15:41,051 [Worker-87: Updating Maven Project] INFO  o.e.m.c.i.l.LifecycleMappingFactory - Using org.eclipse.m2e.jdt.JarLifecycleMapping lifecycle mapping for MavenProject: TestGroupID:TestArtifactID:0.0.1-SNAPSHOT @ C:\Users\2155644\eclipse-workspace\SeleniumAutomation\TestArtifactID\pom.xml.
2023-09-07 14:15:41,146 [Worker-87: Updating Maven Project] INFO  o.e.m.j.i.AbstractJavaProjectConfigurator - Adding source folder /TestArtifactID/src/main/java
2023-09-07 14:15:41,147 [Worker-87: Updating Maven Project] INFO  o.e.m.j.i.AbstractJavaProjectConfigurator - Adding resource folder /TestArtifactID/src/main/resources
2023-09-07 14:15:41,148 [Worker-87: Updating Maven Project] INFO  o.e.m.j.i.AbstractJavaProjectConfigurator - Adding source folder /TestArtifactID/src/test/java
2023-09-07 14:15:41,148 [Worker-87: Updating Maven Project] INFO  o.e.m.j.i.AbstractJavaProjectConfigurator - Adding resource folder /TestArtifactID/src/test/resources
2023-09-07 14:15:41,337 [Worker-87: Updating Maven Project] INFO  o.e.m.c.i.p.ProjectConfigurationManager - Update completed: 0 sec
2023-09-07 14:15:41,453 [Worker-88: Building] WARN  o.e.m.c.i.embedder.EclipseLogger - Using platform encoding (Cp1252 actually) to copy filtered resources, i.e. build is platform dependent!
2023-09-07 14:15:41,454 [Worker-88: Building] INFO  o.e.m.c.i.embedder.EclipseLogger - Copying 0 resource
2023-09-07 14:15:41,456 [Worker-88: Building] WARN  o.e.m.c.i.embedder.EclipseLogger - Using platform encoding (Cp1252 actually) to copy filtered resources, i.e. build is platform dependent!
2023-09-07 14:15:41,458 [Worker-88: Building] INFO  o.e.m.c.i.embedder.EclipseLogger - Copying 0 resource
2023-09-07 14:20:54,135 [Worker-89: Creating project "JhonCena"] INFO  o.e.m.c.i.l.LifecycleMappingFactory - Using org.eclipse.m2e.jdt.JarLifecycleMapping lifecycle mapping for MavenProject: RameshStudio:JhonCena:0.0.1-SNAPSHOT @ C:\Users\2155644\eclipse-workspace\SeleniumAutomation\JhonCena\pom.xml.
2023-09-07 14:20:54,167 [Worker-89: Creating project "JhonCena"] INFO  o.e.m.j.i.AbstractJavaProjectConfigurator - Adding source folder /JhonCena/src/main/java
2023-09-07 14:20:54,167 [Worker-89: Creating project "JhonCena"] INFO  o.e.m.j.i.AbstractJavaProjectConfigurator - Adding resource folder /JhonCena/src/main/resources
2023-09-07 14:20:54,168 [Worker-89: Creating project "JhonCena"] INFO  o.e.m.j.i.AbstractJavaProjectConfigurator - Adding source folder /JhonCena/src/test/java
2023-09-07 14:20:54,168 [Worker-89: Creating project "JhonCena"] INFO  o.e.m.j.i.AbstractJavaProjectConfigurator - Adding resource folder /JhonCena/src/test/resources
2023-09-07 14:20:54,455 [Worker-89: Building] WARN  o.e.m.c.i.embedder.EclipseLogger - Using platform encoding (Cp1252 actually) to copy filtered resources, i.e. build is platform dependent!
2023-09-07 14:20:54,457 [Worker-89: Building] INFO  o.e.m.c.i.embedder.EclipseLogger - Copying 0 resource
2023-09-07 14:20:54,458 [Worker-89: Building] WARN  o.e.m.c.i.embedder.EclipseLogger - Using platform encoding (Cp1252 actually) to copy filtered resources, i.e. build is platform dependent!
2023-09-07 14:20:54,460 [Worker-89: Building] INFO  o.e.m.c.i.embedder.EclipseLogger - Copying 0 resource
2023-09-07 14:30:18,433 [Worker-96: Building] INFO  o.e.m.c.i.l.LifecycleMappingFactory - Using org.eclipse.m2e.jdt.JarLifecycleMapping lifecycle mapping for MavenProject: TestGroupID:TestArtifactID:0.0.1-SNAPSHOT @ C:\Users\2155644\eclipse-workspace\SeleniumAutomation\TestArtifactID\pom.xml.
2023-09-07 14:30:18,756 [Worker-96: Building] INFO  o.e.m.c.i.e.AbstractTransferListenerAdapter - Downloading https://repo.maven.apache.org/maven2/io/netty/netty-resolver/4.1.92.Final/netty-resolver-4.1.92.Final.pom
2023-09-07 14:30:18,781 [Worker-96: Building] INFO  o.e.m.c.i.e.AbstractTransferListenerAdapter - Downloaded https://repo.maven.apache.org/maven2/io/netty/netty-resolver/4.1.92.Final/netty-resolver-4.1.92.Final.pom
2023-09-07 14:30:18,813 [Worker-96: Building] INFO  o.e.m.c.i.e.AbstractTransferListenerAdapter - Downloading https://repo.maven.apache.org/maven2/io/netty/netty-transport-classes-epoll/4.1.92.Final/netty-transport-classes-epoll-4.1.92.Final.pom
2023-09-07 14:30:18,835 [Worker-96: Building] INFO  o.e.m.c.i.e.AbstractTransferListenerAdapter - Downloaded https://repo.maven.apache.org/maven2/io/netty/netty-transport-classes-epoll/4.1.92.Final/netty-transport-classes-epoll-4.1.92.Final.pom
2023-09-07 14:30:18,864 [Worker-96: Building] INFO  o.e.m.c.i.e.AbstractTransferListenerAdapter - Downloading https://repo.maven.apache.org/maven2/io/netty/netty-transport-classes-kqueue/4.1.92.Final/netty-transport-classes-kqueue-4.1.92.Final.pom
2023-09-07 14:30:18,884 [Worker-96: Building] INFO  o.e.m.c.i.e.AbstractTransferListenerAdapter - Downloaded https://repo.maven.apache.org/maven2/io/netty/netty-transport-classes-kqueue/4.1.92.Final/netty-transport-classes-kqueue-4.1.92.Final.pom
2023-09-07 14:30:18,908 [Worker-96: Building] INFO  o.e.m.c.i.e.AbstractTransferListenerAdapter - Downloading https://repo.maven.apache.org/maven2/io/netty/netty-transport-native-epoll/4.1.92.Final/netty-transport-native-epoll-4.1.92.Final.pom
2023-09-07 14:30:18,934 [Worker-96: Building] INFO  o.e.m.c.i.e.AbstractTransferListenerAdapter - Downloaded https://repo.maven.apache.org/maven2/io/netty/netty-transport-native-epoll/4.1.92.Final/netty-transport-native-epoll-4.1.92.Final.pom
2023-09-07 14:30:18,967 [Worker-96: Building] INFO  o.e.m.c.i.e.AbstractTransferListenerAdapter - Downloading https://repo.maven.apache.org/maven2/io/netty/netty-transport-native-kqueue/4.1.92.Final/netty-transport-native-kqueue-4.1.92.Final.pom
2023-09-07 14:30:19,094 [Worker-96: Building] INFO  o.e.m.c.i.e.AbstractTransferListenerAdapter - Downloaded https://repo.maven.apache.org/maven2/io/netty/netty-transport-native-kqueue/4.1.92.Final/netty-transport-native-kqueue-4.1.92.Final.pom
2023-09-07 14:30:19,115 [Worker-96: Building] INFO  o.e.m.c.i.e.AbstractTransferListenerAdapter - Downloading https://repo.maven.apache.org/maven2/io/opentelemetry/opentelemetry-api/1.26.0/opentelemetry-api-1.26.0.pom
2023-09-07 14:30:19,134 [Worker-96: Building] INFO  o.e.m.c.i.e.AbstractTransferListenerAdapter - Downloaded https://repo.maven.apache.org/maven2/io/opentelemetry/opentelemetry-api/1.26.0/opentelemetry-api-1.26.0.pom
2023-09-07 14:30:19,166 [Worker-96: Building] INFO  o.e.m.c.i.e.AbstractTransferListenerAdapter - Downloading https://repo.maven.apache.org/maven2/io/opentelemetry/opentelemetry-context/1.26.0/opentelemetry-context-1.26.0.pom
2023-09-07 14:30:19,186 [Worker-96: Building] INFO  o.e.m.c.i.e.AbstractTransferListenerAdapter - Downloaded https://repo.maven.apache.org/maven2/io/opentelemetry/opentelemetry-context/1.26.0/opentelemetry-context-1.26.0.pom
2023-09-07 14:30:19,221 [Worker-96: Building] INFO  o.e.m.c.i.e.AbstractTransferListenerAdapter - Downloading https://repo.maven.apache.org/maven2/io/opentelemetry/opentelemetry-exporter-logging/1.26.0/opentelemetry-exporter-logging-1.26.0.pom
2023-09-07 14:30:19,322 [Worker-96: Building] INFO  o.e.m.c.i.e.AbstractTransferListenerAdapter - Downloaded https://repo.maven.apache.org/maven2/io/opentelemetry/opentelemetry-exporter-logging/1.26.0/opentelemetry-exporter-logging-1.26.0.pom
2023-09-07 14:30:19,354 [Worker-96: Building] INFO  o.e.m.c.i.e.AbstractTransferListenerAdapter - Downloading https://repo.maven.apache.org/maven2/io/opentelemetry/opentelemetry-sdk/1.26.0/opentelemetry-sdk-1.26.0.pom
2023-09-07 14:30:19,391 [Worker-96: Building] INFO  o.e.m.c.i.e.AbstractTransferListenerAdapter - Downloaded https://repo.maven.apache.org/maven2/io/opentelemetry/opentelemetry-sdk/1.26.0/opentelemetry-sdk-1.26.0.pom
2023-09-07 14:30:19,430 [Worker-96: Building] INFO  o.e.m.c.i.e.AbstractTransferListenerAdapter - Downloading https://repo.maven.apache.org/maven2/io/opentelemetry/opentelemetry-sdk-common/1.26.0/opentelemetry-sdk-common-1.26.0.pom
2023-09-07 14:30:19,456 [Worker-96: Building] INFO  o.e.m.c.i.e.AbstractTransferListenerAdapter - Downloaded https://repo.maven.apache.org/maven2/io/opentelemetry/opentelemetry-sdk-common/1.26.0/opentelemetry-sdk-common-1.26.0.pom
2023-09-07 14:30:19,470 [Worker-96: Building] INFO  o.e.m.c.i.e.AbstractTransferListenerAdapter - Downloading https://repo.maven.apache.org/maven2/io/opentelemetry/opentelemetry-semconv/1.26.0-alpha/opentelemetry-semconv-1.26.0-alpha.pom
2023-09-07 14:30:19,492 [Worker-96: Building] INFO  o.e.m.c.i.e.AbstractTransferListenerAdapter - Downloaded https://repo.maven.apache.org/maven2/io/opentelemetry/opentelemetry-semconv/1.26.0-alpha/opentelemetry-semconv-1.26.0-alpha.pom
2023-09-07 14:30:19,508 [Worker-96: Building] INFO  o.e.m.c.i.e.AbstractTransferListenerAdapter - Downloading https://repo.maven.apache.org/maven2/io/opentelemetry/opentelemetry-sdk-trace/1.26.0/opentelemetry-sdk-trace-1.26.0.pom
2023-09-07 14:30:19,528 [Worker-96: Building] INFO  o.e.m.c.i.e.AbstractTransferListenerAdapter - Downloaded https://repo.maven.apache.org/maven2/io/opentelemetry/opentelemetry-sdk-trace/1.26.0/opentelemetry-sdk-trace-1.26.0.pom
2023-09-07 14:30:19,542 [Worker-96: Building] INFO  o.e.m.c.i.e.AbstractTransferListenerAdapter - Downloading https://repo.maven.apache.org/maven2/io/opentelemetry/opentelemetry-sdk-metrics/1.26.0/opentelemetry-sdk-metrics-1.26.0.pom
2023-09-07 14:30:19,562 [Worker-96: Building] INFO  o.e.m.c.i.e.AbstractTransferListenerAdapter - Downloaded https://repo.maven.apache.org/maven2/io/opentelemetry/opentelemetry-sdk-metrics/1.26.0/opentelemetry-sdk-metrics-1.26.0.pom
2023-09-07 14:30:19,577 [Worker-96: Building] INFO  o.e.m.c.i.e.AbstractTransferListenerAdapter - Downloading https://repo.maven.apache.org/maven2/io/opentelemetry/opentelemetry-extension-incubator/1.26.0-alpha/opentelemetry-extension-incubator-1.26.0-alpha.pom
2023-09-07 14:30:19,601 [Worker-96: Building] INFO  o.e.m.c.i.e.AbstractTransferListenerAdapter - Downloaded https://repo.maven.apache.org/maven2/io/opentelemetry/opentelemetry-extension-incubator/1.26.0-alpha/opentelemetry-extension-incubator-1.26.0-alpha.pom
2023-09-07 14:30:19,615 [Worker-96: Building] INFO  o.e.m.c.i.e.AbstractTransferListenerAdapter - Downloading https://repo.maven.apache.org/maven2/io/opentelemetry/opentelemetry-sdk-logs/1.26.0-alpha/opentelemetry-sdk-logs-1.26.0-alpha.pom
2023-09-07 14:30:19,639 [Worker-96: Building] INFO  o.e.m.c.i.e.AbstractTransferListenerAdapter - Downloaded https://repo.maven.apache.org/maven2/io/opentelemetry/opentelemetry-sdk-logs/1.26.0-alpha/opentelemetry-sdk-logs-1.26.0-alpha.pom
2023-09-07 14:30:19,655 [Worker-96: Building] INFO  o.e.m.c.i.e.AbstractTransferListenerAdapter - Downloading https://repo.maven.apache.org/maven2/io/opentelemetry/opentelemetry-api-logs/1.26.0-alpha/opentelemetry-api-logs-1.26.0-alpha.pom
2023-09-07 14:30:19,688 [Worker-96: Building] INFO  o.e.m.c.i.e.AbstractTransferListenerAdapter - Downloaded https://repo.maven.apache.org/maven2/io/opentelemetry/opentelemetry-api-logs/1.26.0-alpha/opentelemetry-api-logs-1.26.0-alpha.pom
2023-09-07 14:30:19,700 [Worker-96: Building] INFO  o.e.m.c.i.e.AbstractTransferListenerAdapter - Downloading https://repo.maven.apache.org/maven2/io/opentelemetry/opentelemetry-api-events/1.26.0-alpha/opentelemetry-api-events-1.26.0-alpha.pom
2023-09-07 14:30:19,741 [Worker-96: Building] INFO  o.e.m.c.i.e.AbstractTransferListenerAdapter - Downloaded https://repo.maven.apache.org/maven2/io/opentelemetry/opentelemetry-api-events/1.26.0-alpha/opentelemetry-api-events-1.26.0-alpha.pom
2023-09-07 14:30:19,755 [Worker-96: Building] INFO  o.e.m.c.i.e.AbstractTransferListenerAdapter - Downloading https://repo.maven.apache.org/maven2/io/opentelemetry/opentelemetry-sdk-extension-autoconfigure-spi/1.26.0/opentelemetry-sdk-extension-autoconfigure-spi-1.26.0.pom
2023-09-07 14:30:19,779 [Worker-96: Building] INFO  o.e.m.c.i.e.AbstractTransferListenerAdapter - Downloaded https://repo.maven.apache.org/maven2/io/opentelemetry/opentelemetry-sdk-extension-autoconfigure-spi/1.26.0/opentelemetry-sdk-extension-autoconfigure-spi-1.26.0.pom
2023-09-07 14:30:19,793 [Worker-96: Building] INFO  o.e.m.c.i.e.AbstractTransferListenerAdapter - Downloading https://repo.maven.apache.org/maven2/io/opentelemetry/opentelemetry-sdk-extension-autoconfigure/1.26.0-alpha/opentelemetry-sdk-extension-autoconfigure-1.26.0-alpha.pom
2023-09-07 14:30:19,820 [Worker-96: Building] INFO  o.e.m.c.i.e.AbstractTransferListenerAdapter - Downloaded https://repo.maven.apache.org/maven2/io/opentelemetry/opentelemetry-sdk-extension-autoconfigure/1.26.0-alpha/opentelemetry-sdk-extension-autoconfigure-1.26.0-alpha.pom
2023-09-07 14:30:19,864 [Worker-96: Building] INFO  o.e.m.c.i.e.AbstractTransferListenerAdapter - Downloading https://repo.maven.apache.org/maven2/net/bytebuddy/byte-buddy/1.14.4/byte-buddy-1.14.4.pom
2023-09-07 14:30:19,885 [Worker-96: Building] INFO  o.e.m.c.i.e.AbstractTransferListenerAdapter - Downloaded https://repo.maven.apache.org/maven2/net/bytebuddy/byte-buddy/1.14.4/byte-buddy-1.14.4.pom
2023-09-07 14:30:19,924 [Worker-96: Building] INFO  o.e.m.c.i.e.AbstractTransferListenerAdapter - Downloading https://repo.maven.apache.org/maven2/net/bytebuddy/byte-buddy-parent/1.14.4/byte-buddy-parent-1.14.4.pom
2023-09-07 14:30:19,949 [Worker-96: Building] INFO  o.e.m.c.i.e.AbstractTransferListenerAdapter - Downloaded https://repo.maven.apache.org/maven2/net/bytebuddy/byte-buddy-parent/1.14.4/byte-buddy-parent-1.14.4.pom
2023-09-07 14:30:19,979 [Worker-96: Building] INFO  o.e.m.c.i.e.AbstractTransferListenerAdapter - Downloading https://repo.maven.apache.org/maven2/org/asynchttpclient/async-http-client/2.12.3/async-http-client-2.12.3.pom
2023-09-07 14:30:19,999 [Worker-96: Building] INFO  o.e.m.c.i.e.AbstractTransferListenerAdapter - Downloaded https://repo.maven.apache.org/maven2/org/asynchttpclient/async-http-client/2.12.3/async-http-client-2.12.3.pom
2023-09-07 14:30:20,031 [Worker-96: Building] INFO  o.e.m.c.i.e.AbstractTransferListenerAdapter - Downloading https://repo.maven.apache.org/maven2/org/asynchttpclient/async-http-client-project/2.12.3/async-http-client-project-2.12.3.pom
2023-09-07 14:30:20,051 [Worker-96: Building] INFO  o.e.m.c.i.e.AbstractTransferListenerAdapter - Downloaded https://repo.maven.apache.org/maven2/org/asynchttpclient/async-http-client-project/2.12.3/async-http-client-project-2.12.3.pom
2023-09-07 14:30:20,092 [Worker-96: Building] INFO  o.e.m.c.i.e.AbstractTransferListenerAdapter - Downloading https://repo.maven.apache.org/maven2/org/asynchttpclient/async-http-client-netty-utils/2.12.3/async-http-client-netty-utils-2.12.3.pom
2023-09-07 14:30:20,112 [Worker-96: Building] INFO  o.e.m.c.i.e.AbstractTransferListenerAdapter - Downloaded https://repo.maven.apache.org/maven2/org/asynchttpclient/async-http-client-netty-utils/2.12.3/async-http-client-netty-utils-2.12.3.pom
2023-09-07 14:30:20,131 [Worker-96: Building] INFO  o.e.m.c.i.e.AbstractTransferListenerAdapter - Downloading https://repo.maven.apache.org/maven2/io/netty/netty-buffer/4.1.60.Final/netty-buffer-4.1.60.Final.pom
2023-09-07 14:30:20,148 [Worker-96: Building] INFO  o.e.m.c.i.e.AbstractTransferListenerAdapter - Downloaded https://repo.maven.apache.org/maven2/io/netty/netty-buffer/4.1.60.Final/netty-buffer-4.1.60.Final.pom
2023-09-07 14:30:20,167 [Worker-96: Building] INFO  o.e.m.c.i.e.AbstractTransferListenerAdapter - Downloading https://repo.maven.apache.org/maven2/io/netty/netty-parent/4.1.60.Final/netty-parent-4.1.60.Final.pom
2023-09-07 14:30:20,205 [Worker-96: Building] INFO  o.e.m.c.i.e.AbstractTransferListenerAdapter - Downloaded https://repo.maven.apache.org/maven2/io/netty/netty-parent/4.1.60.Final/netty-parent-4.1.60.Final.pom
2023-09-07 14:30:20,221 [Worker-96: Building] INFO  o.e.m.c.i.e.AbstractTransferListenerAdapter - Downloading https://repo.maven.apache.org/maven2/io/netty/netty-common/4.1.60.Final/netty-common-4.1.60.Final.pom
2023-09-07 14:30:20,241 [Worker-96: Building] INFO  o.e.m.c.i.e.AbstractTransferListenerAdapter - Downloaded https://repo.maven.apache.org/maven2/io/netty/netty-common/4.1.60.Final/netty-common-4.1.60.Final.pom
2023-09-07 14:30:20,261 [Worker-96: Building] INFO  o.e.m.c.i.e.AbstractTransferListenerAdapter - Downloading https://repo.maven.apache.org/maven2/org/slf4j/slf4j-api/1.7.30/slf4j-api-1.7.30.pom
2023-09-07 14:30:20,329 [Worker-96: Building] INFO  o.e.m.c.i.e.AbstractTransferListenerAdapter - Downloaded https://repo.maven.apache.org/maven2/org/slf4j/slf4j-api/1.7.30/slf4j-api-1.7.30.pom
2023-09-07 14:30:20,354 [Worker-96: Building] INFO  o.e.m.c.i.e.AbstractTransferListenerAdapter - Downloading https://repo.maven.apache.org/maven2/com/sun/activation/jakarta.activation/1.2.2/jakarta.activation-1.2.2.pom
2023-09-07 14:30:20,375 [Worker-96: Building] INFO  o.e.m.c.i.e.AbstractTransferListenerAdapter - Downloaded https://repo.maven.apache.org/maven2/com/sun/activation/jakarta.activation/1.2.2/jakarta.activation-1.2.2.pom
2023-09-07 14:30:20,392 [Worker-96: Building] INFO  o.e.m.c.i.e.AbstractTransferListenerAdapter - Downloading https://repo.maven.apache.org/maven2/com/sun/activation/all/1.2.2/all-1.2.2.pom
2023-09-07 14:30:20,406 [Worker-96: Building] INFO  o.e.m.c.i.e.AbstractTransferListenerAdapter - Downloaded https://repo.maven.apache.org/maven2/com/sun/activation/all/1.2.2/all-1.2.2.pom
2023-09-07 14:30:20,424 [Worker-96: Building] INFO  o.e.m.c.i.e.AbstractTransferListenerAdapter - Downloading https://repo.maven.apache.org/maven2/org/eclipse/ee4j/project/1.0.6/project-1.0.6.pom
2023-09-07 14:30:20,446 [Worker-96: Building] INFO  o.e.m.c.i.e.AbstractTransferListenerAdapter - Downloaded https://repo.maven.apache.org/maven2/org/eclipse/ee4j/project/1.0.6/project-1.0.6.pom
2023-09-07 14:30:20,481 [Worker-96: Building] INFO  o.e.m.c.i.e.AbstractTransferListenerAdapter - Downloading https://repo.maven.apache.org/maven2/io/netty/netty-codec-http/4.1.60.Final/netty-codec-http-4.1.60.Final.pom
2023-09-07 14:30:20,496 [Worker-96: Building] INFO  o.e.m.c.i.e.AbstractTransferListenerAdapter - Downloaded https://repo.maven.apache.org/maven2/io/netty/netty-codec-http/4.1.60.Final/netty-codec-http-4.1.60.Final.pom
2023-09-07 14:30:20,510 [Worker-96: Building] INFO  o.e.m.c.i.e.AbstractTransferListenerAdapter - Downloading https://repo.maven.apache.org/maven2/io/netty/netty-transport/4.1.60.Final/netty-transport-4.1.60.Final.pom
2023-09-07 14:30:20,524 [Worker-96: Building] INFO  o.e.m.c.i.e.AbstractTransferListenerAdapter - Downloaded https://repo.maven.apache.org/maven2/io/netty/netty-transport/4.1.60.Final/netty-transport-4.1.60.Final.pom
2023-09-07 14:30:20,538 [Worker-96: Building] INFO  o.e.m.c.i.e.AbstractTransferListenerAdapter - Downloading https://repo.maven.apache.org/maven2/io/netty/netty-resolver/4.1.60.Final/netty-resolver-4.1.60.Final.pom
2023-09-07 14:30:20,551 [Worker-96: Building] INFO  o.e.m.c.i.e.AbstractTransferListenerAdapter - Downloaded https://repo.maven.apache.org/maven2/io/netty/netty-resolver/4.1.60.Final/netty-resolver-4.1.60.Final.pom
2023-09-07 14:30:20,569 [Worker-96: Building] INFO  o.e.m.c.i.e.AbstractTransferListenerAdapter - Downloading https://repo.maven.apache.org/maven2/io/netty/netty-codec/4.1.60.Final/netty-codec-4.1.60.Final.pom
2023-09-07 14:30:20,587 [Worker-96: Building] INFO  o.e.m.c.i.e.AbstractTransferListenerAdapter - Downloaded https://repo.maven.apache.org/maven2/io/netty/netty-codec/4.1.60.Final/netty-codec-4.1.60.Final.pom
2023-09-07 14:30:20,603 [Worker-96: Building] INFO  o.e.m.c.i.e.AbstractTransferListenerAdapter - Downloading https://repo.maven.apache.org/maven2/io/netty/netty-handler/4.1.60.Final/netty-handler-4.1.60.Final.pom
2023-09-07 14:30:20,620 [Worker-96: Building] INFO  o.e.m.c.i.e.AbstractTransferListenerAdapter - Downloaded https://repo.maven.apache.org/maven2/io/netty/netty-handler/4.1.60.Final/netty-handler-4.1.60.Final.pom
2023-09-07 14:30:20,640 [Worker-96: Building] INFO  o.e.m.c.i.e.AbstractTransferListenerAdapter - Downloading https://repo.maven.apache.org/maven2/io/netty/netty-codec-socks/4.1.60.Final/netty-codec-socks-4.1.60.Final.pom
2023-09-07 14:30:20,663 [Worker-96: Building] INFO  o.e.m.c.i.e.AbstractTransferListenerAdapter - Downloaded https://repo.maven.apache.org/maven2/io/netty/netty-codec-socks/4.1.60.Final/netty-codec-socks-4.1.60.Final.pom
2023-09-07 14:30:20,692 [Worker-96: Building] INFO  o.e.m.c.i.e.AbstractTransferListenerAdapter - Downloading https://repo.maven.apache.org/maven2/io/netty/netty-handler-proxy/4.1.60.Final/netty-handler-proxy-4.1.60.Final.pom
2023-09-07 14:30:20,729 [Worker-96: Building] INFO  o.e.m.c.i.e.AbstractTransferListenerAdapter - Downloaded https://repo.maven.apache.org/maven2/io/netty/netty-handler-proxy/4.1.60.Final/netty-handler-proxy-4.1.60.Final.pom
2023-09-07 14:30:20,771 [Worker-96: Building] INFO  o.e.m.c.i.e.AbstractTransferListenerAdapter - Downloading https://repo.maven.apache.org/maven2/io/netty/netty-transport-native-epoll/4.1.60.Final/netty-transport-native-epoll-4.1.60.Final.pom
2023-09-07 14:30:20,803 [Worker-96: Building] INFO  o.e.m.c.i.e.AbstractTransferListenerAdapter - Downloaded https://repo.maven.apache.org/maven2/io/netty/netty-transport-native-epoll/4.1.60.Final/netty-transport-native-epoll-4.1.60.Final.pom
2023-09-07 14:30:20,905 [Worker-96: Building] INFO  o.e.m.c.i.e.AbstractTransferListenerAdapter - Downloading https://repo.maven.apache.org/maven2/io/netty/netty-transport-native-unix-common/4.1.60.Final/netty-transport-native-unix-common-4.1.60.Final.pom
2023-09-07 14:30:20,928 [Worker-96: Building] INFO  o.e.m.c.i.e.AbstractTransferListenerAdapter - Downloaded https://repo.maven.apache.org/maven2/io/netty/netty-transport-native-unix-common/4.1.60.Final/netty-transport-native-unix-common-4.1.60.Final.pom
2023-09-07 14:30:20,985 [Worker-96: Building] INFO  o.e.m.c.i.e.AbstractTransferListenerAdapter - Downloading https://repo.maven.apache.org/maven2/io/netty/netty-transport-native-kqueue/4.1.60.Final/netty-transport-native-kqueue-4.1.60.Final.pom
2023-09-07 14:30:21,032 [Worker-96: Building] INFO  o.e.m.c.i.e.AbstractTransferListenerAdapter - Downloaded https://repo.maven.apache.org/maven2/io/netty/netty-transport-native-kqueue/4.1.60.Final/netty-transport-native-kqueue-4.1.60.Final.pom
2023-09-07 14:30:21,053 [Worker-96: Building] INFO  o.e.m.c.i.e.AbstractTransferListenerAdapter - Downloading https://repo.maven.apache.org/maven2/org/reactivestreams/reactive-streams/1.0.3/reactive-streams-1.0.3.pom
2023-09-07 14:30:21,104 [Worker-96: Building] INFO  o.e.m.c.i.e.AbstractTransferListenerAdapter - Downloaded https://repo.maven.apache.org/maven2/org/reactivestreams/reactive-streams/1.0.3/reactive-streams-1.0.3.pom
2023-09-07 14:30:21,129 [Worker-96: Building] INFO  o.e.m.c.i.e.AbstractTransferListenerAdapter - Downloading https://repo.maven.apache.org/maven2/com/typesafe/netty/netty-reactive-streams/2.0.4/netty-reactive-streams-2.0.4.pom
2023-09-07 14:30:21,170 [Worker-96: Building] INFO  o.e.m.c.i.e.AbstractTransferListenerAdapter - Downloaded https://repo.maven.apache.org/maven2/com/typesafe/netty/netty-reactive-streams/2.0.4/netty-reactive-streams-2.0.4.pom
2023-09-07 14:30:21,191 [Worker-96: Building] INFO  o.e.m.c.i.e.AbstractTransferListenerAdapter - Downloading https://repo.maven.apache.org/maven2/com/typesafe/netty/netty-reactive-streams-parent/2.0.4/netty-reactive-streams-parent-2.0.4.pom
2023-09-07 14:30:21,236 [Worker-96: Building] INFO  o.e.m.c.i.e.AbstractTransferListenerAdapter - Downloaded https://repo.maven.apache.org/maven2/com/typesafe/netty/netty-reactive-streams-parent/2.0.4/netty-reactive-streams-parent-2.0.4.pom
2023-09-07 14:30:21,264 [Worker-96: Building] INFO  o.e.m.c.i.e.AbstractTransferListenerAdapter - Downloading https://repo.maven.apache.org/maven2/io/netty/netty-handler/4.1.43.Final/netty-handler-4.1.43.Final.pom
2023-09-07 14:30:21,292 [Worker-96: Building] INFO  o.e.m.c.i.e.AbstractTransferListenerAdapter - Downloaded https://repo.maven.apache.org/maven2/io/netty/netty-handler/4.1.43.Final/netty-handler-4.1.43.Final.pom
2023-09-07 14:30:21,320 [Worker-96: Building] INFO  o.e.m.c.i.e.AbstractTransferListenerAdapter - Downloading https://repo.maven.apache.org/maven2/io/netty/netty-parent/4.1.43.Final/netty-parent-4.1.43.Final.pom
2023-09-07 14:30:21,355 [Worker-96: Building] INFO  o.e.m.c.i.e.AbstractTransferListenerAdapter - Downloaded https://repo.maven.apache.org/maven2/io/netty/netty-parent/4.1.43.Final/netty-parent-4.1.43.Final.pom
2023-09-07 14:30:21,398 [Worker-96: Building] INFO  o.e.m.c.i.e.AbstractTransferListenerAdapter - Downloading https://repo.maven.apache.org/maven2/io/netty/netty-common/4.1.43.Final/netty-common-4.1.43.Final.pom
2023-09-07 14:30:21,443 [Worker-96: Building] INFO  o.e.m.c.i.e.AbstractTransferListenerAdapter - Downloaded https://repo.maven.apache.org/maven2/io/netty/netty-common/4.1.43.Final/netty-common-4.1.43.Final.pom
2023-09-07 14:30:21,466 [Worker-96: Building] INFO  o.e.m.c.i.e.AbstractTransferListenerAdapter - Downloading https://repo.maven.apache.org/maven2/io/netty/netty-buffer/4.1.43.Final/netty-buffer-4.1.43.Final.pom
2023-09-07 14:30:21,506 [Worker-96: Building] INFO  o.e.m.c.i.e.AbstractTransferListenerAdapter - Downloaded https://repo.maven.apache.org/maven2/io/netty/netty-buffer/4.1.43.Final/netty-buffer-4.1.43.Final.pom
2023-09-07 14:30:21,524 [Worker-96: Building] INFO  o.e.m.c.i.e.AbstractTransferListenerAdapter - Downloading https://repo.maven.apache.org/maven2/io/netty/netty-transport/4.1.43.Final/netty-transport-4.1.43.Final.pom
2023-09-07 14:30:21,557 [Worker-96: Building] INFO  o.e.m.c.i.e.AbstractTransferListenerAdapter - Downloaded https://repo.maven.apache.org/maven2/io/netty/netty-transport/4.1.43.Final/netty-transport-4.1.43.Final.pom
2023-09-07 14:30:21,571 [Worker-96: Building] INFO  o.e.m.c.i.e.AbstractTransferListenerAdapter - Downloading https://repo.maven.apache.org/maven2/io/netty/netty-resolver/4.1.43.Final/netty-resolver-4.1.43.Final.pom
2023-09-07 14:30:21,599 [Worker-96: Building] INFO  o.e.m.c.i.e.AbstractTransferListenerAdapter - Downloaded https://repo.maven.apache.org/maven2/io/netty/netty-resolver/4.1.43.Final/netty-resolver-4.1.43.Final.pom
2023-09-07 14:30:21,635 [Worker-96: Building] INFO  o.e.m.c.i.e.AbstractTransferListenerAdapter - Downloading https://repo.maven.apache.org/maven2/io/netty/netty-codec/4.1.43.Final/netty-codec-4.1.43.Final.pom
2023-09-07 14:30:21,661 [Worker-96: Building] INFO  o.e.m.c.i.e.AbstractTransferListenerAdapter - Downloaded https://repo.maven.apache.org/maven2/io/netty/netty-codec/4.1.43.Final/netty-codec-4.1.43.Final.pom
2023-09-07 14:30:21,683 [Worker-96: Building] INFO  o.e.m.c.i.e.AbstractTransferListenerAdapter - Downloading https://repo.maven.apache.org/maven2/dev/failsafe/failsafe/3.3.1/failsafe-3.3.1.pom
2023-09-07 14:30:21,725 [Worker-96: Building] INFO  o.e.m.c.i.e.AbstractTransferListenerAdapter - Downloaded https://repo.maven.apache.org/maven2/dev/failsafe/failsafe/3.3.1/failsafe-3.3.1.pom
2023-09-07 14:30:21,738 [Worker-96: Building] INFO  o.e.m.c.i.e.AbstractTransferListenerAdapter - Downloading https://repo.maven.apache.org/maven2/dev/failsafe/failsafe-parent/3.3.1/failsafe-parent-3.3.1.pom
2023-09-07 14:30:21,763 [Worker-96: Building] INFO  o.e.m.c.i.e.AbstractTransferListenerAdapter - Downloaded https://repo.maven.apache.org/maven2/dev/failsafe/failsafe-parent/3.3.1/failsafe-parent-3.3.1.pom
2023-09-07 14:30:21,784 [Worker-96: Building] INFO  o.e.m.c.i.e.AbstractTransferListenerAdapter - Downloading https://repo.maven.apache.org/maven2/org/seleniumhq/selenium/selenium-manager/4.11.0/selenium-manager-4.11.0.pom
2023-09-07 14:30:21,800 [Worker-96: Building] INFO  o.e.m.c.i.e.AbstractTransferListenerAdapter - Downloaded https://repo.maven.apache.org/maven2/org/seleniumhq/selenium/selenium-manager/4.11.0/selenium-manager-4.11.0.pom
2023-09-07 14:30:21,806 [Worker-96: Building] WARN  o.e.m.c.i.embedder.EclipseLogger - The POM for org.seleniumhq.selenium:selenium-manager:jar:4.11.0 is invalid, transitive dependencies (if any) will not be available, enable debug logging for more details
2023-09-07 14:30:21,824 [Worker-96: Building] INFO  o.e.m.c.i.e.AbstractTransferListenerAdapter - Downloading https://repo.maven.apache.org/maven2/org/seleniumhq/selenium/selenium-devtools-v113/4.11.0/selenium-devtools-v113-4.11.0.pom
2023-09-07 14:30:21,838 [Worker-96: Building] INFO  o.e.m.c.i.e.AbstractTransferListenerAdapter - Downloaded https://repo.maven.apache.org/maven2/org/seleniumhq/selenium/selenium-devtools-v113/4.11.0/selenium-devtools-v113-4.11.0.pom
2023-09-07 14:30:21,855 [Worker-96: Building] INFO  o.e.m.c.i.e.AbstractTransferListenerAdapter - Downloading https://repo.maven.apache.org/maven2/org/seleniumhq/selenium/selenium-devtools-v114/4.11.0/selenium-devtools-v114-4.11.0.pom
2023-09-07 14:30:21,875 [Worker-96: Building] INFO  o.e.m.c.i.e.AbstractTransferListenerAdapter - Downloaded https://repo.maven.apache.org/maven2/org/seleniumhq/selenium/selenium-devtools-v114/4.11.0/selenium-devtools-v114-4.11.0.pom
2023-09-07 14:30:21,905 [Worker-96: Building] INFO  o.e.m.c.i.e.AbstractTransferListenerAdapter - Downloading https://repo.maven.apache.org/maven2/org/seleniumhq/selenium/selenium-devtools-v115/4.11.0/selenium-devtools-v115-4.11.0.pom
2023-09-07 14:30:21,927 [Worker-96: Building] INFO  o.e.m.c.i.e.AbstractTransferListenerAdapter - Downloaded https://repo.maven.apache.org/maven2/org/seleniumhq/selenium/selenium-devtools-v115/4.11.0/selenium-devtools-v115-4.11.0.pom
2023-09-07 14:30:21,939 [Worker-96: Building] INFO  o.e.m.c.i.e.AbstractTransferListenerAdapter - Downloading https://repo.maven.apache.org/maven2/org/seleniumhq/selenium/selenium-devtools-v85/4.11.0/selenium-devtools-v85-4.11.0.pom
2023-09-07 14:30:21,955 [Worker-96: Building] INFO  o.e.m.c.i.e.AbstractTransferListenerAdapter - Downloaded https://repo.maven.apache.org/maven2/org/seleniumhq/selenium/selenium-devtools-v85/4.11.0/selenium-devtools-v85-4.11.0.pom
2023-09-07 14:30:21,986 [Worker-96: Building] INFO  o.e.m.c.i.e.AbstractTransferListenerAdapter - Downloading https://repo.maven.apache.org/maven2/org/seleniumhq/selenium/selenium-edge-driver/4.11.0/selenium-edge-driver-4.11.0.pom
2023-09-07 14:30:22,009 [Worker-96: Building] INFO  o.e.m.c.i.e.AbstractTransferListenerAdapter - Downloaded https://repo.maven.apache.org/maven2/org/seleniumhq/selenium/selenium-edge-driver/4.11.0/selenium-edge-driver-4.11.0.pom
2023-09-07 14:30:22,024 [Worker-96: Building] INFO  o.e.m.c.i.e.AbstractTransferListenerAdapter - Downloading https://repo.maven.apache.org/maven2/org/seleniumhq/selenium/selenium-firefox-driver/4.11.0/selenium-firefox-driver-4.11.0.pom
2023-09-07 14:30:22,042 [Worker-96: Building] INFO  o.e.m.c.i.e.AbstractTransferListenerAdapter - Downloaded https://repo.maven.apache.org/maven2/org/seleniumhq/selenium/selenium-firefox-driver/4.11.0/selenium-firefox-driver-4.11.0.pom
2023-09-07 14:30:22,064 [Worker-96: Building] INFO  o.e.m.c.i.e.AbstractTransferListenerAdapter - Downloading https://repo.maven.apache.org/maven2/org/seleniumhq/selenium/selenium-ie-driver/4.11.0/selenium-ie-driver-4.11.0.pom
2023-09-07 14:30:22,086 [Worker-96: Building] INFO  o.e.m.c.i.e.AbstractTransferListenerAdapter - Downloaded https://repo.maven.apache.org/maven2/org/seleniumhq/selenium/selenium-ie-driver/4.11.0/selenium-ie-driver-4.11.0.pom
2023-09-07 14:30:22,132 [Worker-96: Building] INFO  o.e.m.c.i.e.AbstractTransferListenerAdapter - Downloading https://repo.maven.apache.org/maven2/org/seleniumhq/selenium/selenium-safari-driver/4.11.0/selenium-safari-driver-4.11.0.pom
2023-09-07 14:30:22,173 [Worker-96: Building] INFO  o.e.m.c.i.e.AbstractTransferListenerAdapter - Downloaded https://repo.maven.apache.org/maven2/org/seleniumhq/selenium/selenium-safari-driver/4.11.0/selenium-safari-driver-4.11.0.pom
2023-09-07 14:30:22,199 [Worker-96: Building] INFO  o.e.m.c.i.e.AbstractTransferListenerAdapter - Downloading https://repo.maven.apache.org/maven2/org/seleniumhq/selenium/selenium-support/4.11.0/selenium-support-4.11.0.pom
2023-09-07 14:30:22,233 [Worker-96: Building] INFO  o.e.m.c.i.e.AbstractTransferListenerAdapter - Downloaded https://repo.maven.apache.org/maven2/org/seleniumhq/selenium/selenium-support/4.11.0/selenium-support-4.11.0.pom
2023-09-07 14:30:22,265 [AetherRepositoryConnector-repo.maven.apache.org-0-0] INFO  o.e.m.c.i.e.AbstractTransferListenerAdapter - Downloading https://repo.maven.apache.org/maven2/org/seleniumhq/selenium/selenium-java/4.11.0/selenium-java-4.11.0.jar
2023-09-07 14:30:22,280 [AetherRepositoryConnector-repo.maven.apache.org-0-4] INFO  o.e.m.c.i.e.AbstractTransferListenerAdapter - Downloading https://repo.maven.apache.org/maven2/com/google/guava/guava/31.1-jre/guava-31.1-jre.jar
2023-09-07 14:30:22,303 [AetherRepositoryConnector-repo.maven.apache.org-0-2] INFO  o.e.m.c.i.e.AbstractTransferListenerAdapter - Downloading https://repo.maven.apache.org/maven2/org/seleniumhq/selenium/selenium-chrome-driver/4.11.0/selenium-chrome-driver-4.11.0.jar
2023-09-07 14:30:22,500 [AetherRepositoryConnector-repo.maven.apache.org-0-3] INFO  o.e.m.c.i.e.AbstractTransferListenerAdapter - Downloading https://repo.maven.apache.org/maven2/com/google/auto/service/auto-service-annotations/1.0.1/auto-service-annotations-1.0.1.jar
2023-09-07 14:30:22,500 [AetherRepositoryConnector-repo.maven.apache.org-0-1] INFO  o.e.m.c.i.e.AbstractTransferListenerAdapter - Downloading https://repo.maven.apache.org/maven2/org/seleniumhq/selenium/selenium-api/4.11.0/selenium-api-4.11.0.jar
2023-09-07 14:30:22,584 [AetherRepositoryConnector-repo.maven.apache.org-0-0] INFO  o.e.m.c.i.e.AbstractTransferListenerAdapter - Downloaded https://repo.maven.apache.org/maven2/org/seleniumhq/selenium/selenium-java/4.11.0/selenium-java-4.11.0.jar
2023-09-07 14:30:22,590 [AetherRepositoryConnector-repo.maven.apache.org-0-2] INFO  o.e.m.c.i.e.AbstractTransferListenerAdapter - Downloaded https://repo.maven.apache.org/maven2/org/seleniumhq/selenium/selenium-chrome-driver/4.11.0/selenium-chrome-driver-4.11.0.jar
2023-09-07 14:30:22,746 [AetherRepositoryConnector-repo.maven.apache.org-0-3] INFO  o.e.m.c.i.e.AbstractTransferListenerAdapter - Downloaded https://repo.maven.apache.org/maven2/com/google/auto/service/auto-service-annotations/1.0.1/auto-service-annotations-1.0.1.jar
2023-09-07 14:30:22,944 [AetherRepositoryConnector-repo.maven.apache.org-0-0] INFO  o.e.m.c.i.e.AbstractTransferListenerAdapter - Downloading https://repo.maven.apache.org/maven2/com/google/guava/failureaccess/1.0.1/failureaccess-1.0.1.jar
2023-09-07 14:30:22,944 [AetherRepositoryConnector-repo.maven.apache.org-0-3] INFO  o.e.m.c.i.e.AbstractTransferListenerAdapter - Downloading https://repo.maven.apache.org/maven2/com/google/code/findbugs/jsr305/3.0.2/jsr305-3.0.2.jar
2023-09-07 14:30:22,944 [AetherRepositoryConnector-repo.maven.apache.org-0-2] INFO  o.e.m.c.i.e.AbstractTransferListenerAdapter - Downloading https://repo.maven.apache.org/maven2/com/google/guava/listenablefuture/9999.0-empty-to-avoid-conflict-with-guava/listenablefuture-9999.0-empty-to-avoid-conflict-with-guava.jar
2023-09-07 14:30:23,235 [AetherRepositoryConnector-repo.maven.apache.org-0-0] INFO  o.e.m.c.i.e.AbstractTransferListenerAdapter - Downloaded https://repo.maven.apache.org/maven2/com/google/guava/failureaccess/1.0.1/failureaccess-1.0.1.jar
2023-09-07 14:30:23,296 [AetherRepositoryConnector-repo.maven.apache.org-0-3] INFO  o.e.m.c.i.e.AbstractTransferListenerAdapter - Downloaded https://repo.maven.apache.org/maven2/com/google/code/findbugs/jsr305/3.0.2/jsr305-3.0.2.jar
2023-09-07 14:30:23,296 [AetherRepositoryConnector-repo.maven.apache.org-0-2] INFO  o.e.m.c.i.e.AbstractTransferListenerAdapter - Downloaded https://repo.maven.apache.org/maven2/com/google/guava/listenablefuture/9999.0-empty-to-avoid-conflict-with-guava/listenablefuture-9999.0-empty-to-avoid-conflict-with-guava.jar
2023-09-07 14:30:23,378 [AetherRepositoryConnector-repo.maven.apache.org-0-1] INFO  o.e.m.c.i.e.AbstractTransferListenerAdapter - Downloaded https://repo.maven.apache.org/maven2/org/seleniumhq/selenium/selenium-api/4.11.0/selenium-api-4.11.0.jar
2023-09-07 14:30:23,432 [AetherRepositoryConnector-repo.maven.apache.org-0-0] INFO  o.e.m.c.i.e.AbstractTransferListenerAdapter - Downloading https://repo.maven.apache.org/maven2/org/checkerframework/checker-qual/3.12.0/checker-qual-3.12.0.jar
2023-09-07 14:30:23,504 [AetherRepositoryConnector-repo.maven.apache.org-0-2] INFO  o.e.m.c.i.e.AbstractTransferListenerAdapter - Downloading https://repo.maven.apache.org/maven2/com/google/j2objc/j2objc-annotations/1.3/j2objc-annotations-1.3.jar
2023-09-07 14:30:23,504 [AetherRepositoryConnector-repo.maven.apache.org-0-3] INFO  o.e.m.c.i.e.AbstractTransferListenerAdapter - Downloading https://repo.maven.apache.org/maven2/com/google/errorprone/error_prone_annotations/2.11.0/error_prone_annotations-2.11.0.jar
2023-09-07 14:30:23,605 [AetherRepositoryConnector-repo.maven.apache.org-0-1] INFO  o.e.m.c.i.e.AbstractTransferListenerAdapter - Downloading https://repo.maven.apache.org/maven2/org/seleniumhq/selenium/selenium-chromium-driver/4.11.0/selenium-chromium-driver-4.11.0.jar
2023-09-07 14:30:23,751 [AetherRepositoryConnector-repo.maven.apache.org-0-2] INFO  o.e.m.c.i.e.AbstractTransferListenerAdapter - Downloaded https://repo.maven.apache.org/maven2/com/google/j2objc/j2objc-annotations/1.3/j2objc-annotations-1.3.jar
2023-09-07 14:30:23,915 [AetherRepositoryConnector-repo.maven.apache.org-0-1] INFO  o.e.m.c.i.e.AbstractTransferListenerAdapter - Downloaded https://repo.maven.apache.org/maven2/org/seleniumhq/selenium/selenium-chromium-driver/4.11.0/selenium-chromium-driver-4.11.0.jar
2023-09-07 14:30:23,915 [AetherRepositoryConnector-repo.maven.apache.org-0-3] INFO  o.e.m.c.i.e.AbstractTransferListenerAdapter - Downloaded https://repo.maven.apache.org/maven2/com/google/errorprone/error_prone_annotations/2.11.0/error_prone_annotations-2.11.0.jar
2023-09-07 14:30:24,020 [AetherRepositoryConnector-repo.maven.apache.org-0-2] INFO  o.e.m.c.i.e.AbstractTransferListenerAdapter - Downloading https://repo.maven.apache.org/maven2/org/seleniumhq/selenium/selenium-json/4.11.0/selenium-json-4.11.0.jar
2023-09-07 14:30:24,278 [AetherRepositoryConnector-repo.maven.apache.org-0-1] INFO  o.e.m.c.i.e.AbstractTransferListenerAdapter - Downloading https://repo.maven.apache.org/maven2/org/seleniumhq/selenium/selenium-manager/4.11.0/selenium-manager-4.11.0.jar
2023-09-07 14:30:24,278 [AetherRepositoryConnector-repo.maven.apache.org-0-3] INFO  o.e.m.c.i.e.AbstractTransferListenerAdapter - Downloading https://repo.maven.apache.org/maven2/org/seleniumhq/selenium/selenium-devtools-v113/4.11.0/selenium-devtools-v113-4.11.0.jar
2023-09-07 14:30:24,402 [AetherRepositoryConnector-repo.maven.apache.org-0-0] INFO  o.e.m.c.i.e.AbstractTransferListenerAdapter - Downloaded https://repo.maven.apache.org/maven2/org/checkerframework/checker-qual/3.12.0/checker-qual-3.12.0.jar
2023-09-07 14:30:24,840 [AetherRepositoryConnector-repo.maven.apache.org-0-0] INFO  o.e.m.c.i.e.AbstractTransferListenerAdapter - Downloading https://repo.maven.apache.org/maven2/org/seleniumhq/selenium/selenium-devtools-v114/4.11.0/selenium-devtools-v114-4.11.0.jar
2023-09-07 14:30:24,845 [AetherRepositoryConnector-repo.maven.apache.org-0-2] INFO  o.e.m.c.i.e.AbstractTransferListenerAdapter - Downloaded https://repo.maven.apache.org/maven2/org/seleniumhq/selenium/selenium-json/4.11.0/selenium-json-4.11.0.jar
2023-09-07 14:30:25,539 [AetherRepositoryConnector-repo.maven.apache.org-0-2] INFO  o.e.m.c.i.e.AbstractTransferListenerAdapter - Downloading https://repo.maven.apache.org/maven2/org/seleniumhq/selenium/selenium-devtools-v115/4.11.0/selenium-devtools-v115-4.11.0.jar
2023-09-07 14:30:30,306 [AetherRepositoryConnector-repo.maven.apache.org-0-3] INFO  o.e.m.c.i.e.AbstractTransferListenerAdapter - Downloaded https://repo.maven.apache.org/maven2/org/seleniumhq/selenium/selenium-devtools-v113/4.11.0/selenium-devtools-v113-4.11.0.jar
2023-09-07 14:30:30,408 [AetherRepositoryConnector-repo.maven.apache.org-0-0] INFO  o.e.m.c.i.e.AbstractTransferListenerAdapter - Downloaded https://repo.maven.apache.org/maven2/org/seleniumhq/selenium/selenium-devtools-v114/4.11.0/selenium-devtools-v114-4.11.0.jar
2023-09-07 14:30:30,436 [AetherRepositoryConnector-repo.maven.apache.org-0-3] INFO  o.e.m.c.i.e.AbstractTransferListenerAdapter - Downloading https://repo.maven.apache.org/maven2/org/seleniumhq/selenium/selenium-devtools-v85/4.11.0/selenium-devtools-v85-4.11.0.jar
2023-09-07 14:30:30,485 [AetherRepositoryConnector-repo.maven.apache.org-0-2] INFO  o.e.m.c.i.e.AbstractTransferListenerAdapter - Downloaded https://repo.maven.apache.org/maven2/org/seleniumhq/selenium/selenium-devtools-v115/4.11.0/selenium-devtools-v115-4.11.0.jar
2023-09-07 14:30:30,526 [AetherRepositoryConnector-repo.maven.apache.org-0-4] INFO  o.e.m.c.i.e.AbstractTransferListenerAdapter - Downloaded https://repo.maven.apache.org/maven2/com/google/guava/guava/31.1-jre/guava-31.1-jre.jar
2023-09-07 14:30:30,589 [AetherRepositoryConnector-repo.maven.apache.org-0-0] INFO  o.e.m.c.i.e.AbstractTransferListenerAdapter - Downloading https://repo.maven.apache.org/maven2/org/seleniumhq/selenium/selenium-edge-driver/4.11.0/selenium-edge-driver-4.11.0.jar
2023-09-07 14:30:30,603 [AetherRepositoryConnector-repo.maven.apache.org-0-2] INFO  o.e.m.c.i.e.AbstractTransferListenerAdapter - Downloading https://repo.maven.apache.org/maven2/org/seleniumhq/selenium/selenium-firefox-driver/4.11.0/selenium-firefox-driver-4.11.0.jar
2023-09-07 14:30:30,631 [AetherRepositoryConnector-repo.maven.apache.org-0-4] INFO  o.e.m.c.i.e.AbstractTransferListenerAdapter - Downloading https://repo.maven.apache.org/maven2/org/seleniumhq/selenium/selenium-http/4.11.0/selenium-http-4.11.0.jar
2023-09-07 14:30:30,669 [AetherRepositoryConnector-repo.maven.apache.org-0-0] INFO  o.e.m.c.i.e.AbstractTransferListenerAdapter - Downloaded https://repo.maven.apache.org/maven2/org/seleniumhq/selenium/selenium-edge-driver/4.11.0/selenium-edge-driver-4.11.0.jar
2023-09-07 14:30:30,769 [AetherRepositoryConnector-repo.maven.apache.org-0-0] INFO  o.e.m.c.i.e.AbstractTransferListenerAdapter - Downloading https://repo.maven.apache.org/maven2/dev/failsafe/failsafe/3.3.1/failsafe-3.3.1.jar
2023-09-07 14:30:30,809 [AetherRepositoryConnector-repo.maven.apache.org-0-2] INFO  o.e.m.c.i.e.AbstractTransferListenerAdapter - Downloaded https://repo.maven.apache.org/maven2/org/seleniumhq/selenium/selenium-firefox-driver/4.11.0/selenium-firefox-driver-4.11.0.jar
2023-09-07 14:30:30,811 [AetherRepositoryConnector-repo.maven.apache.org-0-4] INFO  o.e.m.c.i.e.AbstractTransferListenerAdapter - Downloaded https://repo.maven.apache.org/maven2/org/seleniumhq/selenium/selenium-http/4.11.0/selenium-http-4.11.0.jar
2023-09-07 14:30:30,900 [AetherRepositoryConnector-repo.maven.apache.org-0-2] INFO  o.e.m.c.i.e.AbstractTransferListenerAdapter - Downloading https://repo.maven.apache.org/maven2/org/seleniumhq/selenium/selenium-ie-driver/4.11.0/selenium-ie-driver-4.11.0.jar
2023-09-07 14:30:30,900 [AetherRepositoryConnector-repo.maven.apache.org-0-4] INFO  o.e.m.c.i.e.AbstractTransferListenerAdapter - Downloading https://repo.maven.apache.org/maven2/org/seleniumhq/selenium/selenium-remote-driver/4.11.0/selenium-remote-driver-4.11.0.jar
2023-09-07 14:30:30,964 [AetherRepositoryConnector-repo.maven.apache.org-0-0] INFO  o.e.m.c.i.e.AbstractTransferListenerAdapter - Downloaded https://repo.maven.apache.org/maven2/dev/failsafe/failsafe/3.3.1/failsafe-3.3.1.jar
2023-09-07 14:30:30,998 [AetherRepositoryConnector-repo.maven.apache.org-0-2] INFO  o.e.m.c.i.e.AbstractTransferListenerAdapter - Downloaded https://repo.maven.apache.org/maven2/org/seleniumhq/selenium/selenium-ie-driver/4.11.0/selenium-ie-driver-4.11.0.jar
2023-09-07 14:30:31,033 [AetherRepositoryConnector-repo.maven.apache.org-0-0] INFO  o.e.m.c.i.e.AbstractTransferListenerAdapter - Downloading https://repo.maven.apache.org/maven2/io/netty/netty-buffer/4.1.92.Final/netty-buffer-4.1.92.Final.jar
2023-09-07 14:30:31,076 [AetherRepositoryConnector-repo.maven.apache.org-0-2] INFO  o.e.m.c.i.e.AbstractTransferListenerAdapter - Downloading https://repo.maven.apache.org/maven2/io/netty/netty-codec-http/4.1.92.Final/netty-codec-http-4.1.92.Final.jar
2023-09-07 14:30:32,195 [AetherRepositoryConnector-repo.maven.apache.org-0-4] INFO  o.e.m.c.i.e.AbstractTransferListenerAdapter - Downloaded https://repo.maven.apache.org/maven2/org/seleniumhq/selenium/selenium-remote-driver/4.11.0/selenium-remote-driver-4.11.0.jar
2023-09-07 14:30:32,222 [AetherRepositoryConnector-repo.maven.apache.org-0-3] INFO  o.e.m.c.i.e.AbstractTransferListenerAdapter - Downloaded https://repo.maven.apache.org/maven2/org/seleniumhq/selenium/selenium-devtools-v85/4.11.0/selenium-devtools-v85-4.11.0.jar
2023-09-07 14:30:32,288 [AetherRepositoryConnector-repo.maven.apache.org-0-0] INFO  o.e.m.c.i.e.AbstractTransferListenerAdapter - Downloaded https://repo.maven.apache.org/maven2/io/netty/netty-buffer/4.1.92.Final/netty-buffer-4.1.92.Final.jar
2023-09-07 14:30:32,333 [AetherRepositoryConnector-repo.maven.apache.org-0-4] INFO  o.e.m.c.i.e.AbstractTransferListenerAdapter - Downloading https://repo.maven.apache.org/maven2/io/netty/netty-codec/4.1.92.Final/netty-codec-4.1.92.Final.jar
2023-09-07 14:30:32,358 [AetherRepositoryConnector-repo.maven.apache.org-0-3] INFO  o.e.m.c.i.e.AbstractTransferListenerAdapter - Downloading https://repo.maven.apache.org/maven2/io/netty/netty-handler/4.1.92.Final/netty-handler-4.1.92.Final.jar
2023-09-07 14:30:32,438 [AetherRepositoryConnector-repo.maven.apache.org-0-0] INFO  o.e.m.c.i.e.AbstractTransferListenerAdapter - Downloading https://repo.maven.apache.org/maven2/io/netty/netty-common/4.1.92.Final/netty-common-4.1.92.Final.jar
2023-09-07 14:30:32,631 [AetherRepositoryConnector-repo.maven.apache.org-0-2] INFO  o.e.m.c.i.e.AbstractTransferListenerAdapter - Downloaded https://repo.maven.apache.org/maven2/io/netty/netty-codec-http/4.1.92.Final/netty-codec-http-4.1.92.Final.jar
2023-09-07 14:30:32,702 [AetherRepositoryConnector-repo.maven.apache.org-0-2] INFO  o.e.m.c.i.e.AbstractTransferListenerAdapter - Downloading https://repo.maven.apache.org/maven2/io/netty/netty-transport-classes-epoll/4.1.92.Final/netty-transport-classes-epoll-4.1.92.Final.jar
2023-09-07 14:30:32,840 [AetherRepositoryConnector-repo.maven.apache.org-0-4] INFO  o.e.m.c.i.e.AbstractTransferListenerAdapter - Downloaded https://repo.maven.apache.org/maven2/io/netty/netty-codec/4.1.92.Final/netty-codec-4.1.92.Final.jar
2023-09-07 14:30:32,996 [AetherRepositoryConnector-repo.maven.apache.org-0-2] INFO  o.e.m.c.i.e.AbstractTransferListenerAdapter - Downloaded https://repo.maven.apache.org/maven2/io/netty/netty-transport-classes-epoll/4.1.92.Final/netty-transport-classes-epoll-4.1.92.Final.jar
2023-09-07 14:30:33,008 [AetherRepositoryConnector-repo.maven.apache.org-0-4] INFO  o.e.m.c.i.e.AbstractTransferListenerAdapter - Downloading https://repo.maven.apache.org/maven2/io/netty/netty-transport-classes-kqueue/4.1.92.Final/netty-transport-classes-kqueue-4.1.92.Final.jar
2023-09-07 14:30:33,037 [AetherRepositoryConnector-repo.maven.apache.org-0-3] INFO  o.e.m.c.i.e.AbstractTransferListenerAdapter - Downloaded https://repo.maven.apache.org/maven2/io/netty/netty-handler/4.1.92.Final/netty-handler-4.1.92.Final.jar
2023-09-07 14:30:33,068 [AetherRepositoryConnector-repo.maven.apache.org-0-2] INFO  o.e.m.c.i.e.AbstractTransferListenerAdapter - Downloading https://repo.maven.apache.org/maven2/io/netty/netty-transport-native-epoll/4.1.92.Final/netty-transport-native-epoll-4.1.92.Final.jar
2023-09-07 14:30:33,128 [AetherRepositoryConnector-repo.maven.apache.org-0-3] INFO  o.e.m.c.i.e.AbstractTransferListenerAdapter - Downloading https://repo.maven.apache.org/maven2/io/netty/netty-transport-native-kqueue/4.1.92.Final/netty-transport-native-kqueue-4.1.92.Final.jar
2023-09-07 14:30:33,173 [AetherRepositoryConnector-repo.maven.apache.org-0-0] INFO  o.e.m.c.i.e.AbstractTransferListenerAdapter - Downloaded https://repo.maven.apache.org/maven2/io/netty/netty-common/4.1.92.Final/netty-common-4.1.92.Final.jar
2023-09-07 14:30:33,195 [AetherRepositoryConnector-repo.maven.apache.org-0-2] INFO  o.e.m.c.i.e.AbstractTransferListenerAdapter - Downloaded https://repo.maven.apache.org/maven2/io/netty/netty-transport-native-epoll/4.1.92.Final/netty-transport-native-epoll-4.1.92.Final.jar
2023-09-07 14:30:33,206 [AetherRepositoryConnector-repo.maven.apache.org-0-4] INFO  o.e.m.c.i.e.AbstractTransferListenerAdapter - Downloaded https://repo.maven.apache.org/maven2/io/netty/netty-transport-classes-kqueue/4.1.92.Final/netty-transport-classes-kqueue-4.1.92.Final.jar
2023-09-07 14:30:33,237 [AetherRepositoryConnector-repo.maven.apache.org-0-3] INFO  o.e.m.c.i.e.AbstractTransferListenerAdapter - Downloaded https://repo.maven.apache.org/maven2/io/netty/netty-transport-native-kqueue/4.1.92.Final/netty-transport-native-kqueue-4.1.92.Final.jar
2023-09-07 14:30:33,253 [AetherRepositoryConnector-repo.maven.apache.org-0-0] INFO  o.e.m.c.i.e.AbstractTransferListenerAdapter - Downloading https://repo.maven.apache.org/maven2/io/netty/netty-transport-native-unix-common/4.1.92.Final/netty-transport-native-unix-common-4.1.92.Final.jar
2023-09-07 14:30:33,329 [AetherRepositoryConnector-repo.maven.apache.org-0-2] INFO  o.e.m.c.i.e.AbstractTransferListenerAdapter - Downloading https://repo.maven.apache.org/maven2/io/netty/netty-transport/4.1.92.Final/netty-transport-4.1.92.Final.jar
2023-09-07 14:30:33,329 [AetherRepositoryConnector-repo.maven.apache.org-0-4] INFO  o.e.m.c.i.e.AbstractTransferListenerAdapter - Downloading https://repo.maven.apache.org/maven2/io/netty/netty-resolver/4.1.92.Final/netty-resolver-4.1.92.Final.jar
2023-09-07 14:30:33,381 [AetherRepositoryConnector-repo.maven.apache.org-0-3] INFO  o.e.m.c.i.e.AbstractTransferListenerAdapter - Downloading https://repo.maven.apache.org/maven2/io/opentelemetry/opentelemetry-api/1.26.0/opentelemetry-api-1.26.0.jar
2023-09-07 14:30:33,488 [AetherRepositoryConnector-repo.maven.apache.org-0-0] INFO  o.e.m.c.i.e.AbstractTransferListenerAdapter - Downloaded https://repo.maven.apache.org/maven2/io/netty/netty-transport-native-unix-common/4.1.92.Final/netty-transport-native-unix-common-4.1.92.Final.jar
2023-09-07 14:30:33,574 [AetherRepositoryConnector-repo.maven.apache.org-0-4] INFO  o.e.m.c.i.e.AbstractTransferListenerAdapter - Downloaded https://repo.maven.apache.org/maven2/io/netty/netty-resolver/4.1.92.Final/netty-resolver-4.1.92.Final.jar
2023-09-07 14:30:33,594 [AetherRepositoryConnector-repo.maven.apache.org-0-0] INFO  o.e.m.c.i.e.AbstractTransferListenerAdapter - Downloading https://repo.maven.apache.org/maven2/io/opentelemetry/opentelemetry-context/1.26.0/opentelemetry-context-1.26.0.jar
2023-09-07 14:30:33,669 [AetherRepositoryConnector-repo.maven.apache.org-0-4] INFO  o.e.m.c.i.e.AbstractTransferListenerAdapter - Downloading https://repo.maven.apache.org/maven2/io/opentelemetry/opentelemetry-exporter-logging/1.26.0/opentelemetry-exporter-logging-1.26.0.jar
2023-09-07 14:30:33,674 [AetherRepositoryConnector-repo.maven.apache.org-0-3] INFO  o.e.m.c.i.e.AbstractTransferListenerAdapter - Downloaded https://repo.maven.apache.org/maven2/io/opentelemetry/opentelemetry-api/1.26.0/opentelemetry-api-1.26.0.jar
2023-09-07 14:30:33,735 [AetherRepositoryConnector-repo.maven.apache.org-0-0] INFO  o.e.m.c.i.e.AbstractTransferListenerAdapter - Downloaded https://repo.maven.apache.org/maven2/io/opentelemetry/opentelemetry-context/1.26.0/opentelemetry-context-1.26.0.jar
2023-09-07 14:30:33,750 [AetherRepositoryConnector-repo.maven.apache.org-0-4] INFO  o.e.m.c.i.e.AbstractTransferListenerAdapter - Downloaded https://repo.maven.apache.org/maven2/io/opentelemetry/opentelemetry-exporter-logging/1.26.0/opentelemetry-exporter-logging-1.26.0.jar
2023-09-07 14:30:33,763 [AetherRepositoryConnector-repo.maven.apache.org-0-3] INFO  o.e.m.c.i.e.AbstractTransferListenerAdapter - Downloading https://repo.maven.apache.org/maven2/io/opentelemetry/opentelemetry-sdk-metrics/1.26.0/opentelemetry-sdk-metrics-1.26.0.jar
2023-09-07 14:30:33,811 [AetherRepositoryConnector-repo.maven.apache.org-0-2] INFO  o.e.m.c.i.e.AbstractTransferListenerAdapter - Downloaded https://repo.maven.apache.org/maven2/io/netty/netty-transport/4.1.92.Final/netty-transport-4.1.92.Final.jar
2023-09-07 14:30:33,858 [AetherRepositoryConnector-repo.maven.apache.org-0-0] INFO  o.e.m.c.i.e.AbstractTransferListenerAdapter - Downloading https://repo.maven.apache.org/maven2/io/opentelemetry/opentelemetry-extension-incubator/1.26.0-alpha/opentelemetry-extension-incubator-1.26.0-alpha.jar
2023-09-07 14:30:33,879 [AetherRepositoryConnector-repo.maven.apache.org-0-4] INFO  o.e.m.c.i.e.AbstractTransferListenerAdapter - Downloading https://repo.maven.apache.org/maven2/io/opentelemetry/opentelemetry-sdk-logs/1.26.0-alpha/opentelemetry-sdk-logs-1.26.0-alpha.jar
2023-09-07 14:30:33,882 [AetherRepositoryConnector-repo.maven.apache.org-0-2] INFO  o.e.m.c.i.e.AbstractTransferListenerAdapter - Downloading https://repo.maven.apache.org/maven2/io/opentelemetry/opentelemetry-api-logs/1.26.0-alpha/opentelemetry-api-logs-1.26.0-alpha.jar
2023-09-07 14:30:33,895 [AetherRepositoryConnector-repo.maven.apache.org-0-1] INFO  o.e.m.c.i.e.AbstractTransferListenerAdapter - Downloaded https://repo.maven.apache.org/maven2/org/seleniumhq/selenium/selenium-manager/4.11.0/selenium-manager-4.11.0.jar
2023-09-07 14:30:33,896 [AetherRepositoryConnector-repo.maven.apache.org-0-0] INFO  o.e.m.c.i.e.AbstractTransferListenerAdapter - Downloaded https://repo.maven.apache.org/maven2/io/opentelemetry/opentelemetry-extension-incubator/1.26.0-alpha/opentelemetry-extension-incubator-1.26.0-alpha.jar
2023-09-07 14:30:33,898 [AetherRepositoryConnector-repo.maven.apache.org-0-3] INFO  o.e.m.c.i.e.AbstractTransferListenerAdapter - Downloaded https://repo.maven.apache.org/maven2/io/opentelemetry/opentelemetry-sdk-metrics/1.26.0/opentelemetry-sdk-metrics-1.26.0.jar
2023-09-07 14:30:33,905 [AetherRepositoryConnector-repo.maven.apache.org-0-2] INFO  o.e.m.c.i.e.AbstractTransferListenerAdapter - Downloaded https://repo.maven.apache.org/maven2/io/opentelemetry/opentelemetry-api-logs/1.26.0-alpha/opentelemetry-api-logs-1.26.0-alpha.jar
2023-09-07 14:30:33,905 [AetherRepositoryConnector-repo.maven.apache.org-0-4] INFO  o.e.m.c.i.e.AbstractTransferListenerAdapter - Downloaded https://repo.maven.apache.org/maven2/io/opentelemetry/opentelemetry-sdk-logs/1.26.0-alpha/opentelemetry-sdk-logs-1.26.0-alpha.jar
2023-09-07 14:30:33,924 [AetherRepositoryConnector-repo.maven.apache.org-0-1] INFO  o.e.m.c.i.e.AbstractTransferListenerAdapter - Downloading https://repo.maven.apache.org/maven2/io/opentelemetry/opentelemetry-api-events/1.26.0-alpha/opentelemetry-api-events-1.26.0-alpha.jar
2023-09-07 14:30:33,924 [AetherRepositoryConnector-repo.maven.apache.org-0-0] INFO  o.e.m.c.i.e.AbstractTransferListenerAdapter - Downloading https://repo.maven.apache.org/maven2/io/opentelemetry/opentelemetry-sdk-common/1.26.0/opentelemetry-sdk-common-1.26.0.jar
2023-09-07 14:30:33,937 [AetherRepositoryConnector-repo.maven.apache.org-0-3] INFO  o.e.m.c.i.e.AbstractTransferListenerAdapter - Downloading https://repo.maven.apache.org/maven2/io/opentelemetry/opentelemetry-sdk-extension-autoconfigure-spi/1.26.0/opentelemetry-sdk-extension-autoconfigure-spi-1.26.0.jar
2023-09-07 14:30:33,937 [AetherRepositoryConnector-repo.maven.apache.org-0-2] INFO  o.e.m.c.i.e.AbstractTransferListenerAdapter - Downloading https://repo.maven.apache.org/maven2/io/opentelemetry/opentelemetry-sdk-extension-autoconfigure/1.26.0-alpha/opentelemetry-sdk-extension-autoconfigure-1.26.0-alpha.jar
2023-09-07 14:30:33,964 [AetherRepositoryConnector-repo.maven.apache.org-0-4] INFO  o.e.m.c.i.e.AbstractTransferListenerAdapter - Downloading https://repo.maven.apache.org/maven2/io/opentelemetry/opentelemetry-sdk-trace/1.26.0/opentelemetry-sdk-trace-1.26.0.jar
2023-09-07 14:30:33,988 [AetherRepositoryConnector-repo.maven.apache.org-0-1] INFO  o.e.m.c.i.e.AbstractTransferListenerAdapter - Downloaded https://repo.maven.apache.org/maven2/io/opentelemetry/opentelemetry-api-events/1.26.0-alpha/opentelemetry-api-events-1.26.0-alpha.jar
2023-09-07 14:30:33,988 [AetherRepositoryConnector-repo.maven.apache.org-0-0] INFO  o.e.m.c.i.e.AbstractTransferListenerAdapter - Downloaded https://repo.maven.apache.org/maven2/io/opentelemetry/opentelemetry-sdk-common/1.26.0/opentelemetry-sdk-common-1.26.0.jar
2023-09-07 14:30:33,988 [AetherRepositoryConnector-repo.maven.apache.org-0-3] INFO  o.e.m.c.i.e.AbstractTransferListenerAdapter - Downloaded https://repo.maven.apache.org/maven2/io/opentelemetry/opentelemetry-sdk-extension-autoconfigure-spi/1.26.0/opentelemetry-sdk-extension-autoconfigure-spi-1.26.0.jar
2023-09-07 14:30:33,996 [AetherRepositoryConnector-repo.maven.apache.org-0-2] INFO  o.e.m.c.i.e.AbstractTransferListenerAdapter - Downloaded https://repo.maven.apache.org/maven2/io/opentelemetry/opentelemetry-sdk-extension-autoconfigure/1.26.0-alpha/opentelemetry-sdk-extension-autoconfigure-1.26.0-alpha.jar
2023-09-07 14:30:34,011 [AetherRepositoryConnector-repo.maven.apache.org-0-3] INFO  o.e.m.c.i.e.AbstractTransferListenerAdapter - Downloading https://repo.maven.apache.org/maven2/net/bytebuddy/byte-buddy/1.14.4/byte-buddy-1.14.4.jar
2023-09-07 14:30:34,039 [AetherRepositoryConnector-repo.maven.apache.org-0-0] INFO  o.e.m.c.i.e.AbstractTransferListenerAdapter - Downloading https://repo.maven.apache.org/maven2/io/opentelemetry/opentelemetry-semconv/1.26.0-alpha/opentelemetry-semconv-1.26.0-alpha.jar
2023-09-07 14:30:34,063 [AetherRepositoryConnector-repo.maven.apache.org-0-1] INFO  o.e.m.c.i.e.AbstractTransferListenerAdapter - Downloading https://repo.maven.apache.org/maven2/io/opentelemetry/opentelemetry-sdk/1.26.0/opentelemetry-sdk-1.26.0.jar
2023-09-07 14:30:34,069 [AetherRepositoryConnector-repo.maven.apache.org-0-4] INFO  o.e.m.c.i.e.AbstractTransferListenerAdapter - Downloaded https://repo.maven.apache.org/maven2/io/opentelemetry/opentelemetry-sdk-trace/1.26.0/opentelemetry-sdk-trace-1.26.0.jar
2023-09-07 14:30:34,105 [AetherRepositoryConnector-repo.maven.apache.org-0-2] INFO  o.e.m.c.i.e.AbstractTransferListenerAdapter - Downloading https://repo.maven.apache.org/maven2/org/asynchttpclient/async-http-client/2.12.3/async-http-client-2.12.3.jar
2023-09-07 14:30:34,169 [AetherRepositoryConnector-repo.maven.apache.org-0-4] INFO  o.e.m.c.i.e.AbstractTransferListenerAdapter - Downloading https://repo.maven.apache.org/maven2/org/asynchttpclient/async-http-client-netty-utils/2.12.3/async-http-client-netty-utils-2.12.3.jar
2023-09-07 14:30:34,175 [AetherRepositoryConnector-repo.maven.apache.org-0-0] INFO  o.e.m.c.i.e.AbstractTransferListenerAdapter - Downloaded https://repo.maven.apache.org/maven2/io/opentelemetry/opentelemetry-semconv/1.26.0-alpha/opentelemetry-semconv-1.26.0-alpha.jar
2023-09-07 14:30:34,177 [AetherRepositoryConnector-repo.maven.apache.org-0-1] INFO  o.e.m.c.i.e.AbstractTransferListenerAdapter - Downloaded https://repo.maven.apache.org/maven2/io/opentelemetry/opentelemetry-sdk/1.26.0/opentelemetry-sdk-1.26.0.jar
2023-09-07 14:30:34,317 [AetherRepositoryConnector-repo.maven.apache.org-0-1] INFO  o.e.m.c.i.e.AbstractTransferListenerAdapter - Downloading https://repo.maven.apache.org/maven2/io/netty/netty-handler-proxy/4.1.60.Final/netty-handler-proxy-4.1.60.Final.jar
2023-09-07 14:30:34,317 [AetherRepositoryConnector-repo.maven.apache.org-0-0] INFO  o.e.m.c.i.e.AbstractTransferListenerAdapter - Downloading https://repo.maven.apache.org/maven2/io/netty/netty-codec-socks/4.1.60.Final/netty-codec-socks-4.1.60.Final.jar
2023-09-07 14:30:34,324 [AetherRepositoryConnector-repo.maven.apache.org-0-4] INFO  o.e.m.c.i.e.AbstractTransferListenerAdapter - Downloaded https://repo.maven.apache.org/maven2/org/asynchttpclient/async-http-client-netty-utils/2.12.3/async-http-client-netty-utils-2.12.3.jar
2023-09-07 14:30:34,752 [AetherRepositoryConnector-repo.maven.apache.org-0-4] INFO  o.e.m.c.i.e.AbstractTransferListenerAdapter - Downloading https://repo.maven.apache.org/maven2/io/netty/netty-transport-native-epoll/4.1.60.Final/netty-transport-native-epoll-4.1.60.Final-linux-x86_64.jar
2023-09-07 14:30:34,759 [AetherRepositoryConnector-repo.maven.apache.org-0-1] INFO  o.e.m.c.i.e.AbstractTransferListenerAdapter - Downloaded https://repo.maven.apache.org/maven2/io/netty/netty-handler-proxy/4.1.60.Final/netty-handler-proxy-4.1.60.Final.jar
2023-09-07 14:30:34,888 [AetherRepositoryConnector-repo.maven.apache.org-0-0] INFO  o.e.m.c.i.e.AbstractTransferListenerAdapter - Downloaded https://repo.maven.apache.org/maven2/io/netty/netty-codec-socks/4.1.60.Final/netty-codec-socks-4.1.60.Final.jar
2023-09-07 14:30:34,888 [AetherRepositoryConnector-repo.maven.apache.org-0-2] INFO  o.e.m.c.i.e.AbstractTransferListenerAdapter - Downloaded https://repo.maven.apache.org/maven2/org/asynchttpclient/async-http-client/2.12.3/async-http-client-2.12.3.jar
2023-09-07 14:30:35,148 [AetherRepositoryConnector-repo.maven.apache.org-0-1] INFO  o.e.m.c.i.e.AbstractTransferListenerAdapter - Downloading https://repo.maven.apache.org/maven2/io/netty/netty-transport-native-kqueue/4.1.60.Final/netty-transport-native-kqueue-4.1.60.Final-osx-x86_64.jar
2023-09-07 14:30:35,439 [AetherRepositoryConnector-repo.maven.apache.org-0-2] INFO  o.e.m.c.i.e.AbstractTransferListenerAdapter - Downloading https://repo.maven.apache.org/maven2/com/typesafe/netty/netty-reactive-streams/2.0.4/netty-reactive-streams-2.0.4.jar
2023-09-07 14:30:35,439 [AetherRepositoryConnector-repo.maven.apache.org-0-0] INFO  o.e.m.c.i.e.AbstractTransferListenerAdapter - Downloading https://repo.maven.apache.org/maven2/org/reactivestreams/reactive-streams/1.0.3/reactive-streams-1.0.3.jar
2023-09-07 14:30:35,447 [AetherRepositoryConnector-repo.maven.apache.org-0-4] INFO  o.e.m.c.i.e.AbstractTransferListenerAdapter - Downloaded https://repo.maven.apache.org/maven2/io/netty/netty-transport-native-epoll/4.1.60.Final/netty-transport-native-epoll-4.1.60.Final-linux-x86_64.jar
2023-09-07 14:30:35,611 [AetherRepositoryConnector-repo.maven.apache.org-0-4] INFO  o.e.m.c.i.e.AbstractTransferListenerAdapter - Downloading https://repo.maven.apache.org/maven2/org/slf4j/slf4j-api/1.7.30/slf4j-api-1.7.30.jar
2023-09-07 14:30:35,619 [AetherRepositoryConnector-repo.maven.apache.org-0-0] INFO  o.e.m.c.i.e.AbstractTransferListenerAdapter - Downloaded https://repo.maven.apache.org/maven2/org/reactivestreams/reactive-streams/1.0.3/reactive-streams-1.0.3.jar
2023-09-07 14:30:35,619 [AetherRepositoryConnector-repo.maven.apache.org-0-1] INFO  o.e.m.c.i.e.AbstractTransferListenerAdapter - Downloaded https://repo.maven.apache.org/maven2/io/netty/netty-transport-native-kqueue/4.1.60.Final/netty-transport-native-kqueue-4.1.60.Final-osx-x86_64.jar
2023-09-07 14:30:35,646 [AetherRepositoryConnector-repo.maven.apache.org-0-2] INFO  o.e.m.c.i.e.AbstractTransferListenerAdapter - Downloaded https://repo.maven.apache.org/maven2/com/typesafe/netty/netty-reactive-streams/2.0.4/netty-reactive-streams-2.0.4.jar
2023-09-07 14:30:35,734 [AetherRepositoryConnector-repo.maven.apache.org-0-0] INFO  o.e.m.c.i.e.AbstractTransferListenerAdapter - Downloading https://repo.maven.apache.org/maven2/com/sun/activation/jakarta.activation/1.2.2/jakarta.activation-1.2.2.jar
2023-09-07 14:30:35,765 [AetherRepositoryConnector-repo.maven.apache.org-0-1] INFO  o.e.m.c.i.e.AbstractTransferListenerAdapter - Downloading https://repo.maven.apache.org/maven2/org/seleniumhq/selenium/selenium-safari-driver/4.11.0/selenium-safari-driver-4.11.0.jar
2023-09-07 14:30:35,765 [AetherRepositoryConnector-repo.maven.apache.org-0-2] INFO  o.e.m.c.i.e.AbstractTransferListenerAdapter - Downloading https://repo.maven.apache.org/maven2/org/seleniumhq/selenium/selenium-support/4.11.0/selenium-support-4.11.0.jar
2023-09-07 14:30:35,771 [AetherRepositoryConnector-repo.maven.apache.org-0-4] INFO  o.e.m.c.i.e.AbstractTransferListenerAdapter - Downloaded https://repo.maven.apache.org/maven2/org/slf4j/slf4j-api/1.7.30/slf4j-api-1.7.30.jar
2023-09-07 14:30:35,885 [AetherRepositoryConnector-repo.maven.apache.org-0-0] INFO  o.e.m.c.i.e.AbstractTransferListenerAdapter - Downloaded https://repo.maven.apache.org/maven2/com/sun/activation/jakarta.activation/1.2.2/jakarta.activation-1.2.2.jar
2023-09-07 14:30:35,885 [AetherRepositoryConnector-repo.maven.apache.org-0-1] INFO  o.e.m.c.i.e.AbstractTransferListenerAdapter - Downloaded https://repo.maven.apache.org/maven2/org/seleniumhq/selenium/selenium-safari-driver/4.11.0/selenium-safari-driver-4.11.0.jar
2023-09-07 14:30:35,984 [AetherRepositoryConnector-repo.maven.apache.org-0-2] INFO  o.e.m.c.i.e.AbstractTransferListenerAdapter - Downloaded https://repo.maven.apache.org/maven2/org/seleniumhq/selenium/selenium-support/4.11.0/selenium-support-4.11.0.jar
2023-09-07 14:30:36,137 [AetherRepositoryConnector-repo.maven.apache.org-0-3] INFO  o.e.m.c.i.e.AbstractTransferListenerAdapter - Downloaded https://repo.maven.apache.org/maven2/net/bytebuddy/byte-buddy/1.14.4/byte-buddy-1.14.4.jar
2023-09-07 14:30:36,437 [Worker-96: Building] WARN  o.e.m.c.i.embedder.EclipseLogger - Using platform encoding (Cp1252 actually) to copy filtered resources, i.e. build is platform dependent!
2023-09-07 14:30:36,440 [Worker-96: Building] INFO  o.e.m.c.i.embedder.EclipseLogger - Copying 0 resource
2023-09-07 14:30:36,443 [Worker-96: Building] WARN  o.e.m.c.i.embedder.EclipseLogger - Using platform encoding (Cp1252 actually) to copy filtered resources, i.e. build is platform dependent!
2023-09-07 14:30:36,444 [Worker-96: Building] INFO  o.e.m.c.i.embedder.EclipseLogger - Copying 0 resource
2023-09-07 14:30:37,520 [Worker-94: Download sources and javadoc] INFO  o.e.m.c.i.e.AbstractTransferListenerAdapter - Downloading https://repo.maven.apache.org/maven2/org/seleniumhq/selenium/selenium-java/4.11.0/selenium-java-4.11.0-sources.jar
2023-09-07 14:30:37,567 [Worker-94: Download sources and javadoc] INFO  o.e.m.c.i.e.AbstractTransferListenerAdapter - Downloaded https://repo.maven.apache.org/maven2/org/seleniumhq/selenium/selenium-java/4.11.0/selenium-java-4.11.0-sources.jar
2023-09-07 14:30:37,571 [Worker-94: Download sources and javadoc] INFO  o.e.m.j.internal.DownloadSourcesJob - Downloaded sources for org.seleniumhq.selenium:selenium-java:4.11.0
2023-09-07 14:30:37,653 [Worker-94: Download sources and javadoc] INFO  o.e.m.c.i.e.AbstractTransferListenerAdapter - Downloading https://repo.maven.apache.org/maven2/org/seleniumhq/selenium/selenium-api/4.11.0/selenium-api-4.11.0-sources.jar
2023-09-07 14:30:37,714 [Worker-94: Download sources and javadoc] INFO  o.e.m.c.i.e.AbstractTransferListenerAdapter - Downloaded https://repo.maven.apache.org/maven2/org/seleniumhq/selenium/selenium-api/4.11.0/selenium-api-4.11.0-sources.jar
2023-09-07 14:30:37,717 [Worker-94: Download sources and javadoc] INFO  o.e.m.j.internal.DownloadSourcesJob - Downloaded sources for org.seleniumhq.selenium:selenium-api:4.11.0
2023-09-07 14:30:37,775 [Worker-94: Download sources and javadoc] INFO  o.e.m.c.i.e.AbstractTransferListenerAdapter - Downloading https://repo.maven.apache.org/maven2/org/seleniumhq/selenium/selenium-chrome-driver/4.11.0/selenium-chrome-driver-4.11.0-sources.jar
2023-09-07 14:30:37,799 [Worker-94: Download sources and javadoc] INFO  o.e.m.c.i.e.AbstractTransferListenerAdapter - Downloaded https://repo.maven.apache.org/maven2/org/seleniumhq/selenium/selenium-chrome-driver/4.11.0/selenium-chrome-driver-4.11.0-sources.jar
2023-09-07 14:30:37,802 [Worker-94: Download sources and javadoc] INFO  o.e.m.j.internal.DownloadSourcesJob - Downloaded sources for org.seleniumhq.selenium:selenium-chrome-driver:4.11.0
2023-09-07 14:30:37,886 [Worker-94: Download sources and javadoc] INFO  o.e.m.c.i.e.AbstractTransferListenerAdapter - Downloading https://repo.maven.apache.org/maven2/com/google/auto/service/auto-service-annotations/1.0.1/auto-service-annotations-1.0.1-sources.jar
2023-09-07 14:30:37,929 [Worker-94: Download sources and javadoc] INFO  o.e.m.c.i.e.AbstractTransferListenerAdapter - Downloaded https://repo.maven.apache.org/maven2/com/google/auto/service/auto-service-annotations/1.0.1/auto-service-annotations-1.0.1-sources.jar
2023-09-07 14:30:37,933 [Worker-94: Download sources and javadoc] INFO  o.e.m.j.internal.DownloadSourcesJob - Downloaded sources for com.google.auto.service:auto-service-annotations:1.0.1
2023-09-07 14:30:37,988 [Worker-94: Download sources and javadoc] INFO  o.e.m.c.i.e.AbstractTransferListenerAdapter - Downloading https://repo.maven.apache.org/maven2/com/google/guava/guava/31.1-jre/guava-31.1-jre-sources.jar
2023-09-07 14:30:38,334 [Worker-94: Download sources and javadoc] INFO  o.e.m.c.i.e.AbstractTransferListenerAdapter - Downloaded https://repo.maven.apache.org/maven2/com/google/guava/guava/31.1-jre/guava-31.1-jre-sources.jar
2023-09-07 14:30:38,338 [Worker-94: Download sources and javadoc] INFO  o.e.m.j.internal.DownloadSourcesJob - Downloaded sources for com.google.guava:guava:31.1-jre
2023-09-07 14:30:38,465 [Worker-94: Download sources and javadoc] INFO  o.e.m.c.i.e.AbstractTransferListenerAdapter - Downloading https://repo.maven.apache.org/maven2/com/google/guava/failureaccess/1.0.1/failureaccess-1.0.1-sources.jar
2023-09-07 14:30:38,512 [Worker-94: Download sources and javadoc] INFO  o.e.m.c.i.e.AbstractTransferListenerAdapter - Downloaded https://repo.maven.apache.org/maven2/com/google/guava/failureaccess/1.0.1/failureaccess-1.0.1-sources.jar
2023-09-07 14:30:38,514 [Worker-94: Download sources and javadoc] INFO  o.e.m.j.internal.DownloadSourcesJob - Downloaded sources for com.google.guava:failureaccess:1.0.1
2023-09-07 14:30:38,608 [Worker-94: Download sources and javadoc] INFO  o.e.m.c.i.e.AbstractTransferListenerAdapter - Downloaded https://repo.maven.apache.org/maven2/com/google/guava/listenablefuture/9999.0-empty-to-avoid-conflict-with-guava/listenablefuture-9999.0-empty-to-avoid-conflict-with-guava-sources.jar
2023-09-07 14:30:38,684 [Worker-94: Download sources and javadoc] ERROR o.e.m.j.internal.DownloadSourcesJob - Could not download sources for com.google.guava:listenablefuture:9999.0-empty-to-avoid-conflict-with-guava
org.eclipse.core.runtime.CoreException: Could not resolve artifact com.google.guava:listenablefuture:jar:sources:9999.0-empty-to-avoid-conflict-with-guava
	at org.eclipse.m2e.core.internal.embedder.MavenImpl.lambda$4(MavenImpl.java:828) ~[na:na]
	at org.eclipse.m2e.core.internal.embedder.MavenExecutionContext.executeBare(MavenExecutionContext.java:182) ~[na:na]
	at org.eclipse.m2e.core.internal.embedder.MavenExecutionContext.execute(MavenExecutionContext.java:117) ~[na:na]
	at org.eclipse.m2e.core.internal.embedder.MavenExecutionContext.execute(MavenExecutionContext.java:103) ~[na:na]
	at org.eclipse.m2e.core.internal.embedder.MavenImpl.resolve(MavenImpl.java:796) ~[na:na]
	at org.eclipse.m2e.core.internal.embedder.MavenImpl.resolve(MavenImpl.java:773) ~[na:na]
	at org.eclipse.m2e.jdt.internal.DownloadSourcesJob.download(DownloadSourcesJob.java:311) ~[na:na]
	at org.eclipse.m2e.jdt.internal.DownloadSourcesJob.downloadAttachments(DownloadSourcesJob.java:285) ~[na:na]
	at org.eclipse.m2e.jdt.internal.DownloadSourcesJob.downloadMaven(DownloadSourcesJob.java:255) ~[na:na]
	at org.eclipse.m2e.jdt.internal.DownloadSourcesJob.downloadFilesAndPopulateToUpdate(DownloadSourcesJob.java:223) ~[na:na]
	at org.eclipse.m2e.jdt.internal.DownloadSourcesJob.lambda$0(DownloadSourcesJob.java:152) ~[na:na]
	at org.eclipse.m2e.core.internal.embedder.MavenExecutionContext.executeBare(MavenExecutionContext.java:182) ~[na:na]
	at org.eclipse.m2e.core.internal.embedder.MavenExecutionContext.execute(MavenExecutionContext.java:156) ~[na:na]
	at org.eclipse.m2e.core.internal.embedder.MavenExecutionContext.execute(MavenExecutionContext.java:103) ~[na:na]
	at org.eclipse.m2e.core.internal.embedder.MavenImpl.execute(MavenImpl.java:1416) ~[na:na]
	at org.eclipse.m2e.jdt.internal.DownloadSourcesJob.run(DownloadSourcesJob.java:152) ~[na:na]
	at org.eclipse.core.internal.jobs.Worker.run(Worker.java:63) ~[org.eclipse.core.jobs_3.13.0.v20220512-1935.jar:na]
2023-09-07 14:30:38,755 [Worker-94: Download sources and javadoc] INFO  o.e.m.c.i.e.AbstractTransferListenerAdapter - Downloading https://repo.maven.apache.org/maven2/com/google/code/findbugs/jsr305/3.0.2/jsr305-3.0.2-sources.jar
2023-09-07 14:30:38,794 [Worker-94: Download sources and javadoc] INFO  o.e.m.c.i.e.AbstractTransferListenerAdapter - Downloaded https://repo.maven.apache.org/maven2/com/google/code/findbugs/jsr305/3.0.2/jsr305-3.0.2-sources.jar
2023-09-07 14:30:38,798 [Worker-94: Download sources and javadoc] INFO  o.e.m.j.internal.DownloadSourcesJob - Downloaded sources for com.google.code.findbugs:jsr305:3.0.2
2023-09-07 14:30:38,898 [Worker-94: Download sources and javadoc] INFO  o.e.m.c.i.e.AbstractTransferListenerAdapter - Downloading https://repo.maven.apache.org/maven2/org/checkerframework/checker-qual/3.12.0/checker-qual-3.12.0-sources.jar
2023-09-07 14:30:38,962 [Worker-94: Download sources and javadoc] INFO  o.e.m.c.i.e.AbstractTransferListenerAdapter - Downloaded https://repo.maven.apache.org/maven2/org/checkerframework/checker-qual/3.12.0/checker-qual-3.12.0-sources.jar
2023-09-07 14:30:38,963 [Worker-94: Download sources and javadoc] INFO  o.e.m.j.internal.DownloadSourcesJob - Downloaded sources for org.checkerframework:checker-qual:3.12.0
2023-09-07 14:30:39,020 [Worker-94: Download sources and javadoc] INFO  o.e.m.c.i.e.AbstractTransferListenerAdapter - Downloading https://repo.maven.apache.org/maven2/com/google/errorprone/error_prone_annotations/2.11.0/error_prone_annotations-2.11.0-sources.jar
2023-09-07 14:30:39,043 [Worker-94: Download sources and javadoc] INFO  o.e.m.c.i.e.AbstractTransferListenerAdapter - Downloaded https://repo.maven.apache.org/maven2/com/google/errorprone/error_prone_annotations/2.11.0/error_prone_annotations-2.11.0-sources.jar
2023-09-07 14:30:39,045 [Worker-94: Download sources and javadoc] INFO  o.e.m.j.internal.DownloadSourcesJob - Downloaded sources for com.google.errorprone:error_prone_annotations:2.11.0
2023-09-07 14:30:39,105 [Worker-94: Download sources and javadoc] INFO  o.e.m.c.i.e.AbstractTransferListenerAdapter - Downloading https://repo.maven.apache.org/maven2/com/google/j2objc/j2objc-annotations/1.3/j2objc-annotations-1.3-sources.jar
2023-09-07 14:30:39,132 [Worker-94: Download sources and javadoc] INFO  o.e.m.c.i.e.AbstractTransferListenerAdapter - Downloaded https://repo.maven.apache.org/maven2/com/google/j2objc/j2objc-annotations/1.3/j2objc-annotations-1.3-sources.jar
2023-09-07 14:30:39,135 [Worker-94: Download sources and javadoc] INFO  o.e.m.j.internal.DownloadSourcesJob - Downloaded sources for com.google.j2objc:j2objc-annotations:1.3
2023-09-07 14:30:39,203 [Worker-94: Download sources and javadoc] INFO  o.e.m.c.i.e.AbstractTransferListenerAdapter - Downloading https://repo.maven.apache.org/maven2/org/seleniumhq/selenium/selenium-chromium-driver/4.11.0/selenium-chromium-driver-4.11.0-sources.jar
2023-09-07 14:30:39,234 [Worker-94: Download sources and javadoc] INFO  o.e.m.c.i.e.AbstractTransferListenerAdapter - Downloaded https://repo.maven.apache.org/maven2/org/seleniumhq/selenium/selenium-chromium-driver/4.11.0/selenium-chromium-driver-4.11.0-sources.jar
2023-09-07 14:30:39,237 [Worker-94: Download sources and javadoc] INFO  o.e.m.j.internal.DownloadSourcesJob - Downloaded sources for org.seleniumhq.selenium:selenium-chromium-driver:4.11.0
2023-09-07 14:30:39,293 [Worker-94: Download sources and javadoc] INFO  o.e.m.c.i.e.AbstractTransferListenerAdapter - Downloading https://repo.maven.apache.org/maven2/org/seleniumhq/selenium/selenium-json/4.11.0/selenium-json-4.11.0-sources.jar
2023-09-07 14:30:39,325 [Worker-94: Download sources and javadoc] INFO  o.e.m.c.i.e.AbstractTransferListenerAdapter - Downloaded https://repo.maven.apache.org/maven2/org/seleniumhq/selenium/selenium-json/4.11.0/selenium-json-4.11.0-sources.jar
2023-09-07 14:30:39,327 [Worker-94: Download sources and javadoc] INFO  o.e.m.j.internal.DownloadSourcesJob - Downloaded sources for org.seleniumhq.selenium:selenium-json:4.11.0
2023-09-07 14:30:39,390 [Worker-94: Download sources and javadoc] INFO  o.e.m.c.i.e.AbstractTransferListenerAdapter - Downloading https://repo.maven.apache.org/maven2/org/seleniumhq/selenium/selenium-manager/4.11.0/selenium-manager-4.11.0-sources.jar
2023-09-07 14:30:39,506 [Worker-94: Download sources and javadoc] INFO  o.e.m.c.i.e.AbstractTransferListenerAdapter - Downloaded https://repo.maven.apache.org/maven2/org/seleniumhq/selenium/selenium-manager/4.11.0/selenium-manager-4.11.0-sources.jar
2023-09-07 14:30:39,509 [Worker-94: Download sources and javadoc] INFO  o.e.m.j.internal.DownloadSourcesJob - Downloaded sources for org.seleniumhq.selenium:selenium-manager:4.11.0
2023-09-07 14:30:39,653 [Worker-94: Download sources and javadoc] INFO  o.e.m.c.i.e.AbstractTransferListenerAdapter - Downloading https://repo.maven.apache.org/maven2/org/seleniumhq/selenium/selenium-devtools-v113/4.11.0/selenium-devtools-v113-4.11.0-sources.jar
2023-09-07 14:30:39,817 [Worker-94: Download sources and javadoc] INFO  o.e.m.c.i.e.AbstractTransferListenerAdapter - Downloaded https://repo.maven.apache.org/maven2/org/seleniumhq/selenium/selenium-devtools-v113/4.11.0/selenium-devtools-v113-4.11.0-sources.jar
2023-09-07 14:30:39,821 [Worker-94: Download sources and javadoc] INFO  o.e.m.j.internal.DownloadSourcesJob - Downloaded sources for org.seleniumhq.selenium:selenium-devtools-v113:4.11.0
2023-09-07 14:30:39,885 [Worker-94: Download sources and javadoc] INFO  o.e.m.c.i.e.AbstractTransferListenerAdapter - Downloading https://repo.maven.apache.org/maven2/org/seleniumhq/selenium/selenium-devtools-v114/4.11.0/selenium-devtools-v114-4.11.0-sources.jar
2023-09-07 14:30:40,100 [Worker-94: Download sources and javadoc] INFO  o.e.m.c.i.e.AbstractTransferListenerAdapter - Downloaded https://repo.maven.apache.org/maven2/org/seleniumhq/selenium/selenium-devtools-v114/4.11.0/selenium-devtools-v114-4.11.0-sources.jar
2023-09-07 14:30:40,103 [Worker-94: Download sources and javadoc] INFO  o.e.m.j.internal.DownloadSourcesJob - Downloaded sources for org.seleniumhq.selenium:selenium-devtools-v114:4.11.0
2023-09-07 14:30:40,166 [Worker-94: Download sources and javadoc] INFO  o.e.m.c.i.e.AbstractTransferListenerAdapter - Downloading https://repo.maven.apache.org/maven2/org/seleniumhq/selenium/selenium-devtools-v115/4.11.0/selenium-devtools-v115-4.11.0-sources.jar
2023-09-07 14:30:40,288 [Worker-94: Download sources and javadoc] INFO  o.e.m.c.i.e.AbstractTransferListenerAdapter - Downloaded https://repo.maven.apache.org/maven2/org/seleniumhq/selenium/selenium-devtools-v115/4.11.0/selenium-devtools-v115-4.11.0-sources.jar
2023-09-07 14:30:40,290 [Worker-94: Download sources and javadoc] INFO  o.e.m.j.internal.DownloadSourcesJob - Downloaded sources for org.seleniumhq.selenium:selenium-devtools-v115:4.11.0
2023-09-07 14:30:40,377 [Worker-94: Download sources and javadoc] INFO  o.e.m.c.i.e.AbstractTransferListenerAdapter - Downloading https://repo.maven.apache.org/maven2/org/seleniumhq/selenium/selenium-devtools-v85/4.11.0/selenium-devtools-v85-4.11.0-sources.jar
2023-09-07 14:30:40,518 [Worker-94: Download sources and javadoc] INFO  o.e.m.c.i.e.AbstractTransferListenerAdapter - Downloaded https://repo.maven.apache.org/maven2/org/seleniumhq/selenium/selenium-devtools-v85/4.11.0/selenium-devtools-v85-4.11.0-sources.jar
2023-09-07 14:30:40,522 [Worker-94: Download sources and javadoc] INFO  o.e.m.j.internal.DownloadSourcesJob - Downloaded sources for org.seleniumhq.selenium:selenium-devtools-v85:4.11.0
2023-09-07 14:30:40,579 [Worker-94: Download sources and javadoc] INFO  o.e.m.c.i.e.AbstractTransferListenerAdapter - Downloading https://repo.maven.apache.org/maven2/org/seleniumhq/selenium/selenium-edge-driver/4.11.0/selenium-edge-driver-4.11.0-sources.jar
2023-09-07 14:30:40,620 [Worker-94: Download sources and javadoc] INFO  o.e.m.c.i.e.AbstractTransferListenerAdapter - Downloaded https://repo.maven.apache.org/maven2/org/seleniumhq/selenium/selenium-edge-driver/4.11.0/selenium-edge-driver-4.11.0-sources.jar
2023-09-07 14:30:40,624 [Worker-94: Download sources and javadoc] INFO  o.e.m.j.internal.DownloadSourcesJob - Downloaded sources for org.seleniumhq.selenium:selenium-edge-driver:4.11.0
2023-09-07 14:30:40,708 [Worker-94: Download sources and javadoc] INFO  o.e.m.c.i.e.AbstractTransferListenerAdapter - Downloading https://repo.maven.apache.org/maven2/org/seleniumhq/selenium/selenium-firefox-driver/4.11.0/selenium-firefox-driver-4.11.0-sources.jar
2023-09-07 14:30:40,777 [Worker-94: Download sources and javadoc] INFO  o.e.m.c.i.e.AbstractTransferListenerAdapter - Downloaded https://repo.maven.apache.org/maven2/org/seleniumhq/selenium/selenium-firefox-driver/4.11.0/selenium-firefox-driver-4.11.0-sources.jar
2023-09-07 14:30:40,780 [Worker-94: Download sources and javadoc] INFO  o.e.m.j.internal.DownloadSourcesJob - Downloaded sources for org.seleniumhq.selenium:selenium-firefox-driver:4.11.0
2023-09-07 14:30:41,039 [Worker-94: Download sources and javadoc] INFO  o.e.m.c.i.e.AbstractTransferListenerAdapter - Downloading https://repo.maven.apache.org/maven2/org/seleniumhq/selenium/selenium-http/4.11.0/selenium-http-4.11.0-sources.jar
2023-09-07 14:30:41,114 [Worker-94: Download sources and javadoc] INFO  o.e.m.c.i.e.AbstractTransferListenerAdapter - Downloaded https://repo.maven.apache.org/maven2/org/seleniumhq/selenium/selenium-http/4.11.0/selenium-http-4.11.0-sources.jar
2023-09-07 14:30:41,117 [Worker-94: Download sources and javadoc] INFO  o.e.m.j.internal.DownloadSourcesJob - Downloaded sources for org.seleniumhq.selenium:selenium-http:4.11.0
2023-09-07 14:30:41,205 [Worker-94: Download sources and javadoc] INFO  o.e.m.c.i.e.AbstractTransferListenerAdapter - Downloading https://repo.maven.apache.org/maven2/dev/failsafe/failsafe/3.3.1/failsafe-3.3.1-sources.jar
2023-09-07 14:30:41,301 [Worker-94: Download sources and javadoc] INFO  o.e.m.c.i.e.AbstractTransferListenerAdapter - Downloaded https://repo.maven.apache.org/maven2/dev/failsafe/failsafe/3.3.1/failsafe-3.3.1-sources.jar
2023-09-07 14:30:41,303 [Worker-94: Download sources and javadoc] INFO  o.e.m.j.internal.DownloadSourcesJob - Downloaded sources for dev.failsafe:failsafe:3.3.1
2023-09-07 14:30:41,361 [Worker-94: Download sources and javadoc] INFO  o.e.m.c.i.e.AbstractTransferListenerAdapter - Downloading https://repo.maven.apache.org/maven2/org/seleniumhq/selenium/selenium-ie-driver/4.11.0/selenium-ie-driver-4.11.0-sources.jar
2023-09-07 14:30:41,404 [Worker-94: Download sources and javadoc] INFO  o.e.m.c.i.e.AbstractTransferListenerAdapter - Downloaded https://repo.maven.apache.org/maven2/org/seleniumhq/selenium/selenium-ie-driver/4.11.0/selenium-ie-driver-4.11.0-sources.jar
2023-09-07 14:30:41,407 [Worker-94: Download sources and javadoc] INFO  o.e.m.j.internal.DownloadSourcesJob - Downloaded sources for org.seleniumhq.selenium:selenium-ie-driver:4.11.0
2023-09-07 14:30:41,495 [Worker-94: Download sources and javadoc] INFO  o.e.m.c.i.e.AbstractTransferListenerAdapter - Downloading https://repo.maven.apache.org/maven2/org/seleniumhq/selenium/selenium-remote-driver/4.11.0/selenium-remote-driver-4.11.0-sources.jar
2023-09-07 14:30:41,592 [Worker-94: Download sources and javadoc] INFO  o.e.m.c.i.e.AbstractTransferListenerAdapter - Downloaded https://repo.maven.apache.org/maven2/org/seleniumhq/selenium/selenium-remote-driver/4.11.0/selenium-remote-driver-4.11.0-sources.jar
2023-09-07 14:30:41,594 [Worker-94: Download sources and javadoc] INFO  o.e.m.j.internal.DownloadSourcesJob - Downloaded sources for org.seleniumhq.selenium:selenium-remote-driver:4.11.0
2023-09-07 14:30:41,693 [Worker-94: Download sources and javadoc] INFO  o.e.m.c.i.e.AbstractTransferListenerAdapter - Downloading https://repo.maven.apache.org/maven2/io/netty/netty-buffer/4.1.92.Final/netty-buffer-4.1.92.Final-sources.jar
2023-09-07 14:30:41,810 [Worker-94: Download sources and javadoc] INFO  o.e.m.c.i.e.AbstractTransferListenerAdapter - Downloaded https://repo.maven.apache.org/maven2/io/netty/netty-buffer/4.1.92.Final/netty-buffer-4.1.92.Final-sources.jar
2023-09-07 14:30:41,813 [Worker-94: Download sources and javadoc] INFO  o.e.m.j.internal.DownloadSourcesJob - Downloaded sources for io.netty:netty-buffer:4.1.92.Final
2023-09-07 14:30:41,944 [Worker-94: Download sources and javadoc] INFO  o.e.m.c.i.e.AbstractTransferListenerAdapter - Downloading https://repo.maven.apache.org/maven2/io/netty/netty-codec-http/4.1.92.Final/netty-codec-http-4.1.92.Final-sources.jar
2023-09-07 14:30:42,295 [Worker-94: Download sources and javadoc] INFO  o.e.m.c.i.e.AbstractTransferListenerAdapter - Downloaded https://repo.maven.apache.org/maven2/io/netty/netty-codec-http/4.1.92.Final/netty-codec-http-4.1.92.Final-sources.jar
2023-09-07 14:30:42,299 [Worker-94: Download sources and javadoc] INFO  o.e.m.j.internal.DownloadSourcesJob - Downloaded sources for io.netty:netty-codec-http:4.1.92.Final
2023-09-07 14:30:42,372 [Worker-94: Download sources and javadoc] INFO  o.e.m.c.i.e.AbstractTransferListenerAdapter - Downloading https://repo.maven.apache.org/maven2/io/netty/netty-codec/4.1.92.Final/netty-codec-4.1.92.Final-sources.jar
2023-09-07 14:30:42,484 [Worker-94: Download sources and javadoc] INFO  o.e.m.c.i.e.AbstractTransferListenerAdapter - Downloaded https://repo.maven.apache.org/maven2/io/netty/netty-codec/4.1.92.Final/netty-codec-4.1.92.Final-sources.jar
2023-09-07 14:30:42,487 [Worker-94: Download sources and javadoc] INFO  o.e.m.j.internal.DownloadSourcesJob - Downloaded sources for io.netty:netty-codec:4.1.92.Final
2023-09-07 14:30:42,586 [Worker-94: Download sources and javadoc] INFO  o.e.m.c.i.e.AbstractTransferListenerAdapter - Downloading https://repo.maven.apache.org/maven2/io/netty/netty-handler/4.1.92.Final/netty-handler-4.1.92.Final-sources.jar
2023-09-07 14:30:42,784 [Worker-94: Download sources and javadoc] INFO  o.e.m.c.i.e.AbstractTransferListenerAdapter - Downloaded https://repo.maven.apache.org/maven2/io/netty/netty-handler/4.1.92.Final/netty-handler-4.1.92.Final-sources.jar
2023-09-07 14:30:42,786 [Worker-94: Download sources and javadoc] INFO  o.e.m.j.internal.DownloadSourcesJob - Downloaded sources for io.netty:netty-handler:4.1.92.Final
2023-09-07 14:30:42,884 [Worker-94: Download sources and javadoc] INFO  o.e.m.c.i.e.AbstractTransferListenerAdapter - Downloading https://repo.maven.apache.org/maven2/io/netty/netty-common/4.1.92.Final/netty-common-4.1.92.Final-sources.jar
2023-09-07 14:30:43,069 [Worker-94: Download sources and javadoc] INFO  o.e.m.c.i.e.AbstractTransferListenerAdapter - Downloaded https://repo.maven.apache.org/maven2/io/netty/netty-common/4.1.92.Final/netty-common-4.1.92.Final-sources.jar
2023-09-07 14:30:43,071 [Worker-94: Download sources and javadoc] INFO  o.e.m.j.internal.DownloadSourcesJob - Downloaded sources for io.netty:netty-common:4.1.92.Final
2023-09-07 14:30:43,170 [Worker-94: Download sources and javadoc] INFO  o.e.m.c.i.e.AbstractTransferListenerAdapter - Downloading https://repo.maven.apache.org/maven2/io/netty/netty-transport-classes-epoll/4.1.92.Final/netty-transport-classes-epoll-4.1.92.Final-sources.jar
2023-09-07 14:30:43,225 [Worker-94: Download sources and javadoc] INFO  o.e.m.c.i.e.AbstractTransferListenerAdapter - Downloaded https://repo.maven.apache.org/maven2/io/netty/netty-transport-classes-epoll/4.1.92.Final/netty-transport-classes-epoll-4.1.92.Final-sources.jar
2023-09-07 14:30:43,228 [Worker-94: Download sources and javadoc] INFO  o.e.m.j.internal.DownloadSourcesJob - Downloaded sources for io.netty:netty-transport-classes-epoll:4.1.92.Final
2023-09-07 14:30:43,301 [Worker-94: Download sources and javadoc] INFO  o.e.m.c.i.e.AbstractTransferListenerAdapter - Downloading https://repo.maven.apache.org/maven2/io/netty/netty-transport-classes-kqueue/4.1.92.Final/netty-transport-classes-kqueue-4.1.92.Final-sources.jar
2023-09-07 14:30:43,438 [Worker-94: Download sources and javadoc] INFO  o.e.m.c.i.e.AbstractTransferListenerAdapter - Downloaded https://repo.maven.apache.org/maven2/io/netty/netty-transport-classes-kqueue/4.1.92.Final/netty-transport-classes-kqueue-4.1.92.Final-sources.jar
2023-09-07 14:30:43,441 [Worker-94: Download sources and javadoc] INFO  o.e.m.j.internal.DownloadSourcesJob - Downloaded sources for io.netty:netty-transport-classes-kqueue:4.1.92.Final
2023-09-07 14:30:43,499 [Worker-94: Download sources and javadoc] INFO  o.e.m.c.i.e.AbstractTransferListenerAdapter - Downloading https://repo.maven.apache.org/maven2/io/netty/netty-transport-native-epoll/4.1.92.Final/netty-transport-native-epoll-4.1.92.Final-sources.jar
2023-09-07 14:30:43,527 [Worker-94: Download sources and javadoc] INFO  o.e.m.c.i.e.AbstractTransferListenerAdapter - Downloaded https://repo.maven.apache.org/maven2/io/netty/netty-transport-native-epoll/4.1.92.Final/netty-transport-native-epoll-4.1.92.Final-sources.jar
2023-09-07 14:30:43,530 [Worker-94: Download sources and javadoc] INFO  o.e.m.j.internal.DownloadSourcesJob - Downloaded sources for io.netty:netty-transport-native-epoll:4.1.92.Final
2023-09-07 14:30:43,653 [Worker-94: Download sources and javadoc] INFO  o.e.m.c.i.e.AbstractTransferListenerAdapter - Downloading https://repo.maven.apache.org/maven2/io/netty/netty-transport-native-kqueue/4.1.92.Final/netty-transport-native-kqueue-4.1.92.Final-sources.jar
2023-09-07 14:30:43,676 [Worker-94: Download sources and javadoc] INFO  o.e.m.c.i.e.AbstractTransferListenerAdapter - Downloaded https://repo.maven.apache.org/maven2/io/netty/netty-transport-native-kqueue/4.1.92.Final/netty-transport-native-kqueue-4.1.92.Final-sources.jar
2023-09-07 14:30:43,678 [Worker-94: Download sources and javadoc] INFO  o.e.m.j.internal.DownloadSourcesJob - Downloaded sources for io.netty:netty-transport-native-kqueue:4.1.92.Final
2023-09-07 14:30:43,749 [Worker-94: Download sources and javadoc] INFO  o.e.m.c.i.e.AbstractTransferListenerAdapter - Downloading https://repo.maven.apache.org/maven2/io/netty/netty-transport-native-unix-common/4.1.92.Final/netty-transport-native-unix-common-4.1.92.Final-sources.jar
2023-09-07 14:30:43,783 [Worker-94: Download sources and javadoc] INFO  o.e.m.c.i.e.AbstractTransferListenerAdapter - Downloaded https://repo.maven.apache.org/maven2/io/netty/netty-transport-native-unix-common/4.1.92.Final/netty-transport-native-unix-common-4.1.92.Final-sources.jar
2023-09-07 14:30:43,785 [Worker-94: Download sources and javadoc] INFO  o.e.m.j.internal.DownloadSourcesJob - Downloaded sources for io.netty:netty-transport-native-unix-common:4.1.92.Final
2023-09-07 14:30:43,879 [Worker-94: Download sources and javadoc] INFO  o.e.m.c.i.e.AbstractTransferListenerAdapter - Downloading https://repo.maven.apache.org/maven2/io/netty/netty-transport/4.1.92.Final/netty-transport-4.1.92.Final-sources.jar
2023-09-07 14:30:43,963 [Worker-94: Download sources and javadoc] INFO  o.e.m.c.i.e.AbstractTransferListenerAdapter - Downloaded https://repo.maven.apache.org/maven2/io/netty/netty-transport/4.1.92.Final/netty-transport-4.1.92.Final-sources.jar
2023-09-07 14:30:43,966 [Worker-94: Download sources and javadoc] INFO  o.e.m.j.internal.DownloadSourcesJob - Downloaded sources for io.netty:netty-transport:4.1.92.Final
2023-09-07 14:30:44,031 [Worker-94: Download sources and javadoc] INFO  o.e.m.c.i.e.AbstractTransferListenerAdapter - Downloading https://repo.maven.apache.org/maven2/io/netty/netty-resolver/4.1.92.Final/netty-resolver-4.1.92.Final-sources.jar
2023-09-07 14:30:44,094 [Worker-94: Download sources and javadoc] INFO  o.e.m.c.i.e.AbstractTransferListenerAdapter - Downloaded https://repo.maven.apache.org/maven2/io/netty/netty-resolver/4.1.92.Final/netty-resolver-4.1.92.Final-sources.jar
2023-09-07 14:30:44,096 [Worker-94: Download sources and javadoc] INFO  o.e.m.j.internal.DownloadSourcesJob - Downloaded sources for io.netty:netty-resolver:4.1.92.Final
2023-09-07 14:30:44,149 [Worker-94: Download sources and javadoc] INFO  o.e.m.c.i.e.AbstractTransferListenerAdapter - Downloading https://repo.maven.apache.org/maven2/io/opentelemetry/opentelemetry-api/1.26.0/opentelemetry-api-1.26.0-sources.jar
2023-09-07 14:30:44,220 [Worker-94: Download sources and javadoc] INFO  o.e.m.c.i.e.AbstractTransferListenerAdapter - Downloaded https://repo.maven.apache.org/maven2/io/opentelemetry/opentelemetry-api/1.26.0/opentelemetry-api-1.26.0-sources.jar
2023-09-07 14:30:44,222 [Worker-94: Download sources and javadoc] INFO  o.e.m.j.internal.DownloadSourcesJob - Downloaded sources for io.opentelemetry:opentelemetry-api:1.26.0
2023-09-07 14:30:44,335 [Worker-94: Download sources and javadoc] INFO  o.e.m.c.i.e.AbstractTransferListenerAdapter - Downloading https://repo.maven.apache.org/maven2/io/opentelemetry/opentelemetry-context/1.26.0/opentelemetry-context-1.26.0-sources.jar
2023-09-07 14:30:44,367 [Worker-94: Download sources and javadoc] INFO  o.e.m.c.i.e.AbstractTransferListenerAdapter - Downloaded https://repo.maven.apache.org/maven2/io/opentelemetry/opentelemetry-context/1.26.0/opentelemetry-context-1.26.0-sources.jar
2023-09-07 14:30:44,370 [Worker-94: Download sources and javadoc] INFO  o.e.m.j.internal.DownloadSourcesJob - Downloaded sources for io.opentelemetry:opentelemetry-context:1.26.0
2023-09-07 14:30:44,512 [Worker-94: Download sources and javadoc] INFO  o.e.m.c.i.e.AbstractTransferListenerAdapter - Downloading https://repo.maven.apache.org/maven2/io/opentelemetry/opentelemetry-exporter-logging/1.26.0/opentelemetry-exporter-logging-1.26.0-sources.jar
2023-09-07 14:30:44,551 [Worker-94: Download sources and javadoc] INFO  o.e.m.c.i.e.AbstractTransferListenerAdapter - Downloaded https://repo.maven.apache.org/maven2/io/opentelemetry/opentelemetry-exporter-logging/1.26.0/opentelemetry-exporter-logging-1.26.0-sources.jar
2023-09-07 14:30:44,554 [Worker-94: Download sources and javadoc] INFO  o.e.m.j.internal.DownloadSourcesJob - Downloaded sources for io.opentelemetry:opentelemetry-exporter-logging:1.26.0
2023-09-07 14:30:44,644 [Worker-94: Download sources and javadoc] INFO  o.e.m.c.i.e.AbstractTransferListenerAdapter - Downloading https://repo.maven.apache.org/maven2/io/opentelemetry/opentelemetry-sdk-metrics/1.26.0/opentelemetry-sdk-metrics-1.26.0-sources.jar
2023-09-07 14:30:44,694 [Worker-94: Download sources and javadoc] INFO  o.e.m.c.i.e.AbstractTransferListenerAdapter - Downloaded https://repo.maven.apache.org/maven2/io/opentelemetry/opentelemetry-sdk-metrics/1.26.0/opentelemetry-sdk-metrics-1.26.0-sources.jar
2023-09-07 14:30:44,696 [Worker-94: Download sources and javadoc] INFO  o.e.m.j.internal.DownloadSourcesJob - Downloaded sources for io.opentelemetry:opentelemetry-sdk-metrics:1.26.0
2023-09-07 14:30:44,830 [Worker-94: Download sources and javadoc] INFO  o.e.m.c.i.e.AbstractTransferListenerAdapter - Downloading https://repo.maven.apache.org/maven2/io/opentelemetry/opentelemetry-extension-incubator/1.26.0-alpha/opentelemetry-extension-incubator-1.26.0-alpha-sources.jar
2023-09-07 14:30:44,862 [Worker-94: Download sources and javadoc] INFO  o.e.m.c.i.e.AbstractTransferListenerAdapter - Downloaded https://repo.maven.apache.org/maven2/io/opentelemetry/opentelemetry-extension-incubator/1.26.0-alpha/opentelemetry-extension-incubator-1.26.0-alpha-sources.jar
2023-09-07 14:30:44,865 [Worker-94: Download sources and javadoc] INFO  o.e.m.j.internal.DownloadSourcesJob - Downloaded sources for io.opentelemetry:opentelemetry-extension-incubator:1.26.0-alpha
2023-09-07 14:30:44,974 [Worker-94: Download sources and javadoc] INFO  o.e.m.c.i.e.AbstractTransferListenerAdapter - Downloading https://repo.maven.apache.org/maven2/io/opentelemetry/opentelemetry-sdk-logs/1.26.0-alpha/opentelemetry-sdk-logs-1.26.0-alpha-sources.jar
2023-09-07 14:30:45,007 [Worker-94: Download sources and javadoc] INFO  o.e.m.c.i.e.AbstractTransferListenerAdapter - Downloaded https://repo.maven.apache.org/maven2/io/opentelemetry/opentelemetry-sdk-logs/1.26.0-alpha/opentelemetry-sdk-logs-1.26.0-alpha-sources.jar
2023-09-07 14:30:45,009 [Worker-94: Download sources and javadoc] INFO  o.e.m.j.internal.DownloadSourcesJob - Downloaded sources for io.opentelemetry:opentelemetry-sdk-logs:1.26.0-alpha
2023-09-07 14:30:45,133 [Worker-94: Download sources and javadoc] INFO  o.e.m.c.i.e.AbstractTransferListenerAdapter - Downloading https://repo.maven.apache.org/maven2/io/opentelemetry/opentelemetry-api-logs/1.26.0-alpha/opentelemetry-api-logs-1.26.0-alpha-sources.jar
2023-09-07 14:30:45,194 [Worker-94: Download sources and javadoc] INFO  o.e.m.c.i.e.AbstractTransferListenerAdapter - Downloaded https://repo.maven.apache.org/maven2/io/opentelemetry/opentelemetry-api-logs/1.26.0-alpha/opentelemetry-api-logs-1.26.0-alpha-sources.jar
2023-09-07 14:30:45,197 [Worker-94: Download sources and javadoc] INFO  o.e.m.j.internal.DownloadSourcesJob - Downloaded sources for io.opentelemetry:opentelemetry-api-logs:1.26.0-alpha
2023-09-07 14:30:45,317 [Worker-94: Download sources and javadoc] INFO  o.e.m.c.i.e.AbstractTransferListenerAdapter - Downloading https://repo.maven.apache.org/maven2/io/opentelemetry/opentelemetry-api-events/1.26.0-alpha/opentelemetry-api-events-1.26.0-alpha-sources.jar
2023-09-07 14:30:45,338 [Worker-94: Download sources and javadoc] INFO  o.e.m.c.i.e.AbstractTransferListenerAdapter - Downloaded https://repo.maven.apache.org/maven2/io/opentelemetry/opentelemetry-api-events/1.26.0-alpha/opentelemetry-api-events-1.26.0-alpha-sources.jar
2023-09-07 14:30:45,340 [Worker-94: Download sources and javadoc] INFO  o.e.m.j.internal.DownloadSourcesJob - Downloaded sources for io.opentelemetry:opentelemetry-api-events:1.26.0-alpha
2023-09-07 14:30:45,422 [Worker-94: Download sources and javadoc] INFO  o.e.m.c.i.e.AbstractTransferListenerAdapter - Downloading https://repo.maven.apache.org/maven2/io/opentelemetry/opentelemetry-sdk-common/1.26.0/opentelemetry-sdk-common-1.26.0-sources.jar
2023-09-07 14:30:45,462 [Worker-94: Download sources and javadoc] INFO  o.e.m.c.i.e.AbstractTransferListenerAdapter - Downloaded https://repo.maven.apache.org/maven2/io/opentelemetry/opentelemetry-sdk-common/1.26.0/opentelemetry-sdk-common-1.26.0-sources.jar
2023-09-07 14:30:45,464 [Worker-94: Download sources and javadoc] INFO  o.e.m.j.internal.DownloadSourcesJob - Downloaded sources for io.opentelemetry:opentelemetry-sdk-common:1.26.0
2023-09-07 14:30:45,584 [Worker-94: Download sources and javadoc] INFO  o.e.m.c.i.e.AbstractTransferListenerAdapter - Downloading https://repo.maven.apache.org/maven2/io/opentelemetry/opentelemetry-sdk-extension-autoconfigure-spi/1.26.0/opentelemetry-sdk-extension-autoconfigure-spi-1.26.0-sources.jar
2023-09-07 14:30:45,646 [Worker-94: Download sources and javadoc] INFO  o.e.m.c.i.e.AbstractTransferListenerAdapter - Downloaded https://repo.maven.apache.org/maven2/io/opentelemetry/opentelemetry-sdk-extension-autoconfigure-spi/1.26.0/opentelemetry-sdk-extension-autoconfigure-spi-1.26.0-sources.jar
2023-09-07 14:30:45,650 [Worker-94: Download sources and javadoc] INFO  o.e.m.j.internal.DownloadSourcesJob - Downloaded sources for io.opentelemetry:opentelemetry-sdk-extension-autoconfigure-spi:1.26.0
2023-09-07 14:30:45,723 [Worker-94: Download sources and javadoc] INFO  o.e.m.c.i.e.AbstractTransferListenerAdapter - Downloading https://repo.maven.apache.org/maven2/io/opentelemetry/opentelemetry-sdk-extension-autoconfigure/1.26.0-alpha/opentelemetry-sdk-extension-autoconfigure-1.26.0-alpha-sources.jar
2023-09-07 14:30:45,783 [Worker-94: Download sources and javadoc] INFO  o.e.m.c.i.e.AbstractTransferListenerAdapter - Downloaded https://repo.maven.apache.org/maven2/io/opentelemetry/opentelemetry-sdk-extension-autoconfigure/1.26.0-alpha/opentelemetry-sdk-extension-autoconfigure-1.26.0-alpha-sources.jar
2023-09-07 14:30:45,785 [Worker-94: Download sources and javadoc] INFO  o.e.m.j.internal.DownloadSourcesJob - Downloaded sources for io.opentelemetry:opentelemetry-sdk-extension-autoconfigure:1.26.0-alpha
2023-09-07 14:30:45,890 [Worker-94: Download sources and javadoc] INFO  o.e.m.c.i.e.AbstractTransferListenerAdapter - Downloading https://repo.maven.apache.org/maven2/io/opentelemetry/opentelemetry-sdk-trace/1.26.0/opentelemetry-sdk-trace-1.26.0-sources.jar
2023-09-07 14:30:45,923 [Worker-94: Download sources and javadoc] INFO  o.e.m.c.i.e.AbstractTransferListenerAdapter - Downloaded https://repo.maven.apache.org/maven2/io/opentelemetry/opentelemetry-sdk-trace/1.26.0/opentelemetry-sdk-trace-1.26.0-sources.jar
2023-09-07 14:30:45,925 [Worker-94: Download sources and javadoc] INFO  o.e.m.j.internal.DownloadSourcesJob - Downloaded sources for io.opentelemetry:opentelemetry-sdk-trace:1.26.0
2023-09-07 14:30:46,027 [Worker-94: Download sources and javadoc] INFO  o.e.m.c.i.e.AbstractTransferListenerAdapter - Downloading https://repo.maven.apache.org/maven2/io/opentelemetry/opentelemetry-sdk/1.26.0/opentelemetry-sdk-1.26.0-sources.jar
2023-09-07 14:30:46,059 [Worker-94: Download sources and javadoc] INFO  o.e.m.c.i.e.AbstractTransferListenerAdapter - Downloaded https://repo.maven.apache.org/maven2/io/opentelemetry/opentelemetry-sdk/1.26.0/opentelemetry-sdk-1.26.0-sources.jar
2023-09-07 14:30:46,061 [Worker-94: Download sources and javadoc] INFO  o.e.m.j.internal.DownloadSourcesJob - Downloaded sources for io.opentelemetry:opentelemetry-sdk:1.26.0
2023-09-07 14:30:46,117 [Worker-94: Download sources and javadoc] INFO  o.e.m.c.i.e.AbstractTransferListenerAdapter - Downloading https://repo.maven.apache.org/maven2/io/opentelemetry/opentelemetry-semconv/1.26.0-alpha/opentelemetry-semconv-1.26.0-alpha-sources.jar
2023-09-07 14:30:46,133 [Worker-94: Download sources and javadoc] INFO  o.e.m.c.i.e.AbstractTransferListenerAdapter - Downloaded https://repo.maven.apache.org/maven2/io/opentelemetry/opentelemetry-semconv/1.26.0-alpha/opentelemetry-semconv-1.26.0-alpha-sources.jar
2023-09-07 14:30:46,135 [Worker-94: Download sources and javadoc] INFO  o.e.m.j.internal.DownloadSourcesJob - Downloaded sources for io.opentelemetry:opentelemetry-semconv:1.26.0-alpha
2023-09-07 14:30:46,252 [Worker-94: Download sources and javadoc] INFO  o.e.m.c.i.e.AbstractTransferListenerAdapter - Downloading https://repo.maven.apache.org/maven2/net/bytebuddy/byte-buddy/1.14.4/byte-buddy-1.14.4-sources.jar
2023-09-07 14:30:46,615 [Worker-94: Download sources and javadoc] INFO  o.e.m.c.i.e.AbstractTransferListenerAdapter - Downloaded https://repo.maven.apache.org/maven2/net/bytebuddy/byte-buddy/1.14.4/byte-buddy-1.14.4-sources.jar
2023-09-07 14:30:46,617 [Worker-94: Download sources and javadoc] INFO  o.e.m.j.internal.DownloadSourcesJob - Downloaded sources for net.bytebuddy:byte-buddy:1.14.4
2023-09-07 14:30:46,675 [Worker-94: Download sources and javadoc] INFO  o.e.m.c.i.e.AbstractTransferListenerAdapter - Downloading https://repo.maven.apache.org/maven2/org/asynchttpclient/async-http-client/2.12.3/async-http-client-2.12.3-sources.jar
2023-09-07 14:30:46,857 [Worker-94: Download sources and javadoc] INFO  o.e.m.c.i.e.AbstractTransferListenerAdapter - Downloaded https://repo.maven.apache.org/maven2/org/asynchttpclient/async-http-client/2.12.3/async-http-client-2.12.3-sources.jar
2023-09-07 14:30:46,859 [Worker-94: Download sources and javadoc] INFO  o.e.m.j.internal.DownloadSourcesJob - Downloaded sources for org.asynchttpclient:async-http-client:2.12.3
2023-09-07 14:30:46,938 [Worker-94: Download sources and javadoc] INFO  o.e.m.c.i.e.AbstractTransferListenerAdapter - Downloading https://repo.maven.apache.org/maven2/org/asynchttpclient/async-http-client-netty-utils/2.12.3/async-http-client-netty-utils-2.12.3-sources.jar
2023-09-07 14:30:46,966 [Worker-94: Download sources and javadoc] INFO  o.e.m.c.i.e.AbstractTransferListenerAdapter - Downloaded https://repo.maven.apache.org/maven2/org/asynchttpclient/async-http-client-netty-utils/2.12.3/async-http-client-netty-utils-2.12.3-sources.jar
2023-09-07 14:30:46,969 [Worker-94: Download sources and javadoc] INFO  o.e.m.j.internal.DownloadSourcesJob - Downloaded sources for org.asynchttpclient:async-http-client-netty-utils:2.12.3
2023-09-07 14:30:47,109 [Worker-94: Download sources and javadoc] INFO  o.e.m.c.i.e.AbstractTransferListenerAdapter - Downloading https://repo.maven.apache.org/maven2/io/netty/netty-codec-socks/4.1.60.Final/netty-codec-socks-4.1.60.Final-sources.jar
2023-09-07 14:30:47,157 [Worker-94: Download sources and javadoc] INFO  o.e.m.c.i.e.AbstractTransferListenerAdapter - Downloaded https://repo.maven.apache.org/maven2/io/netty/netty-codec-socks/4.1.60.Final/netty-codec-socks-4.1.60.Final-sources.jar
2023-09-07 14:30:47,160 [Worker-94: Download sources and javadoc] INFO  o.e.m.j.internal.DownloadSourcesJob - Downloaded sources for io.netty:netty-codec-socks:4.1.60.Final
2023-09-07 14:30:47,347 [Worker-94: Download sources and javadoc] INFO  o.e.m.c.i.e.AbstractTransferListenerAdapter - Downloading https://repo.maven.apache.org/maven2/io/netty/netty-handler-proxy/4.1.60.Final/netty-handler-proxy-4.1.60.Final-sources.jar
2023-09-07 14:30:47,450 [Worker-94: Download sources and javadoc] INFO  o.e.m.c.i.e.AbstractTransferListenerAdapter - Downloaded https://repo.maven.apache.org/maven2/io/netty/netty-handler-proxy/4.1.60.Final/netty-handler-proxy-4.1.60.Final-sources.jar
2023-09-07 14:30:47,453 [Worker-94: Download sources and javadoc] INFO  o.e.m.j.internal.DownloadSourcesJob - Downloaded sources for io.netty:netty-handler-proxy:4.1.60.Final
2023-09-07 14:30:47,533 [Worker-94: Download sources and javadoc] INFO  o.e.m.c.i.e.AbstractTransferListenerAdapter - Downloading https://repo.maven.apache.org/maven2/io/netty/netty-transport-native-epoll/4.1.60.Final/netty-transport-native-epoll-4.1.60.Final-sources.jar
2023-09-07 14:30:47,596 [Worker-94: Download sources and javadoc] INFO  o.e.m.c.i.e.AbstractTransferListenerAdapter - Downloaded https://repo.maven.apache.org/maven2/io/netty/netty-transport-native-epoll/4.1.60.Final/netty-transport-native-epoll-4.1.60.Final-sources.jar
2023-09-07 14:30:47,599 [Worker-94: Download sources and javadoc] INFO  o.e.m.j.internal.DownloadSourcesJob - Downloaded sources for io.netty:netty-transport-native-epoll:4.1.60.Final:linux-x86_64
2023-09-07 14:30:47,738 [Worker-94: Download sources and javadoc] INFO  o.e.m.c.i.e.AbstractTransferListenerAdapter - Downloading https://repo.maven.apache.org/maven2/io/netty/netty-transport-native-kqueue/4.1.60.Final/netty-transport-native-kqueue-4.1.60.Final-sources.jar
2023-09-07 14:30:47,873 [Worker-94: Download sources and javadoc] INFO  o.e.m.c.i.e.AbstractTransferListenerAdapter - Downloaded https://repo.maven.apache.org/maven2/io/netty/netty-transport-native-kqueue/4.1.60.Final/netty-transport-native-kqueue-4.1.60.Final-sources.jar
2023-09-07 14:30:47,876 [Worker-94: Download sources and javadoc] INFO  o.e.m.j.internal.DownloadSourcesJob - Downloaded sources for io.netty:netty-transport-native-kqueue:4.1.60.Final:osx-x86_64
2023-09-07 14:30:48,066 [Worker-94: Download sources and javadoc] INFO  o.e.m.c.i.e.AbstractTransferListenerAdapter - Downloading https://repo.maven.apache.org/maven2/org/reactivestreams/reactive-streams/1.0.3/reactive-streams-1.0.3-sources.jar
2023-09-07 14:30:48,140 [Worker-94: Download sources and javadoc] INFO  o.e.m.c.i.e.AbstractTransferListenerAdapter - Downloaded https://repo.maven.apache.org/maven2/org/reactivestreams/reactive-streams/1.0.3/reactive-streams-1.0.3-sources.jar
2023-09-07 14:30:48,142 [Worker-94: Download sources and javadoc] INFO  o.e.m.j.internal.DownloadSourcesJob - Downloaded sources for org.reactivestreams:reactive-streams:1.0.3
2023-09-07 14:30:48,347 [Worker-94: Download sources and javadoc] INFO  o.e.m.c.i.e.AbstractTransferListenerAdapter - Downloading https://repo.maven.apache.org/maven2/com/typesafe/netty/netty-reactive-streams/2.0.4/netty-reactive-streams-2.0.4-sources.jar
2023-09-07 14:30:48,385 [Worker-94: Download sources and javadoc] INFO  o.e.m.c.i.e.AbstractTransferListenerAdapter - Downloaded https://repo.maven.apache.org/maven2/com/typesafe/netty/netty-reactive-streams/2.0.4/netty-reactive-streams-2.0.4-sources.jar
2023-09-07 14:30:48,387 [Worker-94: Download sources and javadoc] INFO  o.e.m.j.internal.DownloadSourcesJob - Downloaded sources for com.typesafe.netty:netty-reactive-streams:2.0.4
2023-09-07 14:30:48,695 [Worker-94: Download sources and javadoc] INFO  o.e.m.c.i.e.AbstractTransferListenerAdapter - Downloading https://repo.maven.apache.org/maven2/org/slf4j/slf4j-api/1.7.30/slf4j-api-1.7.30-sources.jar
2023-09-07 14:30:48,849 [Worker-94: Download sources and javadoc] INFO  o.e.m.c.i.e.AbstractTransferListenerAdapter - Downloaded https://repo.maven.apache.org/maven2/org/slf4j/slf4j-api/1.7.30/slf4j-api-1.7.30-sources.jar
2023-09-07 14:30:48,852 [Worker-94: Download sources and javadoc] INFO  o.e.m.j.internal.DownloadSourcesJob - Downloaded sources for org.slf4j:slf4j-api:1.7.30
2023-09-07 14:30:49,017 [Worker-94: Download sources and javadoc] INFO  o.e.m.c.i.e.AbstractTransferListenerAdapter - Downloading https://repo.maven.apache.org/maven2/com/sun/activation/jakarta.activation/1.2.2/jakarta.activation-1.2.2-sources.jar
2023-09-07 14:30:49,167 [Worker-94: Download sources and javadoc] INFO  o.e.m.c.i.e.AbstractTransferListenerAdapter - Downloaded https://repo.maven.apache.org/maven2/com/sun/activation/jakarta.activation/1.2.2/jakarta.activation-1.2.2-sources.jar
2023-09-07 14:30:49,171 [Worker-94: Download sources and javadoc] INFO  o.e.m.j.internal.DownloadSourcesJob - Downloaded sources for com.sun.activation:jakarta.activation:1.2.2
2023-09-07 14:30:49,255 [Worker-94: Download sources and javadoc] INFO  o.e.m.c.i.e.AbstractTransferListenerAdapter - Downloading https://repo.maven.apache.org/maven2/org/seleniumhq/selenium/selenium-safari-driver/4.11.0/selenium-safari-driver-4.11.0-sources.jar
2023-09-07 14:30:49,280 [Worker-94: Download sources and javadoc] INFO  o.e.m.c.i.e.AbstractTransferListenerAdapter - Downloaded https://repo.maven.apache.org/maven2/org/seleniumhq/selenium/selenium-safari-driver/4.11.0/selenium-safari-driver-4.11.0-sources.jar
2023-09-07 14:30:49,284 [Worker-94: Download sources and javadoc] INFO  o.e.m.j.internal.DownloadSourcesJob - Downloaded sources for org.seleniumhq.selenium:selenium-safari-driver:4.11.0
2023-09-07 14:30:49,370 [Worker-94: Download sources and javadoc] INFO  o.e.m.c.i.e.AbstractTransferListenerAdapter - Downloading https://repo.maven.apache.org/maven2/org/seleniumhq/selenium/selenium-support/4.11.0/selenium-support-4.11.0-sources.jar
2023-09-07 14:30:49,444 [Worker-94: Download sources and javadoc] INFO  o.e.m.c.i.e.AbstractTransferListenerAdapter - Downloaded https://repo.maven.apache.org/maven2/org/seleniumhq/selenium/selenium-support/4.11.0/selenium-support-4.11.0-sources.jar
2023-09-07 14:30:49,448 [Worker-94: Download sources and javadoc] INFO  o.e.m.j.internal.DownloadSourcesJob - Downloaded sources for org.seleniumhq.selenium:selenium-support:4.11.0
2023-09-07 14:30:49,721 [Worker-96: Building] WARN  o.e.m.c.i.embedder.EclipseLogger - Using platform encoding (Cp1252 actually) to copy filtered resources, i.e. build is platform dependent!
2023-09-07 14:30:49,723 [Worker-96: Building] INFO  o.e.m.c.i.embedder.EclipseLogger - Copying 0 resource
2023-09-07 14:30:49,724 [Worker-96: Building] WARN  o.e.m.c.i.embedder.EclipseLogger - Using platform encoding (Cp1252 actually) to copy filtered resources, i.e. build is platform dependent!
2023-09-07 14:30:49,725 [Worker-96: Building] INFO  o.e.m.c.i.embedder.EclipseLogger - Copying 0 resource
2023-09-07 14:34:33,977 [Worker-100: Building] INFO  o.e.m.c.i.l.LifecycleMappingFactory - Using org.eclipse.m2e.jdt.JarLifecycleMapping lifecycle mapping for MavenProject: TestGroupID:TestArtifactID:0.0.1-SNAPSHOT @ C:\Users\2155644\eclipse-workspace\SeleniumAutomation\TestArtifactID\pom.xml.
2023-09-07 14:34:34,272 [Worker-100: Building] WARN  o.e.m.c.i.embedder.EclipseLogger - Using platform encoding (Cp1252 actually) to copy filtered resources, i.e. build is platform dependent!
2023-09-07 14:34:34,275 [Worker-100: Building] INFO  o.e.m.c.i.embedder.EclipseLogger - Copying 0 resource
2023-09-07 14:34:34,278 [Worker-100: Building] WARN  o.e.m.c.i.embedder.EclipseLogger - Using platform encoding (Cp1252 actually) to copy filtered resources, i.e. build is platform dependent!
2023-09-07 14:34:34,279 [Worker-100: Building] INFO  o.e.m.c.i.embedder.EclipseLogger - Copying 0 resource
2023-09-07 14:34:35,596 [Worker-101: Download sources and javadoc] INFO  o.e.m.c.i.e.AbstractTransferListenerAdapter - Downloaded https://repo.maven.apache.org/maven2/com/google/guava/listenablefuture/9999.0-empty-to-avoid-conflict-with-guava/listenablefuture-9999.0-empty-to-avoid-conflict-with-guava-javadoc.jar
2023-09-07 14:34:35,598 [Worker-101: Download sources and javadoc] ERROR o.e.m.j.internal.DownloadSourcesJob - Could not download javadoc for com.google.guava:listenablefuture:9999.0-empty-to-avoid-conflict-with-guava
org.eclipse.core.runtime.CoreException: Could not resolve artifact com.google.guava:listenablefuture:jar:javadoc:9999.0-empty-to-avoid-conflict-with-guava
	at org.eclipse.m2e.core.internal.embedder.MavenImpl.lambda$4(MavenImpl.java:828) ~[na:na]
	at org.eclipse.m2e.core.internal.embedder.MavenExecutionContext.executeBare(MavenExecutionContext.java:182) ~[na:na]
	at org.eclipse.m2e.core.internal.embedder.MavenExecutionContext.execute(MavenExecutionContext.java:117) ~[na:na]
	at org.eclipse.m2e.core.internal.embedder.MavenExecutionContext.execute(MavenExecutionContext.java:103) ~[na:na]
	at org.eclipse.m2e.core.internal.embedder.MavenImpl.resolve(MavenImpl.java:796) ~[na:na]
	at org.eclipse.m2e.core.internal.embedder.MavenImpl.resolve(MavenImpl.java:773) ~[na:na]
	at org.eclipse.m2e.jdt.internal.DownloadSourcesJob.download(DownloadSourcesJob.java:311) ~[na:na]
	at org.eclipse.m2e.jdt.internal.DownloadSourcesJob.downloadAttachments(DownloadSourcesJob.java:297) ~[na:na]
	at org.eclipse.m2e.jdt.internal.DownloadSourcesJob.downloadMaven(DownloadSourcesJob.java:255) ~[na:na]
	at org.eclipse.m2e.jdt.internal.DownloadSourcesJob.downloadFilesAndPopulateToUpdate(DownloadSourcesJob.java:223) ~[na:na]
	at org.eclipse.m2e.jdt.internal.DownloadSourcesJob.lambda$0(DownloadSourcesJob.java:152) ~[na:na]
	at org.eclipse.m2e.core.internal.embedder.MavenExecutionContext.executeBare(MavenExecutionContext.java:182) ~[na:na]
	at org.eclipse.m2e.core.internal.embedder.MavenExecutionContext.execute(MavenExecutionContext.java:156) ~[na:na]
	at org.eclipse.m2e.core.internal.embedder.MavenExecutionContext.execute(MavenExecutionContext.java:103) ~[na:na]
	at org.eclipse.m2e.core.internal.embedder.MavenImpl.execute(MavenImpl.java:1416) ~[na:na]
	at org.eclipse.m2e.jdt.internal.DownloadSourcesJob.run(DownloadSourcesJob.java:152) ~[na:na]
	at org.eclipse.core.internal.jobs.Worker.run(Worker.java:63) ~[org.eclipse.core.jobs_3.13.0.v20220512-1935.jar:na]
2023-09-07 14:34:35,662 [Worker-101: Download sources and javadoc] INFO  o.e.m.c.i.e.AbstractTransferListenerAdapter - Downloading https://repo.maven.apache.org/maven2/org/testng/testng/7.7.1/testng-7.7.1-sources.jar
2023-09-07 14:34:35,818 [Worker-101: Download sources and javadoc] INFO  o.e.m.c.i.e.AbstractTransferListenerAdapter - Downloaded https://repo.maven.apache.org/maven2/org/testng/testng/7.7.1/testng-7.7.1-sources.jar
2023-09-07 14:34:35,820 [Worker-101: Download sources and javadoc] INFO  o.e.m.j.internal.DownloadSourcesJob - Downloaded sources for org.testng:testng:7.7.1
2023-09-07 14:34:35,864 [Worker-101: Download sources and javadoc] INFO  o.e.m.c.i.e.AbstractTransferListenerAdapter - Downloading https://repo.maven.apache.org/maven2/org/slf4j/slf4j-api/1.7.36/slf4j-api-1.7.36-sources.jar
2023-09-07 14:34:35,908 [Worker-101: Download sources and javadoc] INFO  o.e.m.c.i.e.AbstractTransferListenerAdapter - Downloaded https://repo.maven.apache.org/maven2/org/slf4j/slf4j-api/1.7.36/slf4j-api-1.7.36-sources.jar
2023-09-07 14:34:35,910 [Worker-101: Download sources and javadoc] INFO  o.e.m.j.internal.DownloadSourcesJob - Downloaded sources for org.slf4j:slf4j-api:1.7.36
2023-09-07 14:34:35,987 [Worker-101: Download sources and javadoc] INFO  o.e.m.c.i.e.AbstractTransferListenerAdapter - Downloading https://repo.maven.apache.org/maven2/com/beust/jcommander/1.82/jcommander-1.82-sources.jar
2023-09-07 14:34:36,017 [Worker-101: Download sources and javadoc] INFO  o.e.m.c.i.e.AbstractTransferListenerAdapter - Downloaded https://repo.maven.apache.org/maven2/com/beust/jcommander/1.82/jcommander-1.82-sources.jar
2023-09-07 14:34:36,020 [Worker-101: Download sources and javadoc] INFO  o.e.m.j.internal.DownloadSourcesJob - Downloaded sources for com.beust:jcommander:1.82
2023-09-07 14:34:36,110 [Worker-101: Download sources and javadoc] INFO  o.e.m.c.i.e.AbstractTransferListenerAdapter - Downloading https://repo.maven.apache.org/maven2/org/webjars/jquery/3.6.1/jquery-3.6.1-sources.jar
2023-09-07 14:34:36,181 [Worker-101: Download sources and javadoc] INFO  o.e.m.c.i.e.AbstractTransferListenerAdapter - Downloaded https://repo.maven.apache.org/maven2/org/webjars/jquery/3.6.1/jquery-3.6.1-sources.jar
2023-09-07 14:34:36,183 [Worker-101: Download sources and javadoc] INFO  o.e.m.j.internal.DownloadSourcesJob - Downloaded sources for org.webjars:jquery:3.6.1
2023-09-07 14:34:36,725 [Worker-100: Building] WARN  o.e.m.c.i.embedder.EclipseLogger - Using platform encoding (Cp1252 actually) to copy filtered resources, i.e. build is platform dependent!
2023-09-07 14:34:36,726 [Worker-100: Building] INFO  o.e.m.c.i.embedder.EclipseLogger - Copying 0 resource
2023-09-07 14:34:36,727 [Worker-100: Building] WARN  o.e.m.c.i.embedder.EclipseLogger - Using platform encoding (Cp1252 actually) to copy filtered resources, i.e. build is platform dependent!
2023-09-07 14:34:36,728 [Worker-100: Building] INFO  o.e.m.c.i.embedder.EclipseLogger - Copying 0 resource
2023-09-07 14:36:22,012 [Worker-93: Building] INFO  o.e.m.c.i.l.LifecycleMappingFactory - Using org.eclipse.m2e.jdt.JarLifecycleMapping lifecycle mapping for MavenProject: TestGroupID:TestArtifactID:0.0.1-SNAPSHOT @ C:\Users\2155644\eclipse-workspace\SeleniumAutomation\TestArtifactID\pom.xml.
2023-09-07 14:36:22,310 [Worker-93: Building] WARN  o.e.m.c.i.embedder.EclipseLogger - Using platform encoding (Cp1252 actually) to copy filtered resources, i.e. build is platform dependent!
2023-09-07 14:36:22,313 [Worker-93: Building] INFO  o.e.m.c.i.embedder.EclipseLogger - Copying 0 resource
2023-09-07 14:36:22,315 [Worker-93: Building] WARN  o.e.m.c.i.embedder.EclipseLogger - Using platform encoding (Cp1252 actually) to copy filtered resources, i.e. build is platform dependent!
2023-09-07 14:36:22,317 [Worker-93: Building] INFO  o.e.m.c.i.embedder.EclipseLogger - Copying 0 resource
2023-09-07 14:48:33,924 [Worker-106: Building] INFO  o.e.m.c.i.l.LifecycleMappingFactory - Using org.eclipse.m2e.jdt.JarLifecycleMapping lifecycle mapping for MavenProject: TestGroupID:TestArtifactID:0.0.1-SNAPSHOT @ C:\Users\2155644\eclipse-workspace\SeleniumAutomation\TestArtifactID\pom.xml.
2023-09-07 14:48:34,317 [Worker-106: Building] WARN  o.e.m.c.i.embedder.EclipseLogger - Using platform encoding (Cp1252 actually) to copy filtered resources, i.e. build is platform dependent!
2023-09-07 14:48:34,319 [Worker-106: Building] INFO  o.e.m.c.i.embedder.EclipseLogger - Copying 0 resource
2023-09-07 14:48:34,321 [Worker-106: Building] WARN  o.e.m.c.i.embedder.EclipseLogger - Using platform encoding (Cp1252 actually) to copy filtered resources, i.e. build is platform dependent!
2023-09-07 14:48:34,323 [Worker-106: Building] INFO  o.e.m.c.i.embedder.EclipseLogger - Copying 0 resource
2023-09-07 14:49:43,768 [Worker-101: Updating Maven Project] INFO  o.e.m.c.i.p.ProjectConfigurationManager - Update started
2023-09-07 14:49:43,905 [Worker-101: Updating Maven Project] INFO  o.e.m.c.i.l.LifecycleMappingFactory - Using org.eclipse.m2e.jdt.JarLifecycleMapping lifecycle mapping for MavenProject: TestGroupID:TestArtifactID:0.0.1-SNAPSHOT @ C:\Users\2155644\eclipse-workspace\SeleniumAutomation\TestArtifactID\pom.xml.
2023-09-07 14:49:44,176 [Worker-101: Updating Maven Project] INFO  o.e.m.j.i.AbstractJavaProjectConfigurator - Adding source folder /TestArtifactID/src/main/java
2023-09-07 14:49:44,176 [Worker-101: Updating Maven Project] INFO  o.e.m.j.i.AbstractJavaProjectConfigurator - Adding resource folder /TestArtifactID/src/main/resources
2023-09-07 14:49:44,177 [Worker-101: Updating Maven Project] INFO  o.e.m.j.i.AbstractJavaProjectConfigurator - Adding source folder /TestArtifactID/src/test/java
2023-09-07 14:49:44,178 [Worker-101: Updating Maven Project] INFO  o.e.m.j.i.AbstractJavaProjectConfigurator - Adding resource folder /TestArtifactID/src/test/resources
2023-09-07 14:49:44,423 [Worker-101: Updating Maven Project] INFO  o.e.m.c.i.p.ProjectConfigurationManager - Update completed: 0 sec
2023-09-07 14:49:44,649 [Worker-101: Building] WARN  o.e.m.c.i.embedder.EclipseLogger - Using platform encoding (Cp1252 actually) to copy filtered resources, i.e. build is platform dependent!
2023-09-07 14:49:44,651 [Worker-101: Building] INFO  o.e.m.c.i.embedder.EclipseLogger - Copying 0 resource
2023-09-07 14:49:44,652 [Worker-101: Building] WARN  o.e.m.c.i.embedder.EclipseLogger - Using platform encoding (Cp1252 actually) to copy filtered resources, i.e. build is platform dependent!
2023-09-07 14:49:44,654 [Worker-101: Building] INFO  o.e.m.c.i.embedder.EclipseLogger - Copying 0 resource
2023-09-07 14:55:25,381 [Worker-101: Building] WARN  o.e.m.c.i.embedder.EclipseLogger - Using platform encoding (Cp1252 actually) to copy filtered resources, i.e. build is platform dependent!
2023-09-07 14:55:25,383 [Worker-101: Building] INFO  o.e.m.c.i.embedder.EclipseLogger - Copying 0 resource
2023-09-07 14:55:25,384 [Worker-101: Building] WARN  o.e.m.c.i.embedder.EclipseLogger - Using platform encoding (Cp1252 actually) to copy filtered resources, i.e. build is platform dependent!
2023-09-07 14:55:25,385 [Worker-101: Building] INFO  o.e.m.c.i.embedder.EclipseLogger - Copying 0 resource
2024-02-14 11:09:20,002 [Worker-2: Loading available Gradle versions] INFO  o.e.b.c.i.u.g.PublishedGradleVersions - Gradle version information cache is up-to-date. Trying to read.
2024-02-14 11:11:11,799 [Worker-22: https://testng.org/testng-p2-update-site/content.jar] INFO  o.a.h.c.h.i.c.HttpRequestRetryExec - Recoverable I/O exception (org.apache.hc.core5.http.StreamClosedException) caught when processing request to {tls}->http://proxy.cognizant.com:6050->https://testng.org:443
2024-02-14 11:11:11,877 [Worker-21: https://testng.org/testng-p2-update-site/content.xml] INFO  o.a.h.c.h.i.c.HttpRequestRetryExec - Recoverable I/O exception (org.apache.hc.core5.http.StreamClosedException) caught when processing request to {tls}->http://proxy.cognizant.com:6050->https://testng.org:443
2024-02-14 11:11:15,264 [Worker-11: https://testng.org/testng-eclipse-update-site/compositeContent.jar] INFO  o.a.h.c.h.i.c.HttpRequestRetryExec - Recoverable I/O exception (org.apache.hc.core5.http.StreamClosedException) caught when processing request to {tls}->http://proxy.cognizant.com:6050->https://testng.org:443
2024-02-14 11:11:15,334 [Worker-22: https://testng.org/testng-eclipse-update-site/compositeContent.xml] INFO  o.a.h.c.h.i.c.HttpRequestRetryExec - Recoverable I/O exception (org.apache.hc.core5.http.StreamClosedException) caught when processing request to {tls}->http://proxy.cognizant.com:6050->https://testng.org:443
2024-02-14 11:41:06,746 [Worker-30: Building] WARN  o.e.m.c.i.embedder.EclipseLogger - Using platform encoding (Cp1252 actually) to copy filtered resources, i.e. build is platform dependent!
2024-02-14 11:41:06,764 [Worker-30: Building] INFO  o.e.m.c.i.embedder.EclipseLogger - Copying 0 resource
2024-02-14 11:41:06,766 [Worker-30: Building] WARN  o.e.m.c.i.embedder.EclipseLogger - Using platform encoding (Cp1252 actually) to copy filtered resources, i.e. build is platform dependent!
2024-02-14 11:41:06,768 [Worker-30: Building] INFO  o.e.m.c.i.embedder.EclipseLogger - Copying 0 resource
2024-02-22 16:47:16,324 [Worker-7: Loading available Gradle versions] INFO  o.e.b.c.i.u.g.PublishedGradleVersions - Gradle version information cache is out-of-date. Trying to update.
2024-02-22 16:53:06,684 [ModalContext] INFO  o.e.m.c.i.e.AbstractTransferListenerAdapter - Downloading https://repo1.maven.org/maven2/org/apache/maven/archetypes/maven-archetype-quickstart/1.4/maven-archetype-quickstart-1.4.jar
2024-02-22 16:53:06,906 [ModalContext] INFO  o.e.m.c.i.e.AbstractTransferListenerAdapter - Downloaded https://repo1.maven.org/maven2/org/apache/maven/archetypes/maven-archetype-quickstart/1.4/maven-archetype-quickstart-1.4.jar
2024-02-22 16:53:07,018 [ModalContext] INFO  o.e.m.c.i.e.AbstractTransferListenerAdapter - Downloading https://repo1.maven.org/maven2/org/apache/maven/archetypes/maven-archetype-quickstart/1.4/maven-archetype-quickstart-1.4.pom
2024-02-22 16:53:07,133 [ModalContext] INFO  o.e.m.c.i.e.AbstractTransferListenerAdapter - Downloaded https://repo1.maven.org/maven2/org/apache/maven/archetypes/maven-archetype-quickstart/1.4/maven-archetype-quickstart-1.4.pom
2024-02-22 16:53:43,727 [Worker-25: Creating maven-archetype-quickstart] INFO  o.e.m.c.i.p.ProjectConfigurationManager - Collecting project info '/pom.xml' C:\Users\2155644\eclipse-workspace\SeleniumAutomation\seleniumJPN\pom.xml
2024-02-22 16:53:44,916 [Worker-25: Creating maven-archetype-quickstart] INFO  o.e.m.c.i.e.AbstractTransferListenerAdapter - Downloading https://repo.maven.apache.org/maven2/org/apache/maven/plugins/maven-clean-plugin/3.1.0/maven-clean-plugin-3.1.0.jar
2024-02-22 16:53:44,948 [Worker-25: Creating maven-archetype-quickstart] INFO  o.e.m.c.i.e.AbstractTransferListenerAdapter - Downloaded https://repo.maven.apache.org/maven2/org/apache/maven/plugins/maven-clean-plugin/3.1.0/maven-clean-plugin-3.1.0.jar
2024-02-22 16:53:44,969 [Worker-25: Creating maven-archetype-quickstart] INFO  o.e.m.c.i.e.AbstractTransferListenerAdapter - Downloading https://repo.maven.apache.org/maven2/org/apache/maven/plugins/maven-resources-plugin/3.0.2/maven-resources-plugin-3.0.2.jar
2024-02-22 16:53:44,987 [Worker-25: Creating maven-archetype-quickstart] INFO  o.e.m.c.i.e.AbstractTransferListenerAdapter - Downloaded https://repo.maven.apache.org/maven2/org/apache/maven/plugins/maven-resources-plugin/3.0.2/maven-resources-plugin-3.0.2.jar
2024-02-22 16:53:45,005 [Worker-25: Creating maven-archetype-quickstart] INFO  o.e.m.c.i.e.AbstractTransferListenerAdapter - Downloading https://repo.maven.apache.org/maven2/org/apache/maven/plugins/maven-compiler-plugin/3.8.0/maven-compiler-plugin-3.8.0.jar
2024-02-22 16:53:45,027 [Worker-25: Creating maven-archetype-quickstart] INFO  o.e.m.c.i.e.AbstractTransferListenerAdapter - Downloaded https://repo.maven.apache.org/maven2/org/apache/maven/plugins/maven-compiler-plugin/3.8.0/maven-compiler-plugin-3.8.0.jar
2024-02-22 16:53:45,054 [Worker-25: Creating maven-archetype-quickstart] INFO  o.e.m.c.i.e.AbstractTransferListenerAdapter - Downloading https://repo.maven.apache.org/maven2/org/apache/maven/plugins/maven-surefire-plugin/2.22.1/maven-surefire-plugin-2.22.1.jar
2024-02-22 16:53:45,071 [Worker-25: Creating maven-archetype-quickstart] INFO  o.e.m.c.i.e.AbstractTransferListenerAdapter - Downloaded https://repo.maven.apache.org/maven2/org/apache/maven/plugins/maven-surefire-plugin/2.22.1/maven-surefire-plugin-2.22.1.jar
2024-02-22 16:53:45,095 [Worker-25: Creating maven-archetype-quickstart] INFO  o.e.m.c.i.e.AbstractTransferListenerAdapter - Downloading https://repo.maven.apache.org/maven2/org/apache/maven/plugins/maven-jar-plugin/3.0.2/maven-jar-plugin-3.0.2.jar
2024-02-22 16:53:45,112 [Worker-25: Creating maven-archetype-quickstart] INFO  o.e.m.c.i.e.AbstractTransferListenerAdapter - Downloaded https://repo.maven.apache.org/maven2/org/apache/maven/plugins/maven-jar-plugin/3.0.2/maven-jar-plugin-3.0.2.jar
2024-02-22 16:53:45,128 [Worker-25: Creating maven-archetype-quickstart] INFO  o.e.m.c.i.e.AbstractTransferListenerAdapter - Downloading https://repo.maven.apache.org/maven2/org/apache/maven/plugins/maven-install-plugin/2.5.2/maven-install-plugin-2.5.2.jar
2024-02-22 16:53:45,146 [Worker-25: Creating maven-archetype-quickstart] INFO  o.e.m.c.i.e.AbstractTransferListenerAdapter - Downloaded https://repo.maven.apache.org/maven2/org/apache/maven/plugins/maven-install-plugin/2.5.2/maven-install-plugin-2.5.2.jar
2024-02-22 16:53:45,163 [Worker-25: Creating maven-archetype-quickstart] INFO  o.e.m.c.i.e.AbstractTransferListenerAdapter - Downloading https://repo.maven.apache.org/maven2/org/apache/maven/plugins/maven-deploy-plugin/2.8.2/maven-deploy-plugin-2.8.2.jar
2024-02-22 16:53:45,190 [Worker-25: Creating maven-archetype-quickstart] INFO  o.e.m.c.i.e.AbstractTransferListenerAdapter - Downloaded https://repo.maven.apache.org/maven2/org/apache/maven/plugins/maven-deploy-plugin/2.8.2/maven-deploy-plugin-2.8.2.jar
2024-02-22 16:53:45,212 [Worker-25: Creating maven-archetype-quickstart] INFO  o.e.m.c.i.e.AbstractTransferListenerAdapter - Downloading https://repo.maven.apache.org/maven2/org/apache/maven/plugins/maven-site-plugin/3.7.1/maven-site-plugin-3.7.1.jar
2024-02-22 16:53:45,255 [Worker-25: Creating maven-archetype-quickstart] INFO  o.e.m.c.i.e.AbstractTransferListenerAdapter - Downloaded https://repo.maven.apache.org/maven2/org/apache/maven/plugins/maven-site-plugin/3.7.1/maven-site-plugin-3.7.1.jar
2024-02-22 16:53:45,412 [Worker-25: Creating maven-archetype-quickstart] INFO  o.e.m.c.i.e.AbstractTransferListenerAdapter - Downloading https://repo.maven.apache.org/maven2/org/apache/maven/plugins/maven-compiler-plugin/3.8.0/maven-compiler-plugin-3.8.0.pom
2024-02-22 16:53:45,457 [Worker-25: Creating maven-archetype-quickstart] INFO  o.e.m.c.i.e.AbstractTransferListenerAdapter - Downloaded https://repo.maven.apache.org/maven2/org/apache/maven/plugins/maven-compiler-plugin/3.8.0/maven-compiler-plugin-3.8.0.pom
2024-02-22 16:53:45,487 [Worker-25: Creating maven-archetype-quickstart] INFO  o.e.m.c.i.e.AbstractTransferListenerAdapter - Downloading https://repo.maven.apache.org/maven2/org/apache/maven/plugins/maven-plugins/32/maven-plugins-32.pom
2024-02-22 16:53:45,508 [Worker-25: Creating maven-archetype-quickstart] INFO  o.e.m.c.i.e.AbstractTransferListenerAdapter - Downloaded https://repo.maven.apache.org/maven2/org/apache/maven/plugins/maven-plugins/32/maven-plugins-32.pom
2024-02-22 16:53:45,530 [Worker-25: Creating maven-archetype-quickstart] INFO  o.e.m.c.i.e.AbstractTransferListenerAdapter - Downloading https://repo.maven.apache.org/maven2/org/apache/maven/maven-parent/32/maven-parent-32.pom
2024-02-22 16:53:45,550 [Worker-25: Creating maven-archetype-quickstart] INFO  o.e.m.c.i.e.AbstractTransferListenerAdapter - Downloaded https://repo.maven.apache.org/maven2/org/apache/maven/maven-parent/32/maven-parent-32.pom
2024-02-22 16:53:45,570 [Worker-25: Creating maven-archetype-quickstart] INFO  o.e.m.c.i.e.AbstractTransferListenerAdapter - Downloading https://repo.maven.apache.org/maven2/org/apache/apache/20/apache-20.pom
2024-02-22 16:53:45,585 [Worker-25: Creating maven-archetype-quickstart] INFO  o.e.m.c.i.e.AbstractTransferListenerAdapter - Downloaded https://repo.maven.apache.org/maven2/org/apache/apache/20/apache-20.pom
2024-02-22 16:53:46,440 [Worker-25: Creating maven-archetype-quickstart] INFO  o.e.m.c.i.l.LifecycleMappingFactory - Using org.eclipse.m2e.jdt.JarLifecycleMapping lifecycle mapping for MavenProject: seleniumJPN:seleniumJPN:0.0.1-SNAPSHOT @ C:\Users\2155644\eclipse-workspace\SeleniumAutomation\seleniumJPN\pom.xml.
2024-02-22 16:53:46,900 [Worker-25: Creating maven-archetype-quickstart] INFO  o.e.m.c.i.e.AbstractTransferListenerAdapter - Downloading https://repo.maven.apache.org/maven2/junit/junit/4.11/junit-4.11.pom
2024-02-22 16:53:46,925 [Worker-25: Creating maven-archetype-quickstart] INFO  o.e.m.c.i.e.AbstractTransferListenerAdapter - Downloaded https://repo.maven.apache.org/maven2/junit/junit/4.11/junit-4.11.pom
2024-02-22 16:53:46,947 [Worker-25: Creating maven-archetype-quickstart] INFO  o.e.m.c.i.e.AbstractTransferListenerAdapter - Downloading https://repo.maven.apache.org/maven2/org/hamcrest/hamcrest-core/1.3/hamcrest-core-1.3.pom
2024-02-22 16:53:46,959 [Worker-25: Creating maven-archetype-quickstart] INFO  o.e.m.c.i.e.AbstractTransferListenerAdapter - Downloaded https://repo.maven.apache.org/maven2/org/hamcrest/hamcrest-core/1.3/hamcrest-core-1.3.pom
2024-02-22 16:53:46,974 [Worker-25: Creating maven-archetype-quickstart] INFO  o.e.m.c.i.e.AbstractTransferListenerAdapter - Downloading https://repo.maven.apache.org/maven2/org/hamcrest/hamcrest-parent/1.3/hamcrest-parent-1.3.pom
2024-02-22 16:53:46,993 [Worker-25: Creating maven-archetype-quickstart] INFO  o.e.m.c.i.e.AbstractTransferListenerAdapter - Downloaded https://repo.maven.apache.org/maven2/org/hamcrest/hamcrest-parent/1.3/hamcrest-parent-1.3.pom
2024-02-22 16:53:47,018 [AetherRepositoryConnector-repo.maven.apache.org-0-1] INFO  o.e.m.c.i.e.AbstractTransferListenerAdapter - Downloading https://repo.maven.apache.org/maven2/org/hamcrest/hamcrest-core/1.3/hamcrest-core-1.3.jar
2024-02-22 16:53:47,027 [AetherRepositoryConnector-repo.maven.apache.org-0-0] INFO  o.e.m.c.i.e.AbstractTransferListenerAdapter - Downloading https://repo.maven.apache.org/maven2/junit/junit/4.11/junit-4.11.jar
2024-02-22 16:53:47,057 [AetherRepositoryConnector-repo.maven.apache.org-0-1] INFO  o.e.m.c.i.e.AbstractTransferListenerAdapter - Downloaded https://repo.maven.apache.org/maven2/org/hamcrest/hamcrest-core/1.3/hamcrest-core-1.3.jar
2024-02-22 16:53:47,064 [AetherRepositoryConnector-repo.maven.apache.org-0-0] INFO  o.e.m.c.i.e.AbstractTransferListenerAdapter - Downloaded https://repo.maven.apache.org/maven2/junit/junit/4.11/junit-4.11.jar
2024-02-22 16:53:47,421 [Worker-25: Creating maven-archetype-quickstart] INFO  o.e.m.c.i.e.AbstractTransferListenerAdapter - Downloading https://repo.maven.apache.org/maven2/org/apache/maven/plugins/maven-resources-plugin/3.0.2/maven-resources-plugin-3.0.2.pom
2024-02-22 16:53:47,452 [Worker-25: Creating maven-archetype-quickstart] INFO  o.e.m.c.i.e.AbstractTransferListenerAdapter - Downloaded https://repo.maven.apache.org/maven2/org/apache/maven/plugins/maven-resources-plugin/3.0.2/maven-resources-plugin-3.0.2.pom
2024-02-22 16:53:47,469 [Worker-25: Creating maven-archetype-quickstart] INFO  o.e.m.c.i.e.AbstractTransferListenerAdapter - Downloading https://repo.maven.apache.org/maven2/org/apache/maven/plugins/maven-plugins/30/maven-plugins-30.pom
2024-02-22 16:53:47,483 [Worker-25: Creating maven-archetype-quickstart] INFO  o.e.m.c.i.e.AbstractTransferListenerAdapter - Downloaded https://repo.maven.apache.org/maven2/org/apache/maven/plugins/maven-plugins/30/maven-plugins-30.pom
2024-02-22 16:53:47,578 [Worker-25: Creating maven-archetype-quickstart] INFO  o.e.m.c.i.e.AbstractTransferListenerAdapter - Downloading https://repo.maven.apache.org/maven2/org/codehaus/plexus/plexus-component-annotations/1.6/plexus-component-annotations-1.6.pom
2024-02-22 16:53:47,597 [Worker-25: Creating maven-archetype-quickstart] INFO  o.e.m.c.i.e.AbstractTransferListenerAdapter - Downloaded https://repo.maven.apache.org/maven2/org/codehaus/plexus/plexus-component-annotations/1.6/plexus-component-annotations-1.6.pom
2024-02-22 16:53:47,615 [Worker-25: Creating maven-archetype-quickstart] INFO  o.e.m.c.i.e.AbstractTransferListenerAdapter - Downloading https://repo.maven.apache.org/maven2/org/codehaus/plexus/plexus-containers/1.6/plexus-containers-1.6.pom
2024-02-22 16:53:47,633 [Worker-25: Creating maven-archetype-quickstart] INFO  o.e.m.c.i.e.AbstractTransferListenerAdapter - Downloaded https://repo.maven.apache.org/maven2/org/codehaus/plexus/plexus-containers/1.6/plexus-containers-1.6.pom
2024-02-22 16:53:47,654 [Worker-25: Creating maven-archetype-quickstart] INFO  o.e.m.c.i.e.AbstractTransferListenerAdapter - Downloading https://repo.maven.apache.org/maven2/org/codehaus/plexus/plexus/3.3.2/plexus-3.3.2.pom
2024-02-22 16:53:47,670 [Worker-25: Creating maven-archetype-quickstart] INFO  o.e.m.c.i.e.AbstractTransferListenerAdapter - Downloaded https://repo.maven.apache.org/maven2/org/codehaus/plexus/plexus/3.3.2/plexus-3.3.2.pom
2024-02-22 16:53:47,705 [Worker-25: Creating maven-archetype-quickstart] INFO  o.e.m.c.i.e.AbstractTransferListenerAdapter - Downloading https://repo.maven.apache.org/maven2/org/codehaus/plexus/plexus-utils/3.0.24/plexus-utils-3.0.24.pom
2024-02-22 16:53:47,728 [Worker-25: Creating maven-archetype-quickstart] INFO  o.e.m.c.i.e.AbstractTransferListenerAdapter - Downloaded https://repo.maven.apache.org/maven2/org/codehaus/plexus/plexus-utils/3.0.24/plexus-utils-3.0.24.pom
2024-02-22 16:53:47,760 [Worker-25: Creating maven-archetype-quickstart] INFO  o.e.m.c.i.e.AbstractTransferListenerAdapter - Downloading https://repo.maven.apache.org/maven2/org/apache/maven/shared/maven-filtering/3.1.1/maven-filtering-3.1.1.pom
2024-02-22 16:53:47,785 [Worker-25: Creating maven-archetype-quickstart] INFO  o.e.m.c.i.e.AbstractTransferListenerAdapter - Downloaded https://repo.maven.apache.org/maven2/org/apache/maven/shared/maven-filtering/3.1.1/maven-filtering-3.1.1.pom
2024-02-22 16:53:47,932 [Worker-25: Creating maven-archetype-quickstart] INFO  o.e.m.c.i.e.AbstractTransferListenerAdapter - Downloading https://repo.maven.apache.org/maven2/org/apache/maven/shared/maven-shared-utils/3.0.0/maven-shared-utils-3.0.0.pom
2024-02-22 16:53:47,968 [Worker-25: Creating maven-archetype-quickstart] INFO  o.e.m.c.i.e.AbstractTransferListenerAdapter - Downloaded https://repo.maven.apache.org/maven2/org/apache/maven/shared/maven-shared-utils/3.0.0/maven-shared-utils-3.0.0.pom
2024-02-22 16:53:47,987 [Worker-25: Creating maven-archetype-quickstart] INFO  o.e.m.c.i.e.AbstractTransferListenerAdapter - Downloading https://repo.maven.apache.org/maven2/org/apache/maven/shared/maven-shared-components/21/maven-shared-components-21.pom
2024-02-22 16:53:48,009 [Worker-25: Creating maven-archetype-quickstart] INFO  o.e.m.c.i.e.AbstractTransferListenerAdapter - Downloaded https://repo.maven.apache.org/maven2/org/apache/maven/shared/maven-shared-components/21/maven-shared-components-21.pom
2024-02-22 16:53:48,034 [Worker-25: Creating maven-archetype-quickstart] INFO  o.e.m.c.i.e.AbstractTransferListenerAdapter - Downloading https://repo.maven.apache.org/maven2/org/apache/maven/maven-parent/25/maven-parent-25.pom
2024-02-22 16:53:48,101 [Worker-25: Creating maven-archetype-quickstart] INFO  o.e.m.c.i.e.AbstractTransferListenerAdapter - Downloaded https://repo.maven.apache.org/maven2/org/apache/maven/maven-parent/25/maven-parent-25.pom
2024-02-22 16:53:48,133 [Worker-25: Creating maven-archetype-quickstart] INFO  o.e.m.c.i.e.AbstractTransferListenerAdapter - Downloading https://repo.maven.apache.org/maven2/commons-io/commons-io/2.4/commons-io-2.4.pom
2024-02-22 16:53:48,164 [Worker-25: Creating maven-archetype-quickstart] INFO  o.e.m.c.i.e.AbstractTransferListenerAdapter - Downloaded https://repo.maven.apache.org/maven2/commons-io/commons-io/2.4/commons-io-2.4.pom
2024-02-22 16:53:48,190 [Worker-25: Creating maven-archetype-quickstart] INFO  o.e.m.c.i.e.AbstractTransferListenerAdapter - Downloading https://repo.maven.apache.org/maven2/org/apache/commons/commons-parent/25/commons-parent-25.pom
2024-02-22 16:53:48,208 [Worker-25: Creating maven-archetype-quickstart] INFO  o.e.m.c.i.e.AbstractTransferListenerAdapter - Downloaded https://repo.maven.apache.org/maven2/org/apache/commons/commons-parent/25/commons-parent-25.pom
2024-02-22 16:53:48,236 [Worker-25: Creating maven-archetype-quickstart] INFO  o.e.m.c.i.e.AbstractTransferListenerAdapter - Downloading https://repo.maven.apache.org/maven2/org/codehaus/plexus/plexus-interpolation/1.22/plexus-interpolation-1.22.pom
2024-02-22 16:53:48,264 [Worker-25: Creating maven-archetype-quickstart] INFO  o.e.m.c.i.e.AbstractTransferListenerAdapter - Downloaded https://repo.maven.apache.org/maven2/org/codehaus/plexus/plexus-interpolation/1.22/plexus-interpolation-1.22.pom
2024-02-22 16:53:48,291 [Worker-25: Creating maven-archetype-quickstart] INFO  o.e.m.c.i.e.AbstractTransferListenerAdapter - Downloading https://repo.maven.apache.org/maven2/org/sonatype/plexus/plexus-build-api/0.0.7/plexus-build-api-0.0.7.pom
2024-02-22 16:53:48,311 [Worker-25: Creating maven-archetype-quickstart] INFO  o.e.m.c.i.e.AbstractTransferListenerAdapter - Downloaded https://repo.maven.apache.org/maven2/org/sonatype/plexus/plexus-build-api/0.0.7/plexus-build-api-0.0.7.pom
2024-02-22 16:53:48,328 [Worker-25: Creating maven-archetype-quickstart] INFO  o.e.m.c.i.e.AbstractTransferListenerAdapter - Downloading https://repo.maven.apache.org/maven2/org/sonatype/spice/spice-parent/15/spice-parent-15.pom
2024-02-22 16:53:48,428 [Worker-25: Creating maven-archetype-quickstart] INFO  o.e.m.c.i.e.AbstractTransferListenerAdapter - Downloaded https://repo.maven.apache.org/maven2/org/sonatype/spice/spice-parent/15/spice-parent-15.pom
2024-02-22 16:53:48,460 [Worker-25: Creating maven-archetype-quickstart] INFO  o.e.m.c.i.e.AbstractTransferListenerAdapter - Downloading https://repo.maven.apache.org/maven2/org/codehaus/plexus/plexus-interpolation/1.24/plexus-interpolation-1.24.pom
2024-02-22 16:53:48,483 [Worker-25: Creating maven-archetype-quickstart] INFO  o.e.m.c.i.e.AbstractTransferListenerAdapter - Downloaded https://repo.maven.apache.org/maven2/org/codehaus/plexus/plexus-interpolation/1.24/plexus-interpolation-1.24.pom
2024-02-22 16:53:48,506 [Worker-5: Download sources and javadoc] INFO  o.e.m.c.i.e.AbstractTransferListenerAdapter - Downloading https://repo.maven.apache.org/maven2/junit/junit/4.11/junit-4.11-sources.jar
2024-02-22 16:53:48,535 [AetherRepositoryConnector-repo.maven.apache.org-1-0] INFO  o.e.m.c.i.e.AbstractTransferListenerAdapter - Downloading https://repo.maven.apache.org/maven2/org/codehaus/plexus/plexus-component-annotations/1.6/plexus-component-annotations-1.6.jar
2024-02-22 16:53:48,535 [AetherRepositoryConnector-repo.maven.apache.org-1-1] INFO  o.e.m.c.i.e.AbstractTransferListenerAdapter - Downloading https://repo.maven.apache.org/maven2/org/codehaus/plexus/plexus-utils/3.0.24/plexus-utils-3.0.24.jar
2024-02-22 16:53:48,555 [AetherRepositoryConnector-repo.maven.apache.org-1-2] INFO  o.e.m.c.i.e.AbstractTransferListenerAdapter - Downloading https://repo.maven.apache.org/maven2/org/apache/maven/shared/maven-filtering/3.1.1/maven-filtering-3.1.1.jar
2024-02-22 16:53:48,556 [AetherRepositoryConnector-repo.maven.apache.org-1-4] INFO  o.e.m.c.i.e.AbstractTransferListenerAdapter - Downloading https://repo.maven.apache.org/maven2/org/sonatype/plexus/plexus-build-api/0.0.7/plexus-build-api-0.0.7.jar
2024-02-22 16:53:48,556 [AetherRepositoryConnector-repo.maven.apache.org-1-3] INFO  o.e.m.c.i.e.AbstractTransferListenerAdapter - Downloading https://repo.maven.apache.org/maven2/org/apache/maven/shared/maven-shared-utils/3.0.0/maven-shared-utils-3.0.0.jar
2024-02-22 16:53:48,577 [Worker-5: Download sources and javadoc] INFO  o.e.m.c.i.e.AbstractTransferListenerAdapter - Downloaded https://repo.maven.apache.org/maven2/junit/junit/4.11/junit-4.11-sources.jar
2024-02-22 16:53:48,578 [AetherRepositoryConnector-repo.maven.apache.org-1-1] INFO  o.e.m.c.i.e.AbstractTransferListenerAdapter - Downloaded https://repo.maven.apache.org/maven2/org/codehaus/plexus/plexus-utils/3.0.24/plexus-utils-3.0.24.jar
2024-02-22 16:53:48,579 [AetherRepositoryConnector-repo.maven.apache.org-1-2] INFO  o.e.m.c.i.e.AbstractTransferListenerAdapter - Downloaded https://repo.maven.apache.org/maven2/org/apache/maven/shared/maven-filtering/3.1.1/maven-filtering-3.1.1.jar
2024-02-22 16:53:48,582 [Worker-5: Download sources and javadoc] INFO  o.e.m.j.internal.DownloadSourcesJob - Downloaded sources for junit:junit:4.11
2024-02-22 16:53:48,587 [AetherRepositoryConnector-repo.maven.apache.org-1-3] INFO  o.e.m.c.i.e.AbstractTransferListenerAdapter - Downloaded https://repo.maven.apache.org/maven2/org/apache/maven/shared/maven-shared-utils/3.0.0/maven-shared-utils-3.0.0.jar
2024-02-22 16:53:48,593 [AetherRepositoryConnector-repo.maven.apache.org-1-1] INFO  o.e.m.c.i.e.AbstractTransferListenerAdapter - Downloading https://repo.maven.apache.org/maven2/org/codehaus/plexus/plexus-interpolation/1.24/plexus-interpolation-1.24.jar
2024-02-22 16:53:48,618 [AetherRepositoryConnector-repo.maven.apache.org-1-4] INFO  o.e.m.c.i.e.AbstractTransferListenerAdapter - Downloaded https://repo.maven.apache.org/maven2/org/sonatype/plexus/plexus-build-api/0.0.7/plexus-build-api-0.0.7.jar
2024-02-22 16:53:48,618 [AetherRepositoryConnector-repo.maven.apache.org-1-0] INFO  o.e.m.c.i.e.AbstractTransferListenerAdapter - Downloaded https://repo.maven.apache.org/maven2/org/codehaus/plexus/plexus-component-annotations/1.6/plexus-component-annotations-1.6.jar
2024-02-22 16:53:48,628 [AetherRepositoryConnector-repo.maven.apache.org-1-1] INFO  o.e.m.c.i.e.AbstractTransferListenerAdapter - Downloaded https://repo.maven.apache.org/maven2/org/codehaus/plexus/plexus-interpolation/1.24/plexus-interpolation-1.24.jar
2024-02-22 16:53:48,670 [Worker-5: Download sources and javadoc] INFO  o.e.m.c.i.e.AbstractTransferListenerAdapter - Downloading https://repo.maven.apache.org/maven2/org/hamcrest/hamcrest-core/1.3/hamcrest-core-1.3-sources.jar
2024-02-22 16:53:48,700 [Worker-5: Download sources and javadoc] INFO  o.e.m.c.i.e.AbstractTransferListenerAdapter - Downloaded https://repo.maven.apache.org/maven2/org/hamcrest/hamcrest-core/1.3/hamcrest-core-1.3-sources.jar
2024-02-22 16:53:48,706 [Worker-5: Download sources and javadoc] INFO  o.e.m.j.internal.DownloadSourcesJob - Downloaded sources for org.hamcrest:hamcrest-core:1.3
2024-02-22 16:53:48,788 [Worker-25: Creating maven-archetype-quickstart] INFO  o.e.m.j.i.AbstractJavaProjectConfigurator - Adding source folder /seleniumJPN/src/main/java
2024-02-22 16:53:48,814 [Worker-25: Creating maven-archetype-quickstart] INFO  o.e.m.j.i.AbstractJavaProjectConfigurator - Adding source folder /seleniumJPN/src/test/java
2024-02-22 16:53:49,294 [Worker-25: Creating maven-archetype-quickstart] INFO  o.e.m.c.i.p.ProjectConfigurationManager - Imported and configured 1 project(s) in 5 sec
2024-02-22 16:53:49,816 [Worker-26: Building] INFO  o.e.m.c.i.embedder.EclipseLogger - Using 'UTF-8' encoding to copy filtered resources.
2024-02-22 16:53:49,816 [Worker-26: Building] INFO  o.e.m.c.i.embedder.EclipseLogger - skip non existing resourceDirectory C:\Users\2155644\eclipse-workspace\SeleniumAutomation\seleniumJPN\src\main\resources
2024-02-22 16:53:49,821 [Worker-26: Building] INFO  o.e.m.c.i.embedder.EclipseLogger - Using 'UTF-8' encoding to copy filtered resources.
2024-02-22 16:53:49,821 [Worker-26: Building] INFO  o.e.m.c.i.embedder.EclipseLogger - skip non existing resourceDirectory C:\Users\2155644\eclipse-workspace\SeleniumAutomation\seleniumJPN\src\test\resources
2024-02-22 16:56:19,442 [Worker-24: Building] INFO  o.e.m.c.i.l.LifecycleMappingFactory - Using org.eclipse.m2e.jdt.JarLifecycleMapping lifecycle mapping for MavenProject: seleniumJPN:seleniumJPN:0.0.1-SNAPSHOT @ C:\Users\2155644\eclipse-workspace\SeleniumAutomation\seleniumJPN\pom.xml.
2024-02-22 16:56:19,862 [Worker-24: Building] INFO  o.e.m.c.i.embedder.EclipseLogger - Using 'UTF-8' encoding to copy filtered resources.
2024-02-22 16:56:19,862 [Worker-24: Building] INFO  o.e.m.c.i.embedder.EclipseLogger - skip non existing resourceDirectory C:\Users\2155644\eclipse-workspace\SeleniumAutomation\seleniumJPN\src\main\resources
2024-02-22 16:56:19,868 [Worker-24: Building] INFO  o.e.m.c.i.embedder.EclipseLogger - Using 'UTF-8' encoding to copy filtered resources.
2024-02-22 16:56:19,870 [Worker-24: Building] INFO  o.e.m.c.i.embedder.EclipseLogger - skip non existing resourceDirectory C:\Users\2155644\eclipse-workspace\SeleniumAutomation\seleniumJPN\src\test\resources
2024-02-22 16:57:45,112 [AetherRepositoryConnector-repo.maven.apache.org-2-1] INFO  o.e.m.c.i.e.AbstractTransferListenerAdapter - Downloading https://repo.maven.apache.org/maven2/org/seleniumhq/selenium/selenium-devtools-v120/4.18.1/selenium-devtools-v120-4.18.1.jar
2024-02-22 16:57:45,112 [AetherRepositoryConnector-repo.maven.apache.org-2-3] INFO  o.e.m.c.i.e.AbstractTransferListenerAdapter - Downloading https://repo.maven.apache.org/maven2/org/seleniumhq/selenium/selenium-devtools-v122/4.18.1/selenium-devtools-v122-4.18.1.jar
2024-02-22 16:57:45,164 [AetherRepositoryConnector-repo.maven.apache.org-2-0] INFO  o.e.m.c.i.e.AbstractTransferListenerAdapter - Downloading https://repo.maven.apache.org/maven2/org/seleniumhq/selenium/selenium-manager/4.18.1/selenium-manager-4.18.1.jar
2024-02-22 16:57:45,164 [AetherRepositoryConnector-repo.maven.apache.org-2-2] INFO  o.e.m.c.i.e.AbstractTransferListenerAdapter - Downloading https://repo.maven.apache.org/maven2/org/seleniumhq/selenium/selenium-devtools-v121/4.18.1/selenium-devtools-v121-4.18.1.jar
2024-02-22 16:57:45,189 [AetherRepositoryConnector-repo.maven.apache.org-2-4] INFO  o.e.m.c.i.e.AbstractTransferListenerAdapter - Downloading https://repo.maven.apache.org/maven2/org/seleniumhq/selenium/selenium-devtools-v85/4.18.1/selenium-devtools-v85-4.18.1.jar
2024-02-22 16:57:45,852 [AetherRepositoryConnector-repo.maven.apache.org-2-4] INFO  o.e.m.c.i.e.AbstractTransferListenerAdapter - Downloaded https://repo.maven.apache.org/maven2/org/seleniumhq/selenium/selenium-devtools-v85/4.18.1/selenium-devtools-v85-4.18.1.jar
2024-02-22 16:57:45,962 [AetherRepositoryConnector-repo.maven.apache.org-2-1] INFO  o.e.m.c.i.e.AbstractTransferListenerAdapter - Downloaded https://repo.maven.apache.org/maven2/org/seleniumhq/selenium/selenium-devtools-v120/4.18.1/selenium-devtools-v120-4.18.1.jar
2024-02-22 16:57:46,118 [AetherRepositoryConnector-repo.maven.apache.org-2-4] INFO  o.e.m.c.i.e.AbstractTransferListenerAdapter - Downloading https://repo.maven.apache.org/maven2/org/seleniumhq/selenium/selenium-edge-driver/4.18.1/selenium-edge-driver-4.18.1.jar
2024-02-22 16:57:46,120 [AetherRepositoryConnector-repo.maven.apache.org-2-3] INFO  o.e.m.c.i.e.AbstractTransferListenerAdapter - Downloaded https://repo.maven.apache.org/maven2/org/seleniumhq/selenium/selenium-devtools-v122/4.18.1/selenium-devtools-v122-4.18.1.jar
2024-02-22 16:57:46,132 [AetherRepositoryConnector-repo.maven.apache.org-2-2] INFO  o.e.m.c.i.e.AbstractTransferListenerAdapter - Downloaded https://repo.maven.apache.org/maven2/org/seleniumhq/selenium/selenium-devtools-v121/4.18.1/selenium-devtools-v121-4.18.1.jar
2024-02-22 16:57:46,227 [AetherRepositoryConnector-repo.maven.apache.org-2-1] INFO  o.e.m.c.i.e.AbstractTransferListenerAdapter - Downloading https://repo.maven.apache.org/maven2/org/seleniumhq/selenium/selenium-firefox-driver/4.18.1/selenium-firefox-driver-4.18.1.jar
2024-02-22 16:57:46,392 [AetherRepositoryConnector-repo.maven.apache.org-2-3] INFO  o.e.m.c.i.e.AbstractTransferListenerAdapter - Downloading https://repo.maven.apache.org/maven2/org/seleniumhq/selenium/selenium-http/4.18.1/selenium-http-4.18.1.jar
2024-02-22 16:57:46,415 [AetherRepositoryConnector-repo.maven.apache.org-2-2] INFO  o.e.m.c.i.e.AbstractTransferListenerAdapter - Downloading https://repo.maven.apache.org/maven2/dev/failsafe/failsafe/3.3.2/failsafe-3.3.2.jar
2024-02-22 16:57:46,419 [AetherRepositoryConnector-repo.maven.apache.org-2-4] INFO  o.e.m.c.i.e.AbstractTransferListenerAdapter - Downloaded https://repo.maven.apache.org/maven2/org/seleniumhq/selenium/selenium-edge-driver/4.18.1/selenium-edge-driver-4.18.1.jar
2024-02-22 16:57:46,550 [AetherRepositoryConnector-repo.maven.apache.org-2-1] INFO  o.e.m.c.i.e.AbstractTransferListenerAdapter - Downloaded https://repo.maven.apache.org/maven2/org/seleniumhq/selenium/selenium-firefox-driver/4.18.1/selenium-firefox-driver-4.18.1.jar
2024-02-22 16:57:46,703 [AetherRepositoryConnector-repo.maven.apache.org-2-3] INFO  o.e.m.c.i.e.AbstractTransferListenerAdapter - Downloaded https://repo.maven.apache.org/maven2/org/seleniumhq/selenium/selenium-http/4.18.1/selenium-http-4.18.1.jar
2024-02-22 16:57:46,720 [AetherRepositoryConnector-repo.maven.apache.org-2-4] INFO  o.e.m.c.i.e.AbstractTransferListenerAdapter - Downloading https://repo.maven.apache.org/maven2/org/seleniumhq/selenium/selenium-ie-driver/4.18.1/selenium-ie-driver-4.18.1.jar
2024-02-22 16:57:46,760 [AetherRepositoryConnector-repo.maven.apache.org-2-2] INFO  o.e.m.c.i.e.AbstractTransferListenerAdapter - Downloaded https://repo.maven.apache.org/maven2/dev/failsafe/failsafe/3.3.2/failsafe-3.3.2.jar
2024-02-22 16:57:46,813 [AetherRepositoryConnector-repo.maven.apache.org-2-1] INFO  o.e.m.c.i.e.AbstractTransferListenerAdapter - Downloading https://repo.maven.apache.org/maven2/org/seleniumhq/selenium/selenium-remote-driver/4.18.1/selenium-remote-driver-4.18.1.jar
2024-02-22 16:57:46,977 [AetherRepositoryConnector-repo.maven.apache.org-2-3] INFO  o.e.m.c.i.e.AbstractTransferListenerAdapter - Downloading https://repo.maven.apache.org/maven2/com/google/guava/guava/33.0.0-jre/guava-33.0.0-jre.jar
2024-02-22 16:57:47,025 [AetherRepositoryConnector-repo.maven.apache.org-2-4] INFO  o.e.m.c.i.e.AbstractTransferListenerAdapter - Downloaded https://repo.maven.apache.org/maven2/org/seleniumhq/selenium/selenium-ie-driver/4.18.1/selenium-ie-driver-4.18.1.jar
2024-02-22 16:57:47,052 [AetherRepositoryConnector-repo.maven.apache.org-2-2] INFO  o.e.m.c.i.e.AbstractTransferListenerAdapter - Downloading https://repo.maven.apache.org/maven2/com/google/guava/failureaccess/1.0.2/failureaccess-1.0.2.jar
2024-02-22 16:57:47,308 [AetherRepositoryConnector-repo.maven.apache.org-2-4] INFO  o.e.m.c.i.e.AbstractTransferListenerAdapter - Downloading https://repo.maven.apache.org/maven2/org/checkerframework/checker-qual/3.41.0/checker-qual-3.41.0.jar
2024-02-22 16:57:47,313 [AetherRepositoryConnector-repo.maven.apache.org-2-1] INFO  o.e.m.c.i.e.AbstractTransferListenerAdapter - Downloaded https://repo.maven.apache.org/maven2/org/seleniumhq/selenium/selenium-remote-driver/4.18.1/selenium-remote-driver-4.18.1.jar
2024-02-22 16:57:47,343 [AetherRepositoryConnector-repo.maven.apache.org-2-2] INFO  o.e.m.c.i.e.AbstractTransferListenerAdapter - Downloaded https://repo.maven.apache.org/maven2/com/google/guava/failureaccess/1.0.2/failureaccess-1.0.2.jar
2024-02-22 16:57:47,566 [AetherRepositoryConnector-repo.maven.apache.org-2-1] INFO  o.e.m.c.i.e.AbstractTransferListenerAdapter - Downloading https://repo.maven.apache.org/maven2/com/google/errorprone/error_prone_annotations/2.23.0/error_prone_annotations-2.23.0.jar
2024-02-22 16:57:47,632 [AetherRepositoryConnector-repo.maven.apache.org-2-2] INFO  o.e.m.c.i.e.AbstractTransferListenerAdapter - Downloading https://repo.maven.apache.org/maven2/com/google/j2objc/j2objc-annotations/2.8/j2objc-annotations-2.8.jar
2024-02-22 16:57:47,690 [AetherRepositoryConnector-repo.maven.apache.org-2-4] INFO  o.e.m.c.i.e.AbstractTransferListenerAdapter - Downloaded https://repo.maven.apache.org/maven2/org/checkerframework/checker-qual/3.41.0/checker-qual-3.41.0.jar
2024-02-22 16:57:47,880 [AetherRepositoryConnector-repo.maven.apache.org-2-1] INFO  o.e.m.c.i.e.AbstractTransferListenerAdapter - Downloaded https://repo.maven.apache.org/maven2/com/google/errorprone/error_prone_annotations/2.23.0/error_prone_annotations-2.23.0.jar
2024-02-22 16:57:47,923 [AetherRepositoryConnector-repo.maven.apache.org-2-2] INFO  o.e.m.c.i.e.AbstractTransferListenerAdapter - Downloaded https://repo.maven.apache.org/maven2/com/google/j2objc/j2objc-annotations/2.8/j2objc-annotations-2.8.jar
2024-02-22 16:57:47,952 [AetherRepositoryConnector-repo.maven.apache.org-2-4] INFO  o.e.m.c.i.e.AbstractTransferListenerAdapter - Downloading https://repo.maven.apache.org/maven2/io/opentelemetry/semconv/opentelemetry-semconv/1.23.1-alpha/opentelemetry-semconv-1.23.1-alpha.jar
2024-02-22 16:57:48,036 [AetherRepositoryConnector-repo.maven.apache.org-2-1] INFO  o.e.m.c.i.e.AbstractTransferListenerAdapter - Downloading https://repo.maven.apache.org/maven2/io/opentelemetry/opentelemetry-api/1.35.0/opentelemetry-api-1.35.0.jar
2024-02-22 16:57:48,278 [AetherRepositoryConnector-repo.maven.apache.org-2-2] INFO  o.e.m.c.i.e.AbstractTransferListenerAdapter - Downloading https://repo.maven.apache.org/maven2/io/opentelemetry/opentelemetry-context/1.35.0/opentelemetry-context-1.35.0.jar
2024-02-22 16:57:48,291 [AetherRepositoryConnector-repo.maven.apache.org-2-3] INFO  o.e.m.c.i.e.AbstractTransferListenerAdapter - Downloaded https://repo.maven.apache.org/maven2/com/google/guava/guava/33.0.0-jre/guava-33.0.0-jre.jar
2024-02-22 16:57:48,293 [AetherRepositoryConnector-repo.maven.apache.org-2-0] INFO  o.e.m.c.i.e.AbstractTransferListenerAdapter - Downloaded https://repo.maven.apache.org/maven2/org/seleniumhq/selenium/selenium-manager/4.18.1/selenium-manager-4.18.1.jar
2024-02-22 16:57:48,293 [AetherRepositoryConnector-repo.maven.apache.org-2-4] INFO  o.e.m.c.i.e.AbstractTransferListenerAdapter - Downloaded https://repo.maven.apache.org/maven2/io/opentelemetry/semconv/opentelemetry-semconv/1.23.1-alpha/opentelemetry-semconv-1.23.1-alpha.jar
2024-02-22 16:57:48,301 [AetherRepositoryConnector-repo.maven.apache.org-2-1] INFO  o.e.m.c.i.e.AbstractTransferListenerAdapter - Downloaded https://repo.maven.apache.org/maven2/io/opentelemetry/opentelemetry-api/1.35.0/opentelemetry-api-1.35.0.jar
2024-02-22 16:57:48,311 [AetherRepositoryConnector-repo.maven.apache.org-2-3] INFO  o.e.m.c.i.e.AbstractTransferListenerAdapter - Downloading https://repo.maven.apache.org/maven2/io/opentelemetry/opentelemetry-exporter-logging/1.35.0/opentelemetry-exporter-logging-1.35.0.jar
2024-02-22 16:57:48,311 [AetherRepositoryConnector-repo.maven.apache.org-2-4] INFO  o.e.m.c.i.e.AbstractTransferListenerAdapter - Downloading https://repo.maven.apache.org/maven2/io/opentelemetry/opentelemetry-sdk-extension-autoconfigure-spi/1.35.0/opentelemetry-sdk-extension-autoconfigure-spi-1.35.0.jar
2024-02-22 16:57:48,311 [AetherRepositoryConnector-repo.maven.apache.org-2-0] INFO  o.e.m.c.i.e.AbstractTransferListenerAdapter - Downloading https://repo.maven.apache.org/maven2/io/opentelemetry/opentelemetry-sdk-common/1.35.0/opentelemetry-sdk-common-1.35.0.jar
2024-02-22 16:57:48,317 [AetherRepositoryConnector-repo.maven.apache.org-2-2] INFO  o.e.m.c.i.e.AbstractTransferListenerAdapter - Downloaded https://repo.maven.apache.org/maven2/io/opentelemetry/opentelemetry-context/1.35.0/opentelemetry-context-1.35.0.jar
2024-02-22 16:57:48,319 [AetherRepositoryConnector-repo.maven.apache.org-2-1] INFO  o.e.m.c.i.e.AbstractTransferListenerAdapter - Downloading https://repo.maven.apache.org/maven2/io/opentelemetry/opentelemetry-sdk-extension-autoconfigure/1.35.0/opentelemetry-sdk-extension-autoconfigure-1.35.0.jar
2024-02-22 16:57:48,338 [AetherRepositoryConnector-repo.maven.apache.org-2-2] INFO  o.e.m.c.i.e.AbstractTransferListenerAdapter - Downloading https://repo.maven.apache.org/maven2/io/opentelemetry/opentelemetry-api-events/1.35.0-alpha/opentelemetry-api-events-1.35.0-alpha.jar
2024-02-22 16:57:48,343 [AetherRepositoryConnector-repo.maven.apache.org-2-3] INFO  o.e.m.c.i.e.AbstractTransferListenerAdapter - Downloaded https://repo.maven.apache.org/maven2/io/opentelemetry/opentelemetry-exporter-logging/1.35.0/opentelemetry-exporter-logging-1.35.0.jar
2024-02-22 16:57:48,343 [AetherRepositoryConnector-repo.maven.apache.org-2-0] INFO  o.e.m.c.i.e.AbstractTransferListenerAdapter - Downloaded https://repo.maven.apache.org/maven2/io/opentelemetry/opentelemetry-sdk-common/1.35.0/opentelemetry-sdk-common-1.35.0.jar
2024-02-22 16:57:48,345 [AetherRepositoryConnector-repo.maven.apache.org-2-4] INFO  o.e.m.c.i.e.AbstractTransferListenerAdapter - Downloaded https://repo.maven.apache.org/maven2/io/opentelemetry/opentelemetry-sdk-extension-autoconfigure-spi/1.35.0/opentelemetry-sdk-extension-autoconfigure-spi-1.35.0.jar
2024-02-22 16:57:48,346 [AetherRepositoryConnector-repo.maven.apache.org-2-1] INFO  o.e.m.c.i.e.AbstractTransferListenerAdapter - Downloaded https://repo.maven.apache.org/maven2/io/opentelemetry/opentelemetry-sdk-extension-autoconfigure/1.35.0/opentelemetry-sdk-extension-autoconfigure-1.35.0.jar
2024-02-22 16:57:48,355 [AetherRepositoryConnector-repo.maven.apache.org-2-2] INFO  o.e.m.c.i.e.AbstractTransferListenerAdapter - Downloaded https://repo.maven.apache.org/maven2/io/opentelemetry/opentelemetry-api-events/1.35.0-alpha/opentelemetry-api-events-1.35.0-alpha.jar
2024-02-22 16:57:48,359 [AetherRepositoryConnector-repo.maven.apache.org-2-4] INFO  o.e.m.c.i.e.AbstractTransferListenerAdapter - Downloading https://repo.maven.apache.org/maven2/io/opentelemetry/opentelemetry-sdk/1.35.0/opentelemetry-sdk-1.35.0.jar
2024-02-22 16:57:48,359 [AetherRepositoryConnector-repo.maven.apache.org-2-1] INFO  o.e.m.c.i.e.AbstractTransferListenerAdapter - Downloading https://repo.maven.apache.org/maven2/io/opentelemetry/opentelemetry-sdk-metrics/1.35.0/opentelemetry-sdk-metrics-1.35.0.jar
2024-02-22 16:57:48,362 [AetherRepositoryConnector-repo.maven.apache.org-2-3] INFO  o.e.m.c.i.e.AbstractTransferListenerAdapter - Downloading https://repo.maven.apache.org/maven2/io/opentelemetry/opentelemetry-sdk-trace/1.35.0/opentelemetry-sdk-trace-1.35.0.jar
2024-02-22 16:57:48,413 [AetherRepositoryConnector-repo.maven.apache.org-2-0] INFO  o.e.m.c.i.e.AbstractTransferListenerAdapter - Downloading https://repo.maven.apache.org/maven2/io/opentelemetry/opentelemetry-extension-incubator/1.35.0-alpha/opentelemetry-extension-incubator-1.35.0-alpha.jar
2024-02-22 16:57:48,415 [AetherRepositoryConnector-repo.maven.apache.org-2-2] INFO  o.e.m.c.i.e.AbstractTransferListenerAdapter - Downloading https://repo.maven.apache.org/maven2/io/opentelemetry/opentelemetry-sdk-logs/1.35.0/opentelemetry-sdk-logs-1.35.0.jar
2024-02-22 16:57:48,427 [AetherRepositoryConnector-repo.maven.apache.org-2-3] INFO  o.e.m.c.i.e.AbstractTransferListenerAdapter - Downloaded https://repo.maven.apache.org/maven2/io/opentelemetry/opentelemetry-sdk-trace/1.35.0/opentelemetry-sdk-trace-1.35.0.jar
2024-02-22 16:57:48,429 [AetherRepositoryConnector-repo.maven.apache.org-2-4] INFO  o.e.m.c.i.e.AbstractTransferListenerAdapter - Downloaded https://repo.maven.apache.org/maven2/io/opentelemetry/opentelemetry-sdk/1.35.0/opentelemetry-sdk-1.35.0.jar
2024-02-22 16:57:48,433 [AetherRepositoryConnector-repo.maven.apache.org-2-0] INFO  o.e.m.c.i.e.AbstractTransferListenerAdapter - Downloaded https://repo.maven.apache.org/maven2/io/opentelemetry/opentelemetry-extension-incubator/1.35.0-alpha/opentelemetry-extension-incubator-1.35.0-alpha.jar
2024-02-22 16:57:48,433 [AetherRepositoryConnector-repo.maven.apache.org-2-1] INFO  o.e.m.c.i.e.AbstractTransferListenerAdapter - Downloaded https://repo.maven.apache.org/maven2/io/opentelemetry/opentelemetry-sdk-metrics/1.35.0/opentelemetry-sdk-metrics-1.35.0.jar
2024-02-22 16:57:48,439 [AetherRepositoryConnector-repo.maven.apache.org-2-3] INFO  o.e.m.c.i.e.AbstractTransferListenerAdapter - Downloading https://repo.maven.apache.org/maven2/net/bytebuddy/byte-buddy/1.14.12/byte-buddy-1.14.12.jar
2024-02-22 16:57:48,443 [AetherRepositoryConnector-repo.maven.apache.org-2-2] INFO  o.e.m.c.i.e.AbstractTransferListenerAdapter - Downloaded https://repo.maven.apache.org/maven2/io/opentelemetry/opentelemetry-sdk-logs/1.35.0/opentelemetry-sdk-logs-1.35.0.jar
2024-02-22 16:57:48,582 [AetherRepositoryConnector-repo.maven.apache.org-2-4] INFO  o.e.m.c.i.e.AbstractTransferListenerAdapter - Downloading https://repo.maven.apache.org/maven2/org/seleniumhq/selenium/selenium-os/4.18.1/selenium-os-4.18.1.jar
2024-02-22 16:57:48,592 [AetherRepositoryConnector-repo.maven.apache.org-2-1] INFO  o.e.m.c.i.e.AbstractTransferListenerAdapter - Downloading https://repo.maven.apache.org/maven2/org/seleniumhq/selenium/selenium-support/4.18.1/selenium-support-4.18.1.jar
2024-02-22 16:57:48,592 [AetherRepositoryConnector-repo.maven.apache.org-2-0] INFO  o.e.m.c.i.e.AbstractTransferListenerAdapter - Downloading https://repo.maven.apache.org/maven2/org/seleniumhq/selenium/selenium-safari-driver/4.18.1/selenium-safari-driver-4.18.1.jar
2024-02-22 16:57:48,754 [AetherRepositoryConnector-repo.maven.apache.org-2-4] INFO  o.e.m.c.i.e.AbstractTransferListenerAdapter - Downloaded https://repo.maven.apache.org/maven2/org/seleniumhq/selenium/selenium-os/4.18.1/selenium-os-4.18.1.jar
2024-02-22 16:57:48,816 [AetherRepositoryConnector-repo.maven.apache.org-2-0] INFO  o.e.m.c.i.e.AbstractTransferListenerAdapter - Downloaded https://repo.maven.apache.org/maven2/org/seleniumhq/selenium/selenium-safari-driver/4.18.1/selenium-safari-driver-4.18.1.jar
2024-02-22 16:57:48,877 [AetherRepositoryConnector-repo.maven.apache.org-2-1] INFO  o.e.m.c.i.e.AbstractTransferListenerAdapter - Downloaded https://repo.maven.apache.org/maven2/org/seleniumhq/selenium/selenium-support/4.18.1/selenium-support-4.18.1.jar
2024-02-22 16:57:49,057 [AetherRepositoryConnector-repo.maven.apache.org-2-3] INFO  o.e.m.c.i.e.AbstractTransferListenerAdapter - Downloaded https://repo.maven.apache.org/maven2/net/bytebuddy/byte-buddy/1.14.12/byte-buddy-1.14.12.jar
2024-02-22 16:57:49,723 [Worker-9: Building] INFO  o.e.m.c.i.l.LifecycleMappingFactory - Using org.eclipse.m2e.jdt.JarLifecycleMapping lifecycle mapping for MavenProject: seleniumJPN:seleniumJPN:0.0.1-SNAPSHOT @ C:\Users\2155644\eclipse-workspace\SeleniumAutomation\seleniumJPN\pom.xml.
2024-02-22 16:57:50,527 [Worker-9: Building] INFO  o.e.m.c.i.embedder.EclipseLogger - Using 'UTF-8' encoding to copy filtered resources.
2024-02-22 16:57:50,527 [Worker-9: Building] INFO  o.e.m.c.i.embedder.EclipseLogger - skip non existing resourceDirectory C:\Users\2155644\eclipse-workspace\SeleniumAutomation\seleniumJPN\src\main\resources
2024-02-22 16:57:50,532 [Worker-9: Building] INFO  o.e.m.c.i.embedder.EclipseLogger - Using 'UTF-8' encoding to copy filtered resources.
2024-02-22 16:57:50,532 [Worker-9: Building] INFO  o.e.m.c.i.embedder.EclipseLogger - skip non existing resourceDirectory C:\Users\2155644\eclipse-workspace\SeleniumAutomation\seleniumJPN\src\test\resources
2024-02-22 16:57:51,254 [Worker-9: Download sources and javadoc] INFO  o.e.m.c.i.e.AbstractTransferListenerAdapter - Downloading https://repo.maven.apache.org/maven2/org/seleniumhq/selenium/selenium-java/4.18.1/selenium-java-4.18.1-sources.jar
2024-02-22 16:57:51,277 [Worker-9: Download sources and javadoc] INFO  o.e.m.c.i.e.AbstractTransferListenerAdapter - Downloaded https://repo.maven.apache.org/maven2/org/seleniumhq/selenium/selenium-java/4.18.1/selenium-java-4.18.1-sources.jar
2024-02-22 16:57:51,286 [Worker-9: Download sources and javadoc] INFO  o.e.m.j.internal.DownloadSourcesJob - Downloaded sources for org.seleniumhq.selenium:selenium-java:4.18.1
2024-02-22 16:57:51,367 [Worker-9: Download sources and javadoc] INFO  o.e.m.c.i.e.AbstractTransferListenerAdapter - Downloading https://repo.maven.apache.org/maven2/org/seleniumhq/selenium/selenium-api/4.18.1/selenium-api-4.18.1-sources.jar
2024-02-22 16:57:51,438 [Worker-9: Download sources and javadoc] INFO  o.e.m.c.i.e.AbstractTransferListenerAdapter - Downloaded https://repo.maven.apache.org/maven2/org/seleniumhq/selenium/selenium-api/4.18.1/selenium-api-4.18.1-sources.jar
2024-02-22 16:57:51,445 [Worker-9: Download sources and javadoc] INFO  o.e.m.j.internal.DownloadSourcesJob - Downloaded sources for org.seleniumhq.selenium:selenium-api:4.18.1
2024-02-22 16:57:51,506 [Worker-9: Download sources and javadoc] INFO  o.e.m.c.i.e.AbstractTransferListenerAdapter - Downloading https://repo.maven.apache.org/maven2/org/seleniumhq/selenium/selenium-chrome-driver/4.18.1/selenium-chrome-driver-4.18.1-sources.jar
2024-02-22 16:57:51,587 [Worker-9: Download sources and javadoc] INFO  o.e.m.c.i.e.AbstractTransferListenerAdapter - Downloaded https://repo.maven.apache.org/maven2/org/seleniumhq/selenium/selenium-chrome-driver/4.18.1/selenium-chrome-driver-4.18.1-sources.jar
2024-02-22 16:57:51,595 [Worker-9: Download sources and javadoc] INFO  o.e.m.j.internal.DownloadSourcesJob - Downloaded sources for org.seleniumhq.selenium:selenium-chrome-driver:4.18.1
2024-02-22 16:57:51,655 [Worker-9: Download sources and javadoc] INFO  o.e.m.c.i.e.AbstractTransferListenerAdapter - Downloading https://repo.maven.apache.org/maven2/com/google/auto/service/auto-service-annotations/1.1.1/auto-service-annotations-1.1.1-sources.jar
2024-02-22 16:57:51,688 [Worker-9: Download sources and javadoc] INFO  o.e.m.c.i.e.AbstractTransferListenerAdapter - Downloaded https://repo.maven.apache.org/maven2/com/google/auto/service/auto-service-annotations/1.1.1/auto-service-annotations-1.1.1-sources.jar
2024-02-22 16:57:51,698 [Worker-9: Download sources and javadoc] INFO  o.e.m.j.internal.DownloadSourcesJob - Downloaded sources for com.google.auto.service:auto-service-annotations:1.1.1
2024-02-22 16:57:51,784 [Worker-9: Download sources and javadoc] INFO  o.e.m.c.i.e.AbstractTransferListenerAdapter - Downloading https://repo.maven.apache.org/maven2/org/seleniumhq/selenium/selenium-chromium-driver/4.18.1/selenium-chromium-driver-4.18.1-sources.jar
2024-02-22 16:57:51,815 [Worker-9: Download sources and javadoc] INFO  o.e.m.c.i.e.AbstractTransferListenerAdapter - Downloaded https://repo.maven.apache.org/maven2/org/seleniumhq/selenium/selenium-chromium-driver/4.18.1/selenium-chromium-driver-4.18.1-sources.jar
2024-02-22 16:57:51,824 [Worker-9: Download sources and javadoc] INFO  o.e.m.j.internal.DownloadSourcesJob - Downloaded sources for org.seleniumhq.selenium:selenium-chromium-driver:4.18.1
2024-02-22 16:57:51,906 [Worker-9: Download sources and javadoc] INFO  o.e.m.c.i.e.AbstractTransferListenerAdapter - Downloading https://repo.maven.apache.org/maven2/org/seleniumhq/selenium/selenium-json/4.18.1/selenium-json-4.18.1-sources.jar
2024-02-22 16:57:52,081 [Worker-24: Building] INFO  o.e.m.c.i.embedder.EclipseLogger - Using 'UTF-8' encoding to copy filtered resources.
2024-02-22 16:57:52,081 [Worker-24: Building] INFO  o.e.m.c.i.embedder.EclipseLogger - skip non existing resourceDirectory C:\Users\2155644\eclipse-workspace\SeleniumAutomation\seleniumJPN\src\main\resources
2024-02-22 16:57:52,094 [Worker-24: Building] INFO  o.e.m.c.i.embedder.EclipseLogger - Using 'UTF-8' encoding to copy filtered resources.
2024-02-22 16:57:52,096 [Worker-24: Building] INFO  o.e.m.c.i.embedder.EclipseLogger - skip non existing resourceDirectory C:\Users\2155644\eclipse-workspace\SeleniumAutomation\seleniumJPN\src\test\resources
2024-02-22 16:57:52,550 [Worker-9: Download sources and javadoc] INFO  o.e.m.c.i.e.AbstractTransferListenerAdapter - Downloaded https://repo.maven.apache.org/maven2/org/seleniumhq/selenium/selenium-json/4.18.1/selenium-json-4.18.1-sources.jar
2024-02-22 16:57:52,560 [Worker-9: Download sources and javadoc] INFO  o.e.m.j.internal.DownloadSourcesJob - Downloaded sources for org.seleniumhq.selenium:selenium-json:4.18.1
2024-02-22 16:57:52,614 [Worker-9: Download sources and javadoc] INFO  o.e.m.c.i.e.AbstractTransferListenerAdapter - Downloading https://repo.maven.apache.org/maven2/org/seleniumhq/selenium/selenium-manager/4.18.1/selenium-manager-4.18.1-sources.jar
2024-02-22 16:57:52,703 [Worker-9: Download sources and javadoc] INFO  o.e.m.c.i.e.AbstractTransferListenerAdapter - Downloaded https://repo.maven.apache.org/maven2/org/seleniumhq/selenium/selenium-manager/4.18.1/selenium-manager-4.18.1-sources.jar
2024-02-22 16:57:52,712 [Worker-9: Download sources and javadoc] INFO  o.e.m.j.internal.DownloadSourcesJob - Downloaded sources for org.seleniumhq.selenium:selenium-manager:4.18.1
2024-02-22 16:57:52,774 [Worker-9: Download sources and javadoc] INFO  o.e.m.c.i.e.AbstractTransferListenerAdapter - Downloading https://repo.maven.apache.org/maven2/org/seleniumhq/selenium/selenium-devtools-v120/4.18.1/selenium-devtools-v120-4.18.1-sources.jar
2024-02-22 16:57:52,913 [Worker-9: Download sources and javadoc] INFO  o.e.m.c.i.e.AbstractTransferListenerAdapter - Downloaded https://repo.maven.apache.org/maven2/org/seleniumhq/selenium/selenium-devtools-v120/4.18.1/selenium-devtools-v120-4.18.1-sources.jar
2024-02-22 16:57:52,922 [Worker-9: Download sources and javadoc] INFO  o.e.m.j.internal.DownloadSourcesJob - Downloaded sources for org.seleniumhq.selenium:selenium-devtools-v120:4.18.1
2024-02-22 16:57:52,984 [Worker-9: Download sources and javadoc] INFO  o.e.m.c.i.e.AbstractTransferListenerAdapter - Downloading https://repo.maven.apache.org/maven2/org/seleniumhq/selenium/selenium-devtools-v121/4.18.1/selenium-devtools-v121-4.18.1-sources.jar
2024-02-22 16:57:53,291 [Worker-9: Download sources and javadoc] INFO  o.e.m.c.i.e.AbstractTransferListenerAdapter - Downloaded https://repo.maven.apache.org/maven2/org/seleniumhq/selenium/selenium-devtools-v121/4.18.1/selenium-devtools-v121-4.18.1-sources.jar
2024-02-22 16:57:53,300 [Worker-9: Download sources and javadoc] INFO  o.e.m.j.internal.DownloadSourcesJob - Downloaded sources for org.seleniumhq.selenium:selenium-devtools-v121:4.18.1
2024-02-22 16:57:53,362 [Worker-9: Download sources and javadoc] INFO  o.e.m.c.i.e.AbstractTransferListenerAdapter - Downloading https://repo.maven.apache.org/maven2/org/seleniumhq/selenium/selenium-devtools-v122/4.18.1/selenium-devtools-v122-4.18.1-sources.jar
2024-02-22 16:57:53,468 [Worker-9: Download sources and javadoc] INFO  o.e.m.c.i.e.AbstractTransferListenerAdapter - Downloaded https://repo.maven.apache.org/maven2/org/seleniumhq/selenium/selenium-devtools-v122/4.18.1/selenium-devtools-v122-4.18.1-sources.jar
2024-02-22 16:57:53,479 [Worker-9: Download sources and javadoc] INFO  o.e.m.j.internal.DownloadSourcesJob - Downloaded sources for org.seleniumhq.selenium:selenium-devtools-v122:4.18.1
2024-02-22 16:57:53,531 [Worker-9: Download sources and javadoc] INFO  o.e.m.c.i.e.AbstractTransferListenerAdapter - Downloading https://repo.maven.apache.org/maven2/org/seleniumhq/selenium/selenium-devtools-v85/4.18.1/selenium-devtools-v85-4.18.1-sources.jar
2024-02-22 16:57:53,627 [Worker-9: Download sources and javadoc] INFO  o.e.m.c.i.e.AbstractTransferListenerAdapter - Downloaded https://repo.maven.apache.org/maven2/org/seleniumhq/selenium/selenium-devtools-v85/4.18.1/selenium-devtools-v85-4.18.1-sources.jar
2024-02-22 16:57:53,634 [Worker-9: Download sources and javadoc] INFO  o.e.m.j.internal.DownloadSourcesJob - Downloaded sources for org.seleniumhq.selenium:selenium-devtools-v85:4.18.1
2024-02-22 16:57:53,690 [Worker-9: Download sources and javadoc] INFO  o.e.m.c.i.e.AbstractTransferListenerAdapter - Downloading https://repo.maven.apache.org/maven2/org/seleniumhq/selenium/selenium-edge-driver/4.18.1/selenium-edge-driver-4.18.1-sources.jar
2024-02-22 16:57:53,714 [Worker-9: Download sources and javadoc] INFO  o.e.m.c.i.e.AbstractTransferListenerAdapter - Downloaded https://repo.maven.apache.org/maven2/org/seleniumhq/selenium/selenium-edge-driver/4.18.1/selenium-edge-driver-4.18.1-sources.jar
2024-02-22 16:57:53,723 [Worker-9: Download sources and javadoc] INFO  o.e.m.j.internal.DownloadSourcesJob - Downloaded sources for org.seleniumhq.selenium:selenium-edge-driver:4.18.1
2024-02-22 16:57:53,771 [Worker-9: Download sources and javadoc] INFO  o.e.m.c.i.e.AbstractTransferListenerAdapter - Downloading https://repo.maven.apache.org/maven2/org/seleniumhq/selenium/selenium-firefox-driver/4.18.1/selenium-firefox-driver-4.18.1-sources.jar
2024-02-22 16:57:53,803 [Worker-9: Download sources and javadoc] INFO  o.e.m.c.i.e.AbstractTransferListenerAdapter - Downloaded https://repo.maven.apache.org/maven2/org/seleniumhq/selenium/selenium-firefox-driver/4.18.1/selenium-firefox-driver-4.18.1-sources.jar
2024-02-22 16:57:53,810 [Worker-9: Download sources and javadoc] INFO  o.e.m.j.internal.DownloadSourcesJob - Downloaded sources for org.seleniumhq.selenium:selenium-firefox-driver:4.18.1
2024-02-22 16:57:53,868 [Worker-9: Download sources and javadoc] INFO  o.e.m.c.i.e.AbstractTransferListenerAdapter - Downloading https://repo.maven.apache.org/maven2/org/seleniumhq/selenium/selenium-http/4.18.1/selenium-http-4.18.1-sources.jar
2024-02-22 16:57:53,896 [Worker-9: Download sources and javadoc] INFO  o.e.m.c.i.e.AbstractTransferListenerAdapter - Downloaded https://repo.maven.apache.org/maven2/org/seleniumhq/selenium/selenium-http/4.18.1/selenium-http-4.18.1-sources.jar
2024-02-22 16:57:53,904 [Worker-9: Download sources and javadoc] INFO  o.e.m.j.internal.DownloadSourcesJob - Downloaded sources for org.seleniumhq.selenium:selenium-http:4.18.1
2024-02-22 16:57:53,950 [Worker-9: Download sources and javadoc] INFO  o.e.m.c.i.e.AbstractTransferListenerAdapter - Downloading https://repo.maven.apache.org/maven2/dev/failsafe/failsafe/3.3.2/failsafe-3.3.2-sources.jar
2024-02-22 16:57:53,988 [Worker-9: Download sources and javadoc] INFO  o.e.m.c.i.e.AbstractTransferListenerAdapter - Downloaded https://repo.maven.apache.org/maven2/dev/failsafe/failsafe/3.3.2/failsafe-3.3.2-sources.jar
2024-02-22 16:57:53,996 [Worker-9: Download sources and javadoc] INFO  o.e.m.j.internal.DownloadSourcesJob - Downloaded sources for dev.failsafe:failsafe:3.3.2
2024-02-22 16:57:54,043 [Worker-9: Download sources and javadoc] INFO  o.e.m.c.i.e.AbstractTransferListenerAdapter - Downloading https://repo.maven.apache.org/maven2/org/seleniumhq/selenium/selenium-ie-driver/4.18.1/selenium-ie-driver-4.18.1-sources.jar
2024-02-22 16:57:54,066 [Worker-9: Download sources and javadoc] INFO  o.e.m.c.i.e.AbstractTransferListenerAdapter - Downloaded https://repo.maven.apache.org/maven2/org/seleniumhq/selenium/selenium-ie-driver/4.18.1/selenium-ie-driver-4.18.1-sources.jar
2024-02-22 16:57:54,076 [Worker-9: Download sources and javadoc] INFO  o.e.m.j.internal.DownloadSourcesJob - Downloaded sources for org.seleniumhq.selenium:selenium-ie-driver:4.18.1
2024-02-22 16:57:54,166 [Worker-9: Download sources and javadoc] INFO  o.e.m.c.i.e.AbstractTransferListenerAdapter - Downloading https://repo.maven.apache.org/maven2/org/seleniumhq/selenium/selenium-remote-driver/4.18.1/selenium-remote-driver-4.18.1-sources.jar
2024-02-22 16:57:54,231 [Worker-9: Download sources and javadoc] INFO  o.e.m.c.i.e.AbstractTransferListenerAdapter - Downloaded https://repo.maven.apache.org/maven2/org/seleniumhq/selenium/selenium-remote-driver/4.18.1/selenium-remote-driver-4.18.1-sources.jar
2024-02-22 16:57:54,238 [Worker-9: Download sources and javadoc] INFO  o.e.m.j.internal.DownloadSourcesJob - Downloaded sources for org.seleniumhq.selenium:selenium-remote-driver:4.18.1
2024-02-22 16:57:54,316 [Worker-9: Download sources and javadoc] INFO  o.e.m.c.i.e.AbstractTransferListenerAdapter - Downloading https://repo.maven.apache.org/maven2/com/google/guava/guava/33.0.0-jre/guava-33.0.0-jre-sources.jar
2024-02-22 16:57:54,537 [Worker-9: Download sources and javadoc] INFO  o.e.m.c.i.e.AbstractTransferListenerAdapter - Downloaded https://repo.maven.apache.org/maven2/com/google/guava/guava/33.0.0-jre/guava-33.0.0-jre-sources.jar
2024-02-22 16:57:54,561 [Worker-9: Download sources and javadoc] INFO  o.e.m.j.internal.DownloadSourcesJob - Downloaded sources for com.google.guava:guava:33.0.0-jre
2024-02-22 16:57:54,622 [Worker-9: Download sources and javadoc] INFO  o.e.m.c.i.e.AbstractTransferListenerAdapter - Downloading https://repo.maven.apache.org/maven2/com/google/guava/failureaccess/1.0.2/failureaccess-1.0.2-sources.jar
2024-02-22 16:57:54,651 [Worker-9: Download sources and javadoc] INFO  o.e.m.c.i.e.AbstractTransferListenerAdapter - Downloaded https://repo.maven.apache.org/maven2/com/google/guava/failureaccess/1.0.2/failureaccess-1.0.2-sources.jar
2024-02-22 16:57:54,658 [Worker-9: Download sources and javadoc] INFO  o.e.m.j.internal.DownloadSourcesJob - Downloaded sources for com.google.guava:failureaccess:1.0.2
2024-02-22 16:57:54,705 [Worker-9: Download sources and javadoc] INFO  o.e.m.c.i.e.AbstractTransferListenerAdapter - Downloading https://repo.maven.apache.org/maven2/org/checkerframework/checker-qual/3.41.0/checker-qual-3.41.0-sources.jar
2024-02-22 16:57:54,774 [Worker-9: Download sources and javadoc] INFO  o.e.m.c.i.e.AbstractTransferListenerAdapter - Downloaded https://repo.maven.apache.org/maven2/org/checkerframework/checker-qual/3.41.0/checker-qual-3.41.0-sources.jar
2024-02-22 16:57:54,782 [Worker-9: Download sources and javadoc] INFO  o.e.m.j.internal.DownloadSourcesJob - Downloaded sources for org.checkerframework:checker-qual:3.41.0
2024-02-22 16:57:54,837 [Worker-9: Download sources and javadoc] INFO  o.e.m.c.i.e.AbstractTransferListenerAdapter - Downloading https://repo.maven.apache.org/maven2/com/google/errorprone/error_prone_annotations/2.23.0/error_prone_annotations-2.23.0-sources.jar
2024-02-22 16:57:54,868 [Worker-9: Download sources and javadoc] INFO  o.e.m.c.i.e.AbstractTransferListenerAdapter - Downloaded https://repo.maven.apache.org/maven2/com/google/errorprone/error_prone_annotations/2.23.0/error_prone_annotations-2.23.0-sources.jar
2024-02-22 16:57:54,879 [Worker-9: Download sources and javadoc] INFO  o.e.m.j.internal.DownloadSourcesJob - Downloaded sources for com.google.errorprone:error_prone_annotations:2.23.0
2024-02-22 16:57:54,942 [Worker-9: Download sources and javadoc] INFO  o.e.m.c.i.e.AbstractTransferListenerAdapter - Downloading https://repo.maven.apache.org/maven2/com/google/j2objc/j2objc-annotations/2.8/j2objc-annotations-2.8-sources.jar
2024-02-22 16:57:54,959 [Worker-9: Download sources and javadoc] INFO  o.e.m.c.i.e.AbstractTransferListenerAdapter - Downloaded https://repo.maven.apache.org/maven2/com/google/j2objc/j2objc-annotations/2.8/j2objc-annotations-2.8-sources.jar
2024-02-22 16:57:54,967 [Worker-9: Download sources and javadoc] INFO  o.e.m.j.internal.DownloadSourcesJob - Downloaded sources for com.google.j2objc:j2objc-annotations:2.8
2024-02-22 16:57:55,012 [Worker-9: Download sources and javadoc] INFO  o.e.m.c.i.e.AbstractTransferListenerAdapter - Downloading https://repo.maven.apache.org/maven2/io/opentelemetry/semconv/opentelemetry-semconv/1.23.1-alpha/opentelemetry-semconv-1.23.1-alpha-sources.jar
2024-02-22 16:57:55,036 [Worker-9: Download sources and javadoc] INFO  o.e.m.c.i.e.AbstractTransferListenerAdapter - Downloaded https://repo.maven.apache.org/maven2/io/opentelemetry/semconv/opentelemetry-semconv/1.23.1-alpha/opentelemetry-semconv-1.23.1-alpha-sources.jar
2024-02-22 16:57:55,042 [Worker-9: Download sources and javadoc] INFO  o.e.m.j.internal.DownloadSourcesJob - Downloaded sources for io.opentelemetry.semconv:opentelemetry-semconv:1.23.1-alpha
2024-02-22 16:57:55,079 [Worker-9: Download sources and javadoc] INFO  o.e.m.c.i.e.AbstractTransferListenerAdapter - Downloading https://repo.maven.apache.org/maven2/io/opentelemetry/opentelemetry-api/1.35.0/opentelemetry-api-1.35.0-sources.jar
2024-02-22 16:57:55,340 [Worker-9: Download sources and javadoc] INFO  o.e.m.c.i.e.AbstractTransferListenerAdapter - Downloaded https://repo.maven.apache.org/maven2/io/opentelemetry/opentelemetry-api/1.35.0/opentelemetry-api-1.35.0-sources.jar
2024-02-22 16:57:55,348 [Worker-9: Download sources and javadoc] INFO  o.e.m.j.internal.DownloadSourcesJob - Downloaded sources for io.opentelemetry:opentelemetry-api:1.35.0
2024-02-22 16:57:55,408 [Worker-9: Download sources and javadoc] INFO  o.e.m.c.i.e.AbstractTransferListenerAdapter - Downloading https://repo.maven.apache.org/maven2/io/opentelemetry/opentelemetry-context/1.35.0/opentelemetry-context-1.35.0-sources.jar
2024-02-22 16:57:55,439 [Worker-9: Download sources and javadoc] INFO  o.e.m.c.i.e.AbstractTransferListenerAdapter - Downloaded https://repo.maven.apache.org/maven2/io/opentelemetry/opentelemetry-context/1.35.0/opentelemetry-context-1.35.0-sources.jar
2024-02-22 16:57:55,445 [Worker-9: Download sources and javadoc] INFO  o.e.m.j.internal.DownloadSourcesJob - Downloaded sources for io.opentelemetry:opentelemetry-context:1.35.0
2024-02-22 16:57:55,500 [Worker-9: Download sources and javadoc] INFO  o.e.m.c.i.e.AbstractTransferListenerAdapter - Downloading https://repo.maven.apache.org/maven2/io/opentelemetry/opentelemetry-exporter-logging/1.35.0/opentelemetry-exporter-logging-1.35.0-sources.jar
2024-02-22 16:57:55,517 [Worker-9: Download sources and javadoc] INFO  o.e.m.c.i.e.AbstractTransferListenerAdapter - Downloaded https://repo.maven.apache.org/maven2/io/opentelemetry/opentelemetry-exporter-logging/1.35.0/opentelemetry-exporter-logging-1.35.0-sources.jar
2024-02-22 16:57:55,523 [Worker-9: Download sources and javadoc] INFO  o.e.m.j.internal.DownloadSourcesJob - Downloaded sources for io.opentelemetry:opentelemetry-exporter-logging:1.35.0
2024-02-22 16:57:55,565 [Worker-9: Download sources and javadoc] INFO  o.e.m.c.i.e.AbstractTransferListenerAdapter - Downloading https://repo.maven.apache.org/maven2/io/opentelemetry/opentelemetry-sdk-common/1.35.0/opentelemetry-sdk-common-1.35.0-sources.jar
2024-02-22 16:57:55,586 [Worker-9: Download sources and javadoc] INFO  o.e.m.c.i.e.AbstractTransferListenerAdapter - Downloaded https://repo.maven.apache.org/maven2/io/opentelemetry/opentelemetry-sdk-common/1.35.0/opentelemetry-sdk-common-1.35.0-sources.jar
2024-02-22 16:57:55,592 [Worker-9: Download sources and javadoc] INFO  o.e.m.j.internal.DownloadSourcesJob - Downloaded sources for io.opentelemetry:opentelemetry-sdk-common:1.35.0
2024-02-22 16:57:55,636 [Worker-9: Download sources and javadoc] INFO  o.e.m.c.i.e.AbstractTransferListenerAdapter - Downloading https://repo.maven.apache.org/maven2/io/opentelemetry/opentelemetry-sdk-extension-autoconfigure-spi/1.35.0/opentelemetry-sdk-extension-autoconfigure-spi-1.35.0-sources.jar
2024-02-22 16:57:55,655 [Worker-9: Download sources and javadoc] INFO  o.e.m.c.i.e.AbstractTransferListenerAdapter - Downloaded https://repo.maven.apache.org/maven2/io/opentelemetry/opentelemetry-sdk-extension-autoconfigure-spi/1.35.0/opentelemetry-sdk-extension-autoconfigure-spi-1.35.0-sources.jar
2024-02-22 16:57:55,661 [Worker-9: Download sources and javadoc] INFO  o.e.m.j.internal.DownloadSourcesJob - Downloaded sources for io.opentelemetry:opentelemetry-sdk-extension-autoconfigure-spi:1.35.0
2024-02-22 16:57:55,712 [Worker-9: Download sources and javadoc] INFO  o.e.m.c.i.e.AbstractTransferListenerAdapter - Downloading https://repo.maven.apache.org/maven2/io/opentelemetry/opentelemetry-sdk-extension-autoconfigure/1.35.0/opentelemetry-sdk-extension-autoconfigure-1.35.0-sources.jar
2024-02-22 16:57:55,739 [Worker-9: Download sources and javadoc] INFO  o.e.m.c.i.e.AbstractTransferListenerAdapter - Downloaded https://repo.maven.apache.org/maven2/io/opentelemetry/opentelemetry-sdk-extension-autoconfigure/1.35.0/opentelemetry-sdk-extension-autoconfigure-1.35.0-sources.jar
2024-02-22 16:57:55,749 [Worker-9: Download sources and javadoc] INFO  o.e.m.j.internal.DownloadSourcesJob - Downloaded sources for io.opentelemetry:opentelemetry-sdk-extension-autoconfigure:1.35.0
2024-02-22 16:57:55,797 [Worker-9: Download sources and javadoc] INFO  o.e.m.c.i.e.AbstractTransferListenerAdapter - Downloading https://repo.maven.apache.org/maven2/io/opentelemetry/opentelemetry-api-events/1.35.0-alpha/opentelemetry-api-events-1.35.0-alpha-sources.jar
2024-02-22 16:57:55,817 [Worker-9: Download sources and javadoc] INFO  o.e.m.c.i.e.AbstractTransferListenerAdapter - Downloaded https://repo.maven.apache.org/maven2/io/opentelemetry/opentelemetry-api-events/1.35.0-alpha/opentelemetry-api-events-1.35.0-alpha-sources.jar
2024-02-22 16:57:55,823 [Worker-9: Download sources and javadoc] INFO  o.e.m.j.internal.DownloadSourcesJob - Downloaded sources for io.opentelemetry:opentelemetry-api-events:1.35.0-alpha
2024-02-22 16:57:55,866 [Worker-9: Download sources and javadoc] INFO  o.e.m.c.i.e.AbstractTransferListenerAdapter - Downloading https://repo.maven.apache.org/maven2/io/opentelemetry/opentelemetry-sdk-trace/1.35.0/opentelemetry-sdk-trace-1.35.0-sources.jar
2024-02-22 16:57:55,893 [Worker-9: Download sources and javadoc] INFO  o.e.m.c.i.e.AbstractTransferListenerAdapter - Downloaded https://repo.maven.apache.org/maven2/io/opentelemetry/opentelemetry-sdk-trace/1.35.0/opentelemetry-sdk-trace-1.35.0-sources.jar
2024-02-22 16:57:55,898 [Worker-9: Download sources and javadoc] INFO  o.e.m.j.internal.DownloadSourcesJob - Downloaded sources for io.opentelemetry:opentelemetry-sdk-trace:1.35.0
2024-02-22 16:57:55,949 [Worker-9: Download sources and javadoc] INFO  o.e.m.c.i.e.AbstractTransferListenerAdapter - Downloading https://repo.maven.apache.org/maven2/io/opentelemetry/opentelemetry-extension-incubator/1.35.0-alpha/opentelemetry-extension-incubator-1.35.0-alpha-sources.jar
2024-02-22 16:57:55,978 [Worker-9: Download sources and javadoc] INFO  o.e.m.c.i.e.AbstractTransferListenerAdapter - Downloaded https://repo.maven.apache.org/maven2/io/opentelemetry/opentelemetry-extension-incubator/1.35.0-alpha/opentelemetry-extension-incubator-1.35.0-alpha-sources.jar
2024-02-22 16:57:55,985 [Worker-9: Download sources and javadoc] INFO  o.e.m.j.internal.DownloadSourcesJob - Downloaded sources for io.opentelemetry:opentelemetry-extension-incubator:1.35.0-alpha
2024-02-22 16:57:56,031 [Worker-9: Download sources and javadoc] INFO  o.e.m.c.i.e.AbstractTransferListenerAdapter - Downloading https://repo.maven.apache.org/maven2/io/opentelemetry/opentelemetry-sdk/1.35.0/opentelemetry-sdk-1.35.0-sources.jar
2024-02-22 16:57:56,046 [Worker-9: Download sources and javadoc] INFO  o.e.m.c.i.e.AbstractTransferListenerAdapter - Downloaded https://repo.maven.apache.org/maven2/io/opentelemetry/opentelemetry-sdk/1.35.0/opentelemetry-sdk-1.35.0-sources.jar
2024-02-22 16:57:56,053 [Worker-9: Download sources and javadoc] INFO  o.e.m.j.internal.DownloadSourcesJob - Downloaded sources for io.opentelemetry:opentelemetry-sdk:1.35.0
2024-02-22 16:57:56,097 [Worker-9: Download sources and javadoc] INFO  o.e.m.c.i.e.AbstractTransferListenerAdapter - Downloading https://repo.maven.apache.org/maven2/io/opentelemetry/opentelemetry-sdk-metrics/1.35.0/opentelemetry-sdk-metrics-1.35.0-sources.jar
2024-02-22 16:57:56,134 [Worker-9: Download sources and javadoc] INFO  o.e.m.c.i.e.AbstractTransferListenerAdapter - Downloaded https://repo.maven.apache.org/maven2/io/opentelemetry/opentelemetry-sdk-metrics/1.35.0/opentelemetry-sdk-metrics-1.35.0-sources.jar
2024-02-22 16:57:56,140 [Worker-9: Download sources and javadoc] INFO  o.e.m.j.internal.DownloadSourcesJob - Downloaded sources for io.opentelemetry:opentelemetry-sdk-metrics:1.35.0
2024-02-22 16:57:56,186 [Worker-9: Download sources and javadoc] INFO  o.e.m.c.i.e.AbstractTransferListenerAdapter - Downloading https://repo.maven.apache.org/maven2/io/opentelemetry/opentelemetry-sdk-logs/1.35.0/opentelemetry-sdk-logs-1.35.0-sources.jar
2024-02-22 16:57:56,206 [Worker-9: Download sources and javadoc] INFO  o.e.m.c.i.e.AbstractTransferListenerAdapter - Downloaded https://repo.maven.apache.org/maven2/io/opentelemetry/opentelemetry-sdk-logs/1.35.0/opentelemetry-sdk-logs-1.35.0-sources.jar
2024-02-22 16:57:56,212 [Worker-9: Download sources and javadoc] INFO  o.e.m.j.internal.DownloadSourcesJob - Downloaded sources for io.opentelemetry:opentelemetry-sdk-logs:1.35.0
2024-02-22 16:57:56,258 [Worker-9: Download sources and javadoc] INFO  o.e.m.c.i.e.AbstractTransferListenerAdapter - Downloading https://repo.maven.apache.org/maven2/net/bytebuddy/byte-buddy/1.14.12/byte-buddy-1.14.12-sources.jar
2024-02-22 16:57:56,447 [Worker-9: Download sources and javadoc] INFO  o.e.m.c.i.e.AbstractTransferListenerAdapter - Downloaded https://repo.maven.apache.org/maven2/net/bytebuddy/byte-buddy/1.14.12/byte-buddy-1.14.12-sources.jar
2024-02-22 16:57:56,452 [Worker-9: Download sources and javadoc] INFO  o.e.m.j.internal.DownloadSourcesJob - Downloaded sources for net.bytebuddy:byte-buddy:1.14.12
2024-02-22 16:57:56,502 [Worker-9: Download sources and javadoc] INFO  o.e.m.c.i.e.AbstractTransferListenerAdapter - Downloading https://repo.maven.apache.org/maven2/org/seleniumhq/selenium/selenium-os/4.18.1/selenium-os-4.18.1-sources.jar
2024-02-22 16:57:56,518 [Worker-9: Download sources and javadoc] INFO  o.e.m.c.i.e.AbstractTransferListenerAdapter - Downloaded https://repo.maven.apache.org/maven2/org/seleniumhq/selenium/selenium-os/4.18.1/selenium-os-4.18.1-sources.jar
2024-02-22 16:57:56,525 [Worker-9: Download sources and javadoc] INFO  o.e.m.j.internal.DownloadSourcesJob - Downloaded sources for org.seleniumhq.selenium:selenium-os:4.18.1
2024-02-22 16:57:56,578 [Worker-9: Download sources and javadoc] INFO  o.e.m.c.i.e.AbstractTransferListenerAdapter - Downloading https://repo.maven.apache.org/maven2/org/seleniumhq/selenium/selenium-safari-driver/4.18.1/selenium-safari-driver-4.18.1-sources.jar
2024-02-22 16:57:56,602 [Worker-9: Download sources and javadoc] INFO  o.e.m.c.i.e.AbstractTransferListenerAdapter - Downloaded https://repo.maven.apache.org/maven2/org/seleniumhq/selenium/selenium-safari-driver/4.18.1/selenium-safari-driver-4.18.1-sources.jar
2024-02-22 16:57:56,609 [Worker-9: Download sources and javadoc] INFO  o.e.m.j.internal.DownloadSourcesJob - Downloaded sources for org.seleniumhq.selenium:selenium-safari-driver:4.18.1
2024-02-22 16:57:56,656 [Worker-9: Download sources and javadoc] INFO  o.e.m.c.i.e.AbstractTransferListenerAdapter - Downloading https://repo.maven.apache.org/maven2/org/seleniumhq/selenium/selenium-support/4.18.1/selenium-support-4.18.1-sources.jar
2024-02-22 16:57:56,683 [Worker-9: Download sources and javadoc] INFO  o.e.m.c.i.e.AbstractTransferListenerAdapter - Downloaded https://repo.maven.apache.org/maven2/org/seleniumhq/selenium/selenium-support/4.18.1/selenium-support-4.18.1-sources.jar
2024-02-22 16:57:56,690 [Worker-9: Download sources and javadoc] INFO  o.e.m.j.internal.DownloadSourcesJob - Downloaded sources for org.seleniumhq.selenium:selenium-support:4.18.1
2024-02-22 16:57:57,108 [Worker-9: Building] INFO  o.e.m.c.i.embedder.EclipseLogger - Using 'UTF-8' encoding to copy filtered resources.
2024-02-22 16:57:57,108 [Worker-9: Building] INFO  o.e.m.c.i.embedder.EclipseLogger - skip non existing resourceDirectory C:\Users\2155644\eclipse-workspace\SeleniumAutomation\seleniumJPN\src\main\resources
2024-02-22 16:57:57,111 [Worker-9: Building] INFO  o.e.m.c.i.embedder.EclipseLogger - Using 'UTF-8' encoding to copy filtered resources.
2024-02-22 16:57:57,112 [Worker-9: Building] INFO  o.e.m.c.i.embedder.EclipseLogger - skip non existing resourceDirectory C:\Users\2155644\eclipse-workspace\SeleniumAutomation\seleniumJPN\src\test\resources
2024-02-22 16:58:52,380 [Worker-9: Updating Maven Project] INFO  o.e.m.c.i.p.ProjectConfigurationManager - Update started
2024-02-22 16:58:52,911 [Worker-9: Updating Maven Project] INFO  o.e.m.c.i.l.LifecycleMappingFactory - Using org.eclipse.m2e.jdt.JarLifecycleMapping lifecycle mapping for MavenProject: seleniumJPN:seleniumJPN:0.0.1-SNAPSHOT @ C:\Users\2155644\eclipse-workspace\SeleniumAutomation\seleniumJPN\pom.xml.
2024-02-22 16:58:53,188 [Worker-9: Updating Maven Project] INFO  o.e.m.j.i.AbstractJavaProjectConfigurator - Adding source folder /seleniumJPN/src/main/java
2024-02-22 16:58:53,189 [Worker-9: Updating Maven Project] INFO  o.e.m.j.i.AbstractJavaProjectConfigurator - Adding source folder /seleniumJPN/src/test/java
2024-02-22 16:58:53,754 [Worker-9: Updating Maven Project] INFO  o.e.m.c.i.p.ProjectConfigurationManager - Update completed: 1 sec
2024-02-22 16:58:54,387 [Worker-31: Building] INFO  o.e.m.c.i.embedder.EclipseLogger - Using 'UTF-8' encoding to copy filtered resources.
2024-02-22 16:58:54,388 [Worker-31: Building] INFO  o.e.m.c.i.embedder.EclipseLogger - skip non existing resourceDirectory C:\Users\2155644\eclipse-workspace\SeleniumAutomation\seleniumJPN\src\main\resources
2024-02-22 16:58:54,393 [Worker-31: Building] INFO  o.e.m.c.i.embedder.EclipseLogger - Using 'UTF-8' encoding to copy filtered resources.
2024-02-22 16:58:54,393 [Worker-31: Building] INFO  o.e.m.c.i.embedder.EclipseLogger - skip non existing resourceDirectory C:\Users\2155644\eclipse-workspace\SeleniumAutomation\seleniumJPN\src\test\resources
2024-02-22 16:59:58,842 [Worker-33: Building] INFO  o.e.m.c.i.embedder.EclipseLogger - Using 'UTF-8' encoding to copy filtered resources.
2024-02-22 16:59:58,842 [Worker-33: Building] INFO  o.e.m.c.i.embedder.EclipseLogger - skip non existing resourceDirectory C:\Users\2155644\eclipse-workspace\SeleniumAutomation\seleniumJPN\src\main\resources
2024-02-22 16:59:58,843 [Worker-33: Building] INFO  o.e.m.c.i.embedder.EclipseLogger - Using 'UTF-8' encoding to copy filtered resources.
2024-02-22 16:59:58,843 [Worker-33: Building] INFO  o.e.m.c.i.embedder.EclipseLogger - skip non existing resourceDirectory C:\Users\2155644\eclipse-workspace\SeleniumAutomation\seleniumJPN\src\test\resources
2024-02-22 17:00:24,217 [Worker-30: Building] INFO  o.e.m.c.i.embedder.EclipseLogger - Using 'UTF-8' encoding to copy filtered resources.
2024-02-22 17:00:24,217 [Worker-30: Building] INFO  o.e.m.c.i.embedder.EclipseLogger - skip non existing resourceDirectory C:\Users\2155644\eclipse-workspace\SeleniumAutomation\seleniumJPN\src\main\resources
2024-02-22 17:00:24,220 [Worker-30: Building] INFO  o.e.m.c.i.embedder.EclipseLogger - Using 'UTF-8' encoding to copy filtered resources.
2024-02-22 17:00:24,221 [Worker-30: Building] INFO  o.e.m.c.i.embedder.EclipseLogger - skip non existing resourceDirectory C:\Users\2155644\eclipse-workspace\SeleniumAutomation\seleniumJPN\src\test\resources
2024-02-22 17:01:59,366 [Worker-30: Building] INFO  o.e.m.c.i.embedder.EclipseLogger - Using 'UTF-8' encoding to copy filtered resources.
2024-02-22 17:01:59,366 [Worker-30: Building] INFO  o.e.m.c.i.embedder.EclipseLogger - skip non existing resourceDirectory C:\Users\2155644\eclipse-workspace\SeleniumAutomation\seleniumJPN\src\main\resources
2024-02-22 17:01:59,368 [Worker-30: Building] INFO  o.e.m.c.i.embedder.EclipseLogger - Using 'UTF-8' encoding to copy filtered resources.
2024-02-22 17:01:59,368 [Worker-30: Building] INFO  o.e.m.c.i.embedder.EclipseLogger - skip non existing resourceDirectory C:\Users\2155644\eclipse-workspace\SeleniumAutomation\seleniumJPN\src\test\resources
2024-02-22 17:51:43,159 [Worker-35: Building] INFO  o.e.m.c.i.embedder.EclipseLogger - Using 'UTF-8' encoding to copy filtered resources.
2024-02-22 17:51:43,160 [Worker-35: Building] INFO  o.e.m.c.i.embedder.EclipseLogger - skip non existing resourceDirectory C:\Users\2155644\eclipse-workspace\SeleniumAutomation\seleniumJPN\src\main\resources
2024-02-22 17:51:43,162 [Worker-35: Building] INFO  o.e.m.c.i.embedder.EclipseLogger - Using 'UTF-8' encoding to copy filtered resources.
2024-02-22 17:51:43,162 [Worker-35: Building] INFO  o.e.m.c.i.embedder.EclipseLogger - skip non existing resourceDirectory C:\Users\2155644\eclipse-workspace\SeleniumAutomation\seleniumJPN\src\test\resources
2024-02-22 17:51:51,888 [Worker-30: Launching gpp] INFO  o.e.m.c.i.embedder.EclipseLogger - Using 'UTF-8' encoding to copy filtered resources.
2024-02-22 17:51:51,889 [Worker-30: Launching gpp] INFO  o.e.m.c.i.embedder.EclipseLogger - skip non existing resourceDirectory C:\Users\2155644\eclipse-workspace\SeleniumAutomation\seleniumJPN\src\main\resources
2024-02-22 17:51:51,890 [Worker-30: Launching gpp] INFO  o.e.m.c.i.embedder.EclipseLogger - Using 'UTF-8' encoding to copy filtered resources.
2024-02-22 17:51:51,890 [Worker-30: Launching gpp] INFO  o.e.m.c.i.embedder.EclipseLogger - skip non existing resourceDirectory C:\Users\2155644\eclipse-workspace\SeleniumAutomation\seleniumJPN\src\test\resources
2024-02-22 17:58:13,067 [Worker-35: Building] INFO  o.e.m.c.i.embedder.EclipseLogger - Using 'UTF-8' encoding to copy filtered resources.
2024-02-22 17:58:13,067 [Worker-35: Building] INFO  o.e.m.c.i.embedder.EclipseLogger - skip non existing resourceDirectory C:\Users\2155644\eclipse-workspace\SeleniumAutomation\seleniumJPN\src\main\resources
2024-02-22 17:58:13,070 [Worker-35: Building] INFO  o.e.m.c.i.embedder.EclipseLogger - Using 'UTF-8' encoding to copy filtered resources.
2024-02-22 17:58:13,070 [Worker-35: Building] INFO  o.e.m.c.i.embedder.EclipseLogger - skip non existing resourceDirectory C:\Users\2155644\eclipse-workspace\SeleniumAutomation\seleniumJPN\src\test\resources
2024-02-22 18:00:29,160 [Worker-34: Launching gpp] INFO  o.e.m.c.i.embedder.EclipseLogger - Using 'UTF-8' encoding to copy filtered resources.
2024-02-22 18:00:29,160 [Worker-34: Launching gpp] INFO  o.e.m.c.i.embedder.EclipseLogger - skip non existing resourceDirectory C:\Users\2155644\eclipse-workspace\SeleniumAutomation\seleniumJPN\src\main\resources
2024-02-22 18:00:29,162 [Worker-34: Launching gpp] INFO  o.e.m.c.i.embedder.EclipseLogger - Using 'UTF-8' encoding to copy filtered resources.
2024-02-22 18:00:29,162 [Worker-34: Launching gpp] INFO  o.e.m.c.i.embedder.EclipseLogger - skip non existing resourceDirectory C:\Users\2155644\eclipse-workspace\SeleniumAutomation\seleniumJPN\src\test\resources
2024-02-23 22:21:49,621 [Worker-45: Building] INFO  o.e.m.c.i.embedder.EclipseLogger - Using 'UTF-8' encoding to copy filtered resources.
2024-02-23 22:21:49,779 [Worker-45: Building] INFO  o.e.m.c.i.embedder.EclipseLogger - skip non existing resourceDirectory C:\Users\2155644\eclipse-workspace\SeleniumAutomation\seleniumJPN\src\main\resources
2024-02-23 22:21:49,782 [Worker-45: Building] INFO  o.e.m.c.i.embedder.EclipseLogger - Using 'UTF-8' encoding to copy filtered resources.
2024-02-23 22:21:49,782 [Worker-45: Building] INFO  o.e.m.c.i.embedder.EclipseLogger - skip non existing resourceDirectory C:\Users\2155644\eclipse-workspace\SeleniumAutomation\seleniumJPN\src\test\resources
2024-02-23 22:30:51,028 [Worker-43: Building] INFO  o.e.m.c.i.embedder.EclipseLogger - Using 'UTF-8' encoding to copy filtered resources.
2024-02-23 22:30:51,028 [Worker-43: Building] INFO  o.e.m.c.i.embedder.EclipseLogger - skip non existing resourceDirectory C:\Users\2155644\eclipse-workspace\SeleniumAutomation\seleniumJPN\src\main\resources
2024-02-23 22:30:51,029 [Worker-43: Building] INFO  o.e.m.c.i.embedder.EclipseLogger - Using 'UTF-8' encoding to copy filtered resources.
2024-02-23 22:30:51,030 [Worker-43: Building] INFO  o.e.m.c.i.embedder.EclipseLogger - skip non existing resourceDirectory C:\Users\2155644\eclipse-workspace\SeleniumAutomation\seleniumJPN\src\test\resources
2024-02-23 22:41:29,359 [Worker-54: Building] INFO  o.e.m.c.i.embedder.EclipseLogger - Using 'UTF-8' encoding to copy filtered resources.
2024-02-23 22:41:29,360 [Worker-54: Building] INFO  o.e.m.c.i.embedder.EclipseLogger - skip non existing resourceDirectory C:\Users\2155644\eclipse-workspace\SeleniumAutomation\seleniumJPN\src\main\resources
2024-02-23 22:41:29,361 [Worker-54: Building] INFO  o.e.m.c.i.embedder.EclipseLogger - Using 'UTF-8' encoding to copy filtered resources.
2024-02-23 22:41:29,361 [Worker-54: Building] INFO  o.e.m.c.i.embedder.EclipseLogger - skip non existing resourceDirectory C:\Users\2155644\eclipse-workspace\SeleniumAutomation\seleniumJPN\src\test\resources
2024-02-23 22:45:16,535 [Worker-56: Building] INFO  o.e.m.c.i.embedder.EclipseLogger - Using 'UTF-8' encoding to copy filtered resources.
2024-02-23 22:45:16,536 [Worker-56: Building] INFO  o.e.m.c.i.embedder.EclipseLogger - skip non existing resourceDirectory C:\Users\2155644\eclipse-workspace\SeleniumAutomation\seleniumJPN\src\main\resources
2024-02-23 22:45:16,538 [Worker-56: Building] INFO  o.e.m.c.i.embedder.EclipseLogger - Using 'UTF-8' encoding to copy filtered resources.
2024-02-23 22:45:16,539 [Worker-56: Building] INFO  o.e.m.c.i.embedder.EclipseLogger - skip non existing resourceDirectory C:\Users\2155644\eclipse-workspace\SeleniumAutomation\seleniumJPN\src\test\resources
2024-02-23 22:51:41,964 [Worker-58: Building] INFO  o.e.m.c.i.embedder.EclipseLogger - Using 'UTF-8' encoding to copy filtered resources.
2024-02-23 22:51:41,964 [Worker-58: Building] INFO  o.e.m.c.i.embedder.EclipseLogger - skip non existing resourceDirectory C:\Users\2155644\eclipse-workspace\SeleniumAutomation\seleniumJPN\src\main\resources
2024-02-23 22:51:41,966 [Worker-58: Building] INFO  o.e.m.c.i.embedder.EclipseLogger - Using 'UTF-8' encoding to copy filtered resources.
2024-02-23 22:51:41,967 [Worker-58: Building] INFO  o.e.m.c.i.embedder.EclipseLogger - skip non existing resourceDirectory C:\Users\2155644\eclipse-workspace\SeleniumAutomation\seleniumJPN\src\test\resources
2024-02-23 22:54:14,303 [Worker-52: Building] INFO  o.e.m.c.i.embedder.EclipseLogger - Using 'UTF-8' encoding to copy filtered resources.
2024-02-23 22:54:14,303 [Worker-52: Building] INFO  o.e.m.c.i.embedder.EclipseLogger - skip non existing resourceDirectory C:\Users\2155644\eclipse-workspace\SeleniumAutomation\seleniumJPN\src\main\resources
2024-02-23 22:54:14,304 [Worker-52: Building] INFO  o.e.m.c.i.embedder.EclipseLogger - Using 'UTF-8' encoding to copy filtered resources.
2024-02-23 22:54:14,304 [Worker-52: Building] INFO  o.e.m.c.i.embedder.EclipseLogger - skip non existing resourceDirectory C:\Users\2155644\eclipse-workspace\SeleniumAutomation\seleniumJPN\src\test\resources
2024-02-23 22:54:52,918 [Worker-60: Building] INFO  o.e.m.c.i.embedder.EclipseLogger - Using 'UTF-8' encoding to copy filtered resources.
2024-02-23 22:54:52,918 [Worker-60: Building] INFO  o.e.m.c.i.embedder.EclipseLogger - skip non existing resourceDirectory C:\Users\2155644\eclipse-workspace\SeleniumAutomation\seleniumJPN\src\main\resources
2024-02-23 22:54:52,919 [Worker-60: Building] INFO  o.e.m.c.i.embedder.EclipseLogger - Using 'UTF-8' encoding to copy filtered resources.
2024-02-23 22:54:52,919 [Worker-60: Building] INFO  o.e.m.c.i.embedder.EclipseLogger - skip non existing resourceDirectory C:\Users\2155644\eclipse-workspace\SeleniumAutomation\seleniumJPN\src\test\resources
2024-02-23 22:55:01,132 [Worker-58: Building] INFO  o.e.m.c.i.embedder.EclipseLogger - Using 'UTF-8' encoding to copy filtered resources.
2024-02-23 22:55:01,132 [Worker-58: Building] INFO  o.e.m.c.i.embedder.EclipseLogger - skip non existing resourceDirectory C:\Users\2155644\eclipse-workspace\SeleniumAutomation\seleniumJPN\src\main\resources
2024-02-23 22:55:01,134 [Worker-58: Building] INFO  o.e.m.c.i.embedder.EclipseLogger - Using 'UTF-8' encoding to copy filtered resources.
2024-02-23 22:55:01,134 [Worker-58: Building] INFO  o.e.m.c.i.embedder.EclipseLogger - skip non existing resourceDirectory C:\Users\2155644\eclipse-workspace\SeleniumAutomation\seleniumJPN\src\test\resources
2024-03-05 13:55:23,883 [Worker-2: Loading available Gradle versions] INFO  o.e.b.c.i.u.g.PublishedGradleVersions - Gradle version information cache is out-of-date. Trying to update.
2024-03-05 13:58:31,563 [Worker-5: Building] INFO  o.e.m.c.i.embedder.EclipseLogger - Using 'UTF-8' encoding to copy filtered resources.
2024-03-05 13:58:31,563 [Worker-5: Building] INFO  o.e.m.c.i.embedder.EclipseLogger - skip non existing resourceDirectory C:\Users\2155644\eclipse-workspace\SeleniumAutomation\seleniumJPN\src\main\resources
2024-03-05 13:58:31,566 [Worker-5: Building] INFO  o.e.m.c.i.embedder.EclipseLogger - Using 'UTF-8' encoding to copy filtered resources.
2024-03-05 13:58:31,566 [Worker-5: Building] INFO  o.e.m.c.i.embedder.EclipseLogger - skip non existing resourceDirectory C:\Users\2155644\eclipse-workspace\SeleniumAutomation\seleniumJPN\src\test\resources
2024-03-07 00:59:22,514 [Worker-28: Building] INFO  o.e.m.c.i.embedder.EclipseLogger - Using 'UTF-8' encoding to copy filtered resources.
2024-03-07 00:59:22,517 [Worker-28: Building] INFO  o.e.m.c.i.embedder.EclipseLogger - skip non existing resourceDirectory C:\Users\2155644\eclipse-workspace\SeleniumAutomation\seleniumJPN\src\main\resources
2024-03-07 00:59:22,522 [Worker-28: Building] INFO  o.e.m.c.i.embedder.EclipseLogger - Using 'UTF-8' encoding to copy filtered resources.
2024-03-07 00:59:22,523 [Worker-28: Building] INFO  o.e.m.c.i.embedder.EclipseLogger - skip non existing resourceDirectory C:\Users\2155644\eclipse-workspace\SeleniumAutomation\seleniumJPN\src\test\resources
2024-04-02 19:05:48,221 [Worker-3: Loading available Gradle versions] INFO  o.e.b.c.i.u.g.PublishedGradleVersions - Gradle version information cache is out-of-date. Trying to update.
2024-05-08 12:47:46,087 [Worker-3: Loading available Gradle versions] INFO  o.e.b.c.i.u.g.PublishedGradleVersions - Gradle version information cache is out-of-date. Trying to update.
2024-05-27 10:29:10,419 [Worker-4: Loading available Gradle versions] INFO  o.e.b.c.i.u.g.PublishedGradleVersions - Gradle version information cache is out-of-date. Trying to update.
2024-05-30 21:04:45,498 [Worker-3: Loading available Gradle versions] INFO  o.e.b.c.i.u.g.PublishedGradleVersions - Gradle version information cache is out-of-date. Trying to update.
2024-05-30 21:16:42,680 [Worker-22: Building] WARN  o.e.m.c.i.embedder.EclipseLogger - Using platform encoding (Cp1252 actually) to copy filtered resources, i.e. build is platform dependent!
2024-05-30 21:16:42,691 [Worker-22: Building] INFO  o.e.m.c.i.embedder.EclipseLogger - Copying 0 resource
2024-05-30 21:16:42,694 [Worker-22: Building] WARN  o.e.m.c.i.embedder.EclipseLogger - Using platform encoding (Cp1252 actually) to copy filtered resources, i.e. build is platform dependent!
2024-05-30 21:16:42,696 [Worker-22: Building] INFO  o.e.m.c.i.embedder.EclipseLogger - Copying 0 resource
2024-05-30 21:16:44,379 [Worker-22: Building] INFO  o.e.m.c.i.embedder.EclipseLogger - Using 'UTF-8' encoding to copy filtered resources.
2024-05-30 21:16:44,379 [Worker-22: Building] INFO  o.e.m.c.i.embedder.EclipseLogger - skip non existing resourceDirectory C:\Users\2155644\eclipse-workspace\SeleniumAutomation\seleniumJPN\src\main\resources
2024-05-30 21:16:44,382 [Worker-22: Building] INFO  o.e.m.c.i.embedder.EclipseLogger - Using 'UTF-8' encoding to copy filtered resources.
2024-05-30 21:16:44,382 [Worker-22: Building] INFO  o.e.m.c.i.embedder.EclipseLogger - skip non existing resourceDirectory C:\Users\2155644\eclipse-workspace\SeleniumAutomation\seleniumJPN\src\test\resources
2024-05-30 21:17:50,700 [Worker-25: Building] INFO  o.e.m.c.i.embedder.EclipseLogger - Using 'UTF-8' encoding to copy filtered resources.
2024-05-30 21:17:50,700 [Worker-25: Building] INFO  o.e.m.c.i.embedder.EclipseLogger - skip non existing resourceDirectory C:\Users\2155644\eclipse-workspace\SeleniumAutomation\seleniumJPN\src\main\resources
2024-05-30 21:17:50,702 [Worker-25: Building] INFO  o.e.m.c.i.embedder.EclipseLogger - Using 'UTF-8' encoding to copy filtered resources.
2024-05-30 21:17:50,702 [Worker-25: Building] INFO  o.e.m.c.i.embedder.EclipseLogger - skip non existing resourceDirectory C:\Users\2155644\eclipse-workspace\SeleniumAutomation\seleniumJPN\src\test\resources
2024-05-30 21:20:16,005 [Worker-23: Launching gpp] INFO  o.e.m.c.i.embedder.EclipseLogger - Using 'UTF-8' encoding to copy filtered resources.
2024-05-30 21:20:16,005 [Worker-23: Launching gpp] INFO  o.e.m.c.i.embedder.EclipseLogger - skip non existing resourceDirectory C:\Users\2155644\eclipse-workspace\SeleniumAutomation\seleniumJPN\src\main\resources
2024-05-30 21:20:16,007 [Worker-23: Launching gpp] INFO  o.e.m.c.i.embedder.EclipseLogger - Using 'UTF-8' encoding to copy filtered resources.
2024-05-30 21:20:16,008 [Worker-23: Launching gpp] INFO  o.e.m.c.i.embedder.EclipseLogger - skip non existing resourceDirectory C:\Users\2155644\eclipse-workspace\SeleniumAutomation\seleniumJPN\src\test\resources
2024-05-30 21:26:38,840 [Worker-30: Building] INFO  o.e.m.c.i.embedder.EclipseLogger - Using 'UTF-8' encoding to copy filtered resources.
2024-05-30 21:26:38,840 [Worker-30: Building] INFO  o.e.m.c.i.embedder.EclipseLogger - skip non existing resourceDirectory C:\Users\2155644\eclipse-workspace\SeleniumAutomation\seleniumJPN\src\main\resources
2024-05-30 21:26:38,845 [Worker-30: Building] INFO  o.e.m.c.i.embedder.EclipseLogger - Using 'UTF-8' encoding to copy filtered resources.
2024-05-30 21:26:38,846 [Worker-30: Building] INFO  o.e.m.c.i.embedder.EclipseLogger - skip non existing resourceDirectory C:\Users\2155644\eclipse-workspace\SeleniumAutomation\seleniumJPN\src\test\resources
2024-05-30 21:26:56,487 [Worker-30: Building] INFO  o.e.m.c.i.embedder.EclipseLogger - Using 'UTF-8' encoding to copy filtered resources.
2024-05-30 21:26:56,488 [Worker-30: Building] INFO  o.e.m.c.i.embedder.EclipseLogger - skip non existing resourceDirectory C:\Users\2155644\eclipse-workspace\SeleniumAutomation\seleniumJPN\src\main\resources
2024-05-30 21:26:56,491 [Worker-30: Building] INFO  o.e.m.c.i.embedder.EclipseLogger - Using 'UTF-8' encoding to copy filtered resources.
2024-05-30 21:26:56,492 [Worker-30: Building] INFO  o.e.m.c.i.embedder.EclipseLogger - skip non existing resourceDirectory C:\Users\2155644\eclipse-workspace\SeleniumAutomation\seleniumJPN\src\test\resources
2024-05-30 21:36:34,832 [Worker-30: Launching HomeGPP] INFO  o.e.m.c.i.embedder.EclipseLogger - Using 'UTF-8' encoding to copy filtered resources.
2024-05-30 21:36:34,832 [Worker-30: Launching HomeGPP] INFO  o.e.m.c.i.embedder.EclipseLogger - skip non existing resourceDirectory C:\Users\2155644\eclipse-workspace\SeleniumAutomation\seleniumJPN\src\main\resources
2024-05-30 21:36:34,834 [Worker-30: Launching HomeGPP] INFO  o.e.m.c.i.embedder.EclipseLogger - Using 'UTF-8' encoding to copy filtered resources.
2024-05-30 21:36:34,835 [Worker-30: Launching HomeGPP] INFO  o.e.m.c.i.embedder.EclipseLogger - skip non existing resourceDirectory C:\Users\2155644\eclipse-workspace\SeleniumAutomation\seleniumJPN\src\test\resources
2024-05-30 21:38:43,420 [Worker-30: Building] INFO  o.e.m.c.i.embedder.EclipseLogger - Using 'UTF-8' encoding to copy filtered resources.
2024-05-30 21:38:43,422 [Worker-30: Building] INFO  o.e.m.c.i.embedder.EclipseLogger - skip non existing resourceDirectory C:\Users\2155644\eclipse-workspace\SeleniumAutomation\seleniumJPN\src\main\resources
2024-05-30 21:38:43,424 [Worker-30: Building] INFO  o.e.m.c.i.embedder.EclipseLogger - Using 'UTF-8' encoding to copy filtered resources.
2024-05-30 21:38:43,424 [Worker-30: Building] INFO  o.e.m.c.i.embedder.EclipseLogger - skip non existing resourceDirectory C:\Users\2155644\eclipse-workspace\SeleniumAutomation\seleniumJPN\src\test\resources
2024-05-30 21:39:02,224 [Worker-28: Launching HomeGPP] INFO  o.e.m.c.i.embedder.EclipseLogger - Using 'UTF-8' encoding to copy filtered resources.
2024-05-30 21:39:02,225 [Worker-28: Launching HomeGPP] INFO  o.e.m.c.i.embedder.EclipseLogger - skip non existing resourceDirectory C:\Users\2155644\eclipse-workspace\SeleniumAutomation\seleniumJPN\src\main\resources
2024-05-30 21:39:02,231 [Worker-28: Launching HomeGPP] INFO  o.e.m.c.i.embedder.EclipseLogger - Using 'UTF-8' encoding to copy filtered resources.
2024-05-30 21:39:02,232 [Worker-28: Launching HomeGPP] INFO  o.e.m.c.i.embedder.EclipseLogger - skip non existing resourceDirectory C:\Users\2155644\eclipse-workspace\SeleniumAutomation\seleniumJPN\src\test\resources
2024-05-30 21:40:08,271 [Worker-28: Building] INFO  o.e.m.c.i.embedder.EclipseLogger - Using 'UTF-8' encoding to copy filtered resources.
2024-05-30 21:40:08,271 [Worker-28: Building] INFO  o.e.m.c.i.embedder.EclipseLogger - skip non existing resourceDirectory C:\Users\2155644\eclipse-workspace\SeleniumAutomation\seleniumJPN\src\main\resources
2024-05-30 21:40:08,272 [Worker-28: Building] INFO  o.e.m.c.i.embedder.EclipseLogger - Using 'UTF-8' encoding to copy filtered resources.
2024-05-30 21:40:08,272 [Worker-28: Building] INFO  o.e.m.c.i.embedder.EclipseLogger - skip non existing resourceDirectory C:\Users\2155644\eclipse-workspace\SeleniumAutomation\seleniumJPN\src\test\resources
2024-05-30 21:42:35,584 [Worker-31: Building] INFO  o.e.m.c.i.embedder.EclipseLogger - Using 'UTF-8' encoding to copy filtered resources.
2024-05-30 21:42:35,585 [Worker-31: Building] INFO  o.e.m.c.i.embedder.EclipseLogger - skip non existing resourceDirectory C:\Users\2155644\eclipse-workspace\SeleniumAutomation\seleniumJPN\src\main\resources
2024-05-30 21:42:35,586 [Worker-31: Building] INFO  o.e.m.c.i.embedder.EclipseLogger - Using 'UTF-8' encoding to copy filtered resources.
2024-05-30 21:42:35,587 [Worker-31: Building] INFO  o.e.m.c.i.embedder.EclipseLogger - skip non existing resourceDirectory C:\Users\2155644\eclipse-workspace\SeleniumAutomation\seleniumJPN\src\test\resources
2024-05-30 21:45:19,555 [Worker-28: Building] INFO  o.e.m.c.i.l.LifecycleMappingFactory - Using org.eclipse.m2e.jdt.JarLifecycleMapping lifecycle mapping for MavenProject: seleniumJPN:seleniumJPN:0.0.1-SNAPSHOT @ C:\Users\2155644\eclipse-workspace\SeleniumAutomation\seleniumJPN\pom.xml.
2024-05-30 21:45:20,179 [Worker-28: Building] INFO  o.e.m.c.i.embedder.EclipseLogger - Using 'UTF-8' encoding to copy filtered resources.
2024-05-30 21:45:20,180 [Worker-28: Building] INFO  o.e.m.c.i.embedder.EclipseLogger - skip non existing resourceDirectory C:\Users\2155644\eclipse-workspace\SeleniumAutomation\seleniumJPN\src\main\resources
2024-05-30 21:45:20,185 [Worker-28: Building] INFO  o.e.m.c.i.embedder.EclipseLogger - Using 'UTF-8' encoding to copy filtered resources.
2024-05-30 21:45:20,186 [Worker-28: Building] INFO  o.e.m.c.i.embedder.EclipseLogger - skip non existing resourceDirectory C:\Users\2155644\eclipse-workspace\SeleniumAutomation\seleniumJPN\src\test\resources
2024-05-30 21:45:21,327 [Worker-28: Download sources and javadoc] INFO  o.e.m.c.i.e.AbstractTransferListenerAdapter - Downloading https://repo.maven.apache.org/maven2/org/testng/testng/7.10.2/testng-7.10.2-sources.jar
2024-05-30 21:45:21,429 [Worker-28: Download sources and javadoc] INFO  o.e.m.c.i.e.AbstractTransferListenerAdapter - Downloaded https://repo.maven.apache.org/maven2/org/testng/testng/7.10.2/testng-7.10.2-sources.jar
2024-05-30 21:45:21,437 [Worker-28: Download sources and javadoc] INFO  o.e.m.j.internal.DownloadSourcesJob - Downloaded sources for org.testng:testng:7.10.2
2024-05-30 21:45:21,460 [Worker-36: Building] INFO  o.e.m.c.i.embedder.EclipseLogger - Using 'UTF-8' encoding to copy filtered resources.
2024-05-30 21:45:21,460 [Worker-36: Building] INFO  o.e.m.c.i.embedder.EclipseLogger - skip non existing resourceDirectory C:\Users\2155644\eclipse-workspace\SeleniumAutomation\seleniumJPN\src\main\resources
2024-05-30 21:45:21,462 [Worker-36: Building] INFO  o.e.m.c.i.embedder.EclipseLogger - Using 'UTF-8' encoding to copy filtered resources.
2024-05-30 21:45:21,462 [Worker-36: Building] INFO  o.e.m.c.i.embedder.EclipseLogger - skip non existing resourceDirectory C:\Users\2155644\eclipse-workspace\SeleniumAutomation\seleniumJPN\src\test\resources
2024-05-30 21:45:21,495 [Worker-28: Download sources and javadoc] INFO  o.e.m.c.i.e.AbstractTransferListenerAdapter - Downloading https://repo.maven.apache.org/maven2/org/webjars/jquery/3.7.1/jquery-3.7.1-sources.jar
2024-05-30 21:45:21,514 [Worker-28: Download sources and javadoc] INFO  o.e.m.c.i.e.AbstractTransferListenerAdapter - Downloaded https://repo.maven.apache.org/maven2/org/webjars/jquery/3.7.1/jquery-3.7.1-sources.jar
2024-05-30 21:45:21,517 [Worker-28: Download sources and javadoc] INFO  o.e.m.j.internal.DownloadSourcesJob - Downloaded sources for org.webjars:jquery:3.7.1
2024-05-30 21:45:22,483 [Worker-35: Building] INFO  o.e.m.c.i.embedder.EclipseLogger - Using 'UTF-8' encoding to copy filtered resources.
2024-05-30 21:45:22,483 [Worker-35: Building] INFO  o.e.m.c.i.embedder.EclipseLogger - skip non existing resourceDirectory C:\Users\2155644\eclipse-workspace\SeleniumAutomation\seleniumJPN\src\main\resources
2024-05-30 21:45:22,484 [Worker-35: Building] INFO  o.e.m.c.i.embedder.EclipseLogger - Using 'UTF-8' encoding to copy filtered resources.
2024-05-30 21:45:22,484 [Worker-35: Building] INFO  o.e.m.c.i.embedder.EclipseLogger - skip non existing resourceDirectory C:\Users\2155644\eclipse-workspace\SeleniumAutomation\seleniumJPN\src\test\resources
2024-05-30 21:46:31,621 [Worker-37: Building] INFO  o.e.m.c.i.embedder.EclipseLogger - Using 'UTF-8' encoding to copy filtered resources.
2024-05-30 21:46:31,622 [Worker-37: Building] INFO  o.e.m.c.i.embedder.EclipseLogger - skip non existing resourceDirectory C:\Users\2155644\eclipse-workspace\SeleniumAutomation\seleniumJPN\src\main\resources
2024-05-30 21:46:31,623 [Worker-37: Building] INFO  o.e.m.c.i.embedder.EclipseLogger - Using 'UTF-8' encoding to copy filtered resources.
2024-05-30 21:46:31,623 [Worker-37: Building] INFO  o.e.m.c.i.embedder.EclipseLogger - skip non existing resourceDirectory C:\Users\2155644\eclipse-workspace\SeleniumAutomation\seleniumJPN\src\test\resources
2024-05-30 21:47:42,482 [Worker-30: Building] INFO  o.e.m.c.i.embedder.EclipseLogger - Using 'UTF-8' encoding to copy filtered resources.
2024-05-30 21:47:42,482 [Worker-30: Building] INFO  o.e.m.c.i.embedder.EclipseLogger - skip non existing resourceDirectory C:\Users\2155644\eclipse-workspace\SeleniumAutomation\seleniumJPN\src\main\resources
2024-05-30 21:47:42,484 [Worker-30: Building] INFO  o.e.m.c.i.embedder.EclipseLogger - Using 'UTF-8' encoding to copy filtered resources.
2024-05-30 21:47:42,484 [Worker-30: Building] INFO  o.e.m.c.i.embedder.EclipseLogger - skip non existing resourceDirectory C:\Users\2155644\eclipse-workspace\SeleniumAutomation\seleniumJPN\src\test\resources
2024-05-30 21:56:26,256 [Worker-38: Building] INFO  o.e.m.c.i.embedder.EclipseLogger - Using 'UTF-8' encoding to copy filtered resources.
2024-05-30 21:56:26,256 [Worker-38: Building] INFO  o.e.m.c.i.embedder.EclipseLogger - skip non existing resourceDirectory C:\Users\2155644\eclipse-workspace\SeleniumAutomation\seleniumJPN\src\main\resources
2024-05-30 21:56:26,257 [Worker-38: Building] INFO  o.e.m.c.i.embedder.EclipseLogger - Using 'UTF-8' encoding to copy filtered resources.
2024-05-30 21:56:26,257 [Worker-38: Building] INFO  o.e.m.c.i.embedder.EclipseLogger - skip non existing resourceDirectory C:\Users\2155644\eclipse-workspace\SeleniumAutomation\seleniumJPN\src\test\resources
2024-05-31 22:30:32,090 [Worker-49: Creating maven-archetype-quickstart] INFO  o.e.m.c.i.p.ProjectConfigurationManager - Collecting project info '/pom.xml' C:\Users\2155644\eclipse-workspace\SeleniumAutomation\GPPJPN\pom.xml
2024-05-31 22:30:32,626 [Worker-49: Creating maven-archetype-quickstart] INFO  o.e.m.c.i.l.LifecycleMappingFactory - Using org.eclipse.m2e.jdt.JarLifecycleMapping lifecycle mapping for MavenProject: GPPJPN:GPPJPN:0.0.1-SNAPSHOT @ C:\Users\2155644\eclipse-workspace\SeleniumAutomation\GPPJPN\pom.xml.
2024-05-31 22:30:32,797 [Worker-49: Creating maven-archetype-quickstart] INFO  o.e.m.j.i.AbstractJavaProjectConfigurator - Adding source folder /GPPJPN/src/main/java
2024-05-31 22:30:32,824 [Worker-49: Creating maven-archetype-quickstart] INFO  o.e.m.j.i.AbstractJavaProjectConfigurator - Adding source folder /GPPJPN/src/test/java
2024-05-31 22:30:33,167 [Worker-49: Creating maven-archetype-quickstart] INFO  o.e.m.c.i.p.ProjectConfigurationManager - Imported and configured 1 project(s) in 1 sec
2024-05-31 22:30:33,929 [Worker-50: Building] INFO  o.e.m.c.i.embedder.EclipseLogger - Using 'UTF-8' encoding to copy filtered resources.
2024-05-31 22:30:33,930 [Worker-50: Building] INFO  o.e.m.c.i.embedder.EclipseLogger - skip non existing resourceDirectory C:\Users\2155644\eclipse-workspace\SeleniumAutomation\GPPJPN\src\main\resources
2024-05-31 22:30:33,931 [Worker-50: Building] INFO  o.e.m.c.i.embedder.EclipseLogger - Using 'UTF-8' encoding to copy filtered resources.
2024-05-31 22:30:33,931 [Worker-50: Building] INFO  o.e.m.c.i.embedder.EclipseLogger - skip non existing resourceDirectory C:\Users\2155644\eclipse-workspace\SeleniumAutomation\GPPJPN\src\test\resources
2024-05-31 22:30:51,306 [Worker-44: Building] INFO  o.e.m.c.i.embedder.EclipseLogger - Using 'UTF-8' encoding to copy filtered resources.
2024-05-31 22:30:51,306 [Worker-44: Building] INFO  o.e.m.c.i.embedder.EclipseLogger - skip non existing resourceDirectory C:\Users\2155644\eclipse-workspace\SeleniumAutomation\GPPJPN\src\main\resources
2024-05-31 22:30:51,307 [Worker-44: Building] INFO  o.e.m.c.i.embedder.EclipseLogger - Using 'UTF-8' encoding to copy filtered resources.
2024-05-31 22:30:51,308 [Worker-44: Building] INFO  o.e.m.c.i.embedder.EclipseLogger - skip non existing resourceDirectory C:\Users\2155644\eclipse-workspace\SeleniumAutomation\GPPJPN\src\test\resources
2024-05-31 22:30:55,313 [Worker-49: Building] INFO  o.e.m.c.i.embedder.EclipseLogger - Using 'UTF-8' encoding to copy filtered resources.
2024-05-31 22:30:55,313 [Worker-49: Building] INFO  o.e.m.c.i.embedder.EclipseLogger - skip non existing resourceDirectory C:\Users\2155644\eclipse-workspace\SeleniumAutomation\GPPJPN\src\main\resources
2024-05-31 22:30:55,316 [Worker-49: Building] INFO  o.e.m.c.i.embedder.EclipseLogger - Using 'UTF-8' encoding to copy filtered resources.
2024-05-31 22:30:55,316 [Worker-49: Building] INFO  o.e.m.c.i.embedder.EclipseLogger - skip non existing resourceDirectory C:\Users\2155644\eclipse-workspace\SeleniumAutomation\GPPJPN\src\test\resources
2024-05-31 22:32:02,676 [Worker-44: Building] INFO  o.e.m.c.i.l.LifecycleMappingFactory - Using org.eclipse.m2e.jdt.JarLifecycleMapping lifecycle mapping for MavenProject: GPPJPN:GPPJPN:0.0.1-SNAPSHOT @ C:\Users\2155644\eclipse-workspace\SeleniumAutomation\GPPJPN\pom.xml.
2024-05-31 22:32:02,943 [Worker-44: Building] INFO  o.e.m.c.i.embedder.EclipseLogger - Using 'UTF-8' encoding to copy filtered resources.
2024-05-31 22:32:02,943 [Worker-44: Building] INFO  o.e.m.c.i.embedder.EclipseLogger - skip non existing resourceDirectory C:\Users\2155644\eclipse-workspace\SeleniumAutomation\GPPJPN\src\main\resources
2024-05-31 22:32:02,945 [Worker-44: Building] INFO  o.e.m.c.i.embedder.EclipseLogger - Using 'UTF-8' encoding to copy filtered resources.
2024-05-31 22:32:02,945 [Worker-44: Building] INFO  o.e.m.c.i.embedder.EclipseLogger - skip non existing resourceDirectory C:\Users\2155644\eclipse-workspace\SeleniumAutomation\GPPJPN\src\test\resources
2024-05-31 22:33:24,457 [Worker-51: Building] INFO  o.e.m.c.i.embedder.EclipseLogger - Using 'UTF-8' encoding to copy filtered resources.
2024-05-31 22:33:24,458 [Worker-51: Building] INFO  o.e.m.c.i.embedder.EclipseLogger - skip non existing resourceDirectory C:\Users\2155644\eclipse-workspace\SeleniumAutomation\GPPJPN\src\main\resources
2024-05-31 22:33:24,459 [Worker-51: Building] INFO  o.e.m.c.i.embedder.EclipseLogger - Using 'UTF-8' encoding to copy filtered resources.
2024-05-31 22:33:24,459 [Worker-51: Building] INFO  o.e.m.c.i.embedder.EclipseLogger - skip non existing resourceDirectory C:\Users\2155644\eclipse-workspace\SeleniumAutomation\GPPJPN\src\test\resources
2024-05-31 22:33:45,623 [Worker-51: Building] INFO  o.e.m.c.i.embedder.EclipseLogger - Using 'UTF-8' encoding to copy filtered resources.
2024-05-31 22:33:45,624 [Worker-51: Building] INFO  o.e.m.c.i.embedder.EclipseLogger - skip non existing resourceDirectory C:\Users\2155644\eclipse-workspace\SeleniumAutomation\GPPJPN\src\main\resources
2024-05-31 22:33:45,632 [Worker-51: Building] INFO  o.e.m.c.i.embedder.EclipseLogger - Using 'UTF-8' encoding to copy filtered resources.
2024-05-31 22:33:45,632 [Worker-51: Building] INFO  o.e.m.c.i.embedder.EclipseLogger - skip non existing resourceDirectory C:\Users\2155644\eclipse-workspace\SeleniumAutomation\GPPJPN\src\test\resources
2024-05-31 22:37:31,906 [Worker-44: Building] INFO  o.e.m.c.i.embedder.EclipseLogger - Using 'UTF-8' encoding to copy filtered resources.
2024-05-31 22:37:31,906 [Worker-44: Building] INFO  o.e.m.c.i.embedder.EclipseLogger - skip non existing resourceDirectory C:\Users\2155644\eclipse-workspace\SeleniumAutomation\GPPJPN\src\main\resources
2024-05-31 22:37:31,907 [Worker-44: Building] INFO  o.e.m.c.i.embedder.EclipseLogger - Using 'UTF-8' encoding to copy filtered resources.
2024-05-31 22:37:31,908 [Worker-44: Building] INFO  o.e.m.c.i.embedder.EclipseLogger - skip non existing resourceDirectory C:\Users\2155644\eclipse-workspace\SeleniumAutomation\GPPJPN\src\test\resources
2024-05-31 22:38:49,951 [Worker-55: Building] INFO  o.e.m.c.i.embedder.EclipseLogger - Using 'UTF-8' encoding to copy filtered resources.
2024-05-31 22:38:49,951 [Worker-55: Building] INFO  o.e.m.c.i.embedder.EclipseLogger - skip non existing resourceDirectory C:\Users\2155644\eclipse-workspace\SeleniumAutomation\GPPJPN\src\main\resources
2024-05-31 22:38:49,953 [Worker-55: Building] INFO  o.e.m.c.i.embedder.EclipseLogger - Using 'UTF-8' encoding to copy filtered resources.
2024-05-31 22:38:49,953 [Worker-55: Building] INFO  o.e.m.c.i.embedder.EclipseLogger - skip non existing resourceDirectory C:\Users\2155644\eclipse-workspace\SeleniumAutomation\GPPJPN\src\test\resources
2024-05-31 22:39:48,247 [Worker-56: Building] INFO  o.e.m.c.i.embedder.EclipseLogger - Using 'UTF-8' encoding to copy filtered resources.
2024-05-31 22:39:48,248 [Worker-56: Building] INFO  o.e.m.c.i.embedder.EclipseLogger - skip non existing resourceDirectory C:\Users\2155644\eclipse-workspace\SeleniumAutomation\GPPJPN\src\main\resources
2024-05-31 22:39:48,249 [Worker-56: Building] INFO  o.e.m.c.i.embedder.EclipseLogger - Using 'UTF-8' encoding to copy filtered resources.
2024-05-31 22:39:48,250 [Worker-56: Building] INFO  o.e.m.c.i.embedder.EclipseLogger - skip non existing resourceDirectory C:\Users\2155644\eclipse-workspace\SeleniumAutomation\GPPJPN\src\test\resources
2024-05-31 22:41:54,335 [Worker-44: Building] INFO  o.e.m.c.i.embedder.EclipseLogger - Using 'UTF-8' encoding to copy filtered resources.
2024-05-31 22:41:54,335 [Worker-44: Building] INFO  o.e.m.c.i.embedder.EclipseLogger - skip non existing resourceDirectory C:\Users\2155644\eclipse-workspace\SeleniumAutomation\GPPJPN\src\main\resources
2024-05-31 22:41:54,337 [Worker-44: Building] INFO  o.e.m.c.i.embedder.EclipseLogger - Using 'UTF-8' encoding to copy filtered resources.
2024-05-31 22:41:54,337 [Worker-44: Building] INFO  o.e.m.c.i.embedder.EclipseLogger - skip non existing resourceDirectory C:\Users\2155644\eclipse-workspace\SeleniumAutomation\GPPJPN\src\test\resources
2024-05-31 22:42:22,212 [Worker-55: Building] INFO  o.e.m.c.i.embedder.EclipseLogger - Using 'UTF-8' encoding to copy filtered resources.
2024-05-31 22:42:22,213 [Worker-55: Building] INFO  o.e.m.c.i.embedder.EclipseLogger - skip non existing resourceDirectory C:\Users\2155644\eclipse-workspace\SeleniumAutomation\GPPJPN\src\main\resources
2024-05-31 22:42:22,215 [Worker-55: Building] INFO  o.e.m.c.i.embedder.EclipseLogger - Using 'UTF-8' encoding to copy filtered resources.
2024-05-31 22:42:22,216 [Worker-55: Building] INFO  o.e.m.c.i.embedder.EclipseLogger - skip non existing resourceDirectory C:\Users\2155644\eclipse-workspace\SeleniumAutomation\GPPJPN\src\test\resources
2024-05-31 22:46:52,676 [Worker-59: Building] INFO  o.e.m.c.i.embedder.EclipseLogger - Using 'UTF-8' encoding to copy filtered resources.
2024-05-31 22:46:52,676 [Worker-59: Building] INFO  o.e.m.c.i.embedder.EclipseLogger - skip non existing resourceDirectory C:\Users\2155644\eclipse-workspace\SeleniumAutomation\GPPJPN\src\main\resources
2024-05-31 22:46:52,678 [Worker-59: Building] INFO  o.e.m.c.i.embedder.EclipseLogger - Using 'UTF-8' encoding to copy filtered resources.
2024-05-31 22:46:52,678 [Worker-59: Building] INFO  o.e.m.c.i.embedder.EclipseLogger - skip non existing resourceDirectory C:\Users\2155644\eclipse-workspace\SeleniumAutomation\GPPJPN\src\test\resources
2024-05-31 22:47:23,798 [Worker-58: Building] INFO  o.e.m.c.i.embedder.EclipseLogger - Using 'UTF-8' encoding to copy filtered resources.
2024-05-31 22:47:23,798 [Worker-58: Building] INFO  o.e.m.c.i.embedder.EclipseLogger - skip non existing resourceDirectory C:\Users\2155644\eclipse-workspace\SeleniumAutomation\GPPJPN\src\main\resources
2024-05-31 22:47:23,800 [Worker-58: Building] INFO  o.e.m.c.i.embedder.EclipseLogger - Using 'UTF-8' encoding to copy filtered resources.
2024-05-31 22:47:23,800 [Worker-58: Building] INFO  o.e.m.c.i.embedder.EclipseLogger - skip non existing resourceDirectory C:\Users\2155644\eclipse-workspace\SeleniumAutomation\GPPJPN\src\test\resources
2024-05-31 22:48:06,709 [Worker-58: Building] INFO  o.e.m.c.i.embedder.EclipseLogger - Using 'UTF-8' encoding to copy filtered resources.
2024-05-31 22:48:06,709 [Worker-58: Building] INFO  o.e.m.c.i.embedder.EclipseLogger - skip non existing resourceDirectory C:\Users\2155644\eclipse-workspace\SeleniumAutomation\GPPJPN\src\main\resources
2024-05-31 22:48:06,711 [Worker-58: Building] INFO  o.e.m.c.i.embedder.EclipseLogger - Using 'UTF-8' encoding to copy filtered resources.
2024-05-31 22:48:06,712 [Worker-58: Building] INFO  o.e.m.c.i.embedder.EclipseLogger - skip non existing resourceDirectory C:\Users\2155644\eclipse-workspace\SeleniumAutomation\GPPJPN\src\test\resources
2024-05-31 22:49:39,918 [Worker-60: Building] INFO  o.e.m.c.i.embedder.EclipseLogger - Using 'UTF-8' encoding to copy filtered resources.
2024-05-31 22:49:39,919 [Worker-60: Building] INFO  o.e.m.c.i.embedder.EclipseLogger - skip non existing resourceDirectory C:\Users\2155644\eclipse-workspace\SeleniumAutomation\GPPJPN\src\main\resources
2024-05-31 22:49:39,920 [Worker-60: Building] INFO  o.e.m.c.i.embedder.EclipseLogger - Using 'UTF-8' encoding to copy filtered resources.
2024-05-31 22:49:39,920 [Worker-60: Building] INFO  o.e.m.c.i.embedder.EclipseLogger - skip non existing resourceDirectory C:\Users\2155644\eclipse-workspace\SeleniumAutomation\GPPJPN\src\test\resources
2024-05-31 22:52:45,323 [Worker-59: Building] INFO  o.e.m.c.i.embedder.EclipseLogger - Using 'UTF-8' encoding to copy filtered resources.
2024-05-31 22:52:45,324 [Worker-59: Building] INFO  o.e.m.c.i.embedder.EclipseLogger - skip non existing resourceDirectory C:\Users\2155644\eclipse-workspace\SeleniumAutomation\GPPJPN\src\main\resources
2024-05-31 22:52:45,327 [Worker-59: Building] INFO  o.e.m.c.i.embedder.EclipseLogger - Using 'UTF-8' encoding to copy filtered resources.
2024-05-31 22:52:45,327 [Worker-59: Building] INFO  o.e.m.c.i.embedder.EclipseLogger - skip non existing resourceDirectory C:\Users\2155644\eclipse-workspace\SeleniumAutomation\GPPJPN\src\test\resources
2024-05-31 22:54:17,994 [Worker-59: Building] INFO  o.e.m.c.i.embedder.EclipseLogger - Using 'UTF-8' encoding to copy filtered resources.
2024-05-31 22:54:17,995 [Worker-59: Building] INFO  o.e.m.c.i.embedder.EclipseLogger - skip non existing resourceDirectory C:\Users\2155644\eclipse-workspace\SeleniumAutomation\GPPJPN\src\main\resources
2024-05-31 22:54:17,996 [Worker-59: Building] INFO  o.e.m.c.i.embedder.EclipseLogger - Using 'UTF-8' encoding to copy filtered resources.
2024-05-31 22:54:17,997 [Worker-59: Building] INFO  o.e.m.c.i.embedder.EclipseLogger - skip non existing resourceDirectory C:\Users\2155644\eclipse-workspace\SeleniumAutomation\GPPJPN\src\test\resources
2024-05-31 23:01:30,205 [Worker-58: Building] INFO  o.e.m.c.i.embedder.EclipseLogger - Using 'UTF-8' encoding to copy filtered resources.
2024-05-31 23:01:30,205 [Worker-58: Building] INFO  o.e.m.c.i.embedder.EclipseLogger - skip non existing resourceDirectory C:\Users\2155644\eclipse-workspace\SeleniumAutomation\GPPJPN\src\main\resources
2024-05-31 23:01:30,207 [Worker-58: Building] INFO  o.e.m.c.i.embedder.EclipseLogger - Using 'UTF-8' encoding to copy filtered resources.
2024-05-31 23:01:30,207 [Worker-58: Building] INFO  o.e.m.c.i.embedder.EclipseLogger - skip non existing resourceDirectory C:\Users\2155644\eclipse-workspace\SeleniumAutomation\GPPJPN\src\test\resources
2024-05-31 23:08:04,484 [Worker-64: Building] INFO  o.e.m.c.i.embedder.EclipseLogger - Using 'UTF-8' encoding to copy filtered resources.
2024-05-31 23:08:04,484 [Worker-64: Building] INFO  o.e.m.c.i.embedder.EclipseLogger - skip non existing resourceDirectory C:\Users\2155644\eclipse-workspace\SeleniumAutomation\GPPJPN\src\main\resources
2024-05-31 23:08:04,485 [Worker-64: Building] INFO  o.e.m.c.i.embedder.EclipseLogger - Using 'UTF-8' encoding to copy filtered resources.
2024-05-31 23:08:04,486 [Worker-64: Building] INFO  o.e.m.c.i.embedder.EclipseLogger - skip non existing resourceDirectory C:\Users\2155644\eclipse-workspace\SeleniumAutomation\GPPJPN\src\test\resources
2024-05-31 23:08:07,255 [Worker-64: Building] INFO  o.e.m.c.i.embedder.EclipseLogger - Using 'UTF-8' encoding to copy filtered resources.
2024-05-31 23:08:07,255 [Worker-64: Building] INFO  o.e.m.c.i.embedder.EclipseLogger - skip non existing resourceDirectory C:\Users\2155644\eclipse-workspace\SeleniumAutomation\GPPJPN\src\main\resources
2024-05-31 23:08:07,256 [Worker-64: Building] INFO  o.e.m.c.i.embedder.EclipseLogger - Using 'UTF-8' encoding to copy filtered resources.
2024-05-31 23:08:07,256 [Worker-64: Building] INFO  o.e.m.c.i.embedder.EclipseLogger - skip non existing resourceDirectory C:\Users\2155644\eclipse-workspace\SeleniumAutomation\GPPJPN\src\test\resources
2024-05-31 23:08:28,769 [Worker-58: Building] INFO  o.e.m.c.i.embedder.EclipseLogger - Using 'UTF-8' encoding to copy filtered resources.
2024-05-31 23:08:28,769 [Worker-58: Building] INFO  o.e.m.c.i.embedder.EclipseLogger - skip non existing resourceDirectory C:\Users\2155644\eclipse-workspace\SeleniumAutomation\GPPJPN\src\main\resources
2024-05-31 23:08:28,771 [Worker-58: Building] INFO  o.e.m.c.i.embedder.EclipseLogger - Using 'UTF-8' encoding to copy filtered resources.
2024-05-31 23:08:28,771 [Worker-58: Building] INFO  o.e.m.c.i.embedder.EclipseLogger - skip non existing resourceDirectory C:\Users\2155644\eclipse-workspace\SeleniumAutomation\GPPJPN\src\test\resources
2024-05-31 23:10:18,603 [Worker-58: Building] INFO  o.e.m.c.i.embedder.EclipseLogger - Using 'UTF-8' encoding to copy filtered resources.
2024-05-31 23:10:18,603 [Worker-58: Building] INFO  o.e.m.c.i.embedder.EclipseLogger - skip non existing resourceDirectory C:\Users\2155644\eclipse-workspace\SeleniumAutomation\GPPJPN\src\main\resources
2024-05-31 23:10:18,604 [Worker-58: Building] INFO  o.e.m.c.i.embedder.EclipseLogger - Using 'UTF-8' encoding to copy filtered resources.
2024-05-31 23:10:18,605 [Worker-58: Building] INFO  o.e.m.c.i.embedder.EclipseLogger - skip non existing resourceDirectory C:\Users\2155644\eclipse-workspace\SeleniumAutomation\GPPJPN\src\test\resources
2024-05-31 23:12:06,308 [Worker-58: Building] INFO  o.e.m.c.i.embedder.EclipseLogger - Using 'UTF-8' encoding to copy filtered resources.
2024-05-31 23:12:06,308 [Worker-58: Building] INFO  o.e.m.c.i.embedder.EclipseLogger - skip non existing resourceDirectory C:\Users\2155644\eclipse-workspace\SeleniumAutomation\GPPJPN\src\main\resources
2024-05-31 23:12:06,313 [Worker-58: Building] INFO  o.e.m.c.i.embedder.EclipseLogger - Using 'UTF-8' encoding to copy filtered resources.
2024-05-31 23:12:06,320 [Worker-58: Building] INFO  o.e.m.c.i.embedder.EclipseLogger - Copying 0 resource
2024-05-31 23:12:39,710 [Worker-68: Building] INFO  o.e.m.c.i.embedder.EclipseLogger - Using 'UTF-8' encoding to copy filtered resources.
2024-05-31 23:12:39,711 [Worker-68: Building] INFO  o.e.m.c.i.embedder.EclipseLogger - skip non existing resourceDirectory C:\Users\2155644\eclipse-workspace\SeleniumAutomation\GPPJPN\src\main\resources
2024-05-31 23:12:39,712 [Worker-68: Building] INFO  o.e.m.c.i.embedder.EclipseLogger - Using 'UTF-8' encoding to copy filtered resources.
2024-05-31 23:12:39,713 [Worker-68: Building] INFO  o.e.m.c.i.embedder.EclipseLogger - skip non existing resourceDirectory C:\Users\2155644\eclipse-workspace\SeleniumAutomation\GPPJPN\src\test\resources
2024-05-31 23:13:09,412 [Worker-59: Building] INFO  o.e.m.c.i.embedder.EclipseLogger - Using 'UTF-8' encoding to copy filtered resources.
2024-05-31 23:13:09,412 [Worker-59: Building] INFO  o.e.m.c.i.embedder.EclipseLogger - skip non existing resourceDirectory C:\Users\2155644\eclipse-workspace\SeleniumAutomation\GPPJPN\src\main\resources
2024-05-31 23:13:09,413 [Worker-59: Building] INFO  o.e.m.c.i.embedder.EclipseLogger - Using 'UTF-8' encoding to copy filtered resources.
2024-05-31 23:13:09,417 [Worker-59: Building] INFO  o.e.m.c.i.embedder.EclipseLogger - Copying 0 resource
2024-05-31 23:14:27,699 [Worker-69: Building] INFO  o.e.m.c.i.embedder.EclipseLogger - Using 'UTF-8' encoding to copy filtered resources.
2024-05-31 23:14:27,699 [Worker-69: Building] INFO  o.e.m.c.i.embedder.EclipseLogger - skip non existing resourceDirectory C:\Users\2155644\eclipse-workspace\SeleniumAutomation\GPPJPN\src\main\resources
2024-05-31 23:14:27,701 [Worker-69: Building] INFO  o.e.m.c.i.embedder.EclipseLogger - Using 'UTF-8' encoding to copy filtered resources.
2024-05-31 23:14:27,701 [Worker-69: Building] INFO  o.e.m.c.i.embedder.EclipseLogger - Copying 0 resource
2024-05-31 23:14:47,218 [Worker-59: Building] INFO  o.e.m.c.i.embedder.EclipseLogger - Using 'UTF-8' encoding to copy filtered resources.
2024-05-31 23:14:47,218 [Worker-59: Building] INFO  o.e.m.c.i.embedder.EclipseLogger - skip non existing resourceDirectory C:\Users\2155644\eclipse-workspace\SeleniumAutomation\GPPJPN\src\main\resources
2024-05-31 23:14:47,220 [Worker-59: Building] INFO  o.e.m.c.i.embedder.EclipseLogger - Using 'UTF-8' encoding to copy filtered resources.
2024-05-31 23:14:47,221 [Worker-59: Building] INFO  o.e.m.c.i.embedder.EclipseLogger - Copying 1 resource
2024-05-31 23:15:10,011 [Worker-70: Building] INFO  o.e.m.c.i.embedder.EclipseLogger - Using 'UTF-8' encoding to copy filtered resources.
2024-05-31 23:15:10,011 [Worker-70: Building] INFO  o.e.m.c.i.embedder.EclipseLogger - skip non existing resourceDirectory C:\Users\2155644\eclipse-workspace\SeleniumAutomation\GPPJPN\src\main\resources
2024-05-31 23:15:10,012 [Worker-70: Building] INFO  o.e.m.c.i.embedder.EclipseLogger - Using 'UTF-8' encoding to copy filtered resources.
2024-05-31 23:15:10,013 [Worker-70: Building] INFO  o.e.m.c.i.embedder.EclipseLogger - Copying 1 resource
2024-05-31 23:16:17,956 [Worker-69: Building] INFO  o.e.m.c.i.embedder.EclipseLogger - Using 'UTF-8' encoding to copy filtered resources.
2024-05-31 23:16:17,956 [Worker-69: Building] INFO  o.e.m.c.i.embedder.EclipseLogger - skip non existing resourceDirectory C:\Users\2155644\eclipse-workspace\SeleniumAutomation\GPPJPN\src\main\resources
2024-05-31 23:16:17,957 [Worker-69: Building] INFO  o.e.m.c.i.embedder.EclipseLogger - Using 'UTF-8' encoding to copy filtered resources.
2024-05-31 23:16:17,958 [Worker-69: Building] INFO  o.e.m.c.i.embedder.EclipseLogger - Copying 0 resource
2024-05-31 23:16:39,015 [Worker-71: Building] INFO  o.e.m.c.i.embedder.EclipseLogger - Using 'UTF-8' encoding to copy filtered resources.
2024-05-31 23:16:39,015 [Worker-71: Building] INFO  o.e.m.c.i.embedder.EclipseLogger - skip non existing resourceDirectory C:\Users\2155644\eclipse-workspace\SeleniumAutomation\GPPJPN\src\main\resources
2024-05-31 23:16:39,016 [Worker-71: Building] INFO  o.e.m.c.i.embedder.EclipseLogger - Using 'UTF-8' encoding to copy filtered resources.
2024-05-31 23:16:39,018 [Worker-71: Building] INFO  o.e.m.c.i.embedder.EclipseLogger - Copying 0 resource
2024-05-31 23:17:00,130 [Worker-69: Building] INFO  o.e.m.c.i.embedder.EclipseLogger - Using 'UTF-8' encoding to copy filtered resources.
2024-05-31 23:17:00,130 [Worker-69: Building] INFO  o.e.m.c.i.embedder.EclipseLogger - skip non existing resourceDirectory C:\Users\2155644\eclipse-workspace\SeleniumAutomation\GPPJPN\src\main\resources
2024-05-31 23:17:00,131 [Worker-69: Building] INFO  o.e.m.c.i.embedder.EclipseLogger - Using 'UTF-8' encoding to copy filtered resources.
2024-05-31 23:17:00,131 [Worker-69: Building] INFO  o.e.m.c.i.embedder.EclipseLogger - Copying 0 resource
2024-05-31 23:17:29,095 [Worker-69: Building] INFO  o.e.m.c.i.embedder.EclipseLogger - Using 'UTF-8' encoding to copy filtered resources.
2024-05-31 23:17:29,095 [Worker-69: Building] INFO  o.e.m.c.i.embedder.EclipseLogger - skip non existing resourceDirectory C:\Users\2155644\eclipse-workspace\SeleniumAutomation\GPPJPN\src\main\resources
2024-05-31 23:17:29,097 [Worker-69: Building] INFO  o.e.m.c.i.embedder.EclipseLogger - Using 'UTF-8' encoding to copy filtered resources.
2024-05-31 23:17:29,099 [Worker-69: Building] INFO  o.e.m.c.i.embedder.EclipseLogger - Copying 2 resources
2024-05-31 23:21:56,104 [Worker-71: Building] INFO  o.e.m.c.i.embedder.EclipseLogger - Using 'UTF-8' encoding to copy filtered resources.
2024-05-31 23:21:56,104 [Worker-71: Building] INFO  o.e.m.c.i.embedder.EclipseLogger - skip non existing resourceDirectory C:\Users\2155644\eclipse-workspace\SeleniumAutomation\GPPJPN\src\main\resources
2024-05-31 23:21:56,105 [Worker-71: Building] INFO  o.e.m.c.i.embedder.EclipseLogger - Using 'UTF-8' encoding to copy filtered resources.
2024-05-31 23:21:56,106 [Worker-71: Building] INFO  o.e.m.c.i.embedder.EclipseLogger - Copying 0 resource
2024-05-31 23:22:09,968 [Worker-69: Building] INFO  o.e.m.c.i.embedder.EclipseLogger - Using 'UTF-8' encoding to copy filtered resources.
2024-05-31 23:22:09,970 [Worker-69: Building] INFO  o.e.m.c.i.embedder.EclipseLogger - skip non existing resourceDirectory C:\Users\2155644\eclipse-workspace\SeleniumAutomation\GPPJPN\src\main\resources
2024-05-31 23:22:09,971 [Worker-69: Building] INFO  o.e.m.c.i.embedder.EclipseLogger - Using 'UTF-8' encoding to copy filtered resources.
2024-05-31 23:22:09,972 [Worker-69: Building] INFO  o.e.m.c.i.embedder.EclipseLogger - Copying 0 resource
2024-05-31 23:22:24,043 [Worker-72: Building] INFO  o.e.m.c.i.embedder.EclipseLogger - Using 'UTF-8' encoding to copy filtered resources.
2024-05-31 23:22:24,044 [Worker-72: Building] INFO  o.e.m.c.i.embedder.EclipseLogger - skip non existing resourceDirectory C:\Users\2155644\eclipse-workspace\SeleniumAutomation\GPPJPN\src\main\resources
2024-05-31 23:22:24,045 [Worker-72: Building] INFO  o.e.m.c.i.embedder.EclipseLogger - Using 'UTF-8' encoding to copy filtered resources.
2024-05-31 23:22:24,045 [Worker-72: Building] INFO  o.e.m.c.i.embedder.EclipseLogger - Copying 1 resource
2024-05-31 23:27:01,876 [Worker-71: Updating Maven Project] INFO  o.e.m.c.i.p.ProjectConfigurationManager - Update started
2024-05-31 23:27:01,957 [Worker-71: Updating Maven Project] INFO  o.e.m.c.i.l.LifecycleMappingFactory - Using org.eclipse.m2e.jdt.JarLifecycleMapping lifecycle mapping for MavenProject: GPPJPN:GPPJPN:0.0.1-SNAPSHOT @ C:\Users\2155644\eclipse-workspace\SeleniumAutomation\GPPJPN\pom.xml.
2024-05-31 23:27:02,319 [Worker-71: Updating Maven Project] INFO  o.e.m.j.i.AbstractJavaProjectConfigurator - Adding source folder /GPPJPN/src/main/java
2024-05-31 23:27:02,319 [Worker-71: Updating Maven Project] INFO  o.e.m.j.i.AbstractJavaProjectConfigurator - Adding source folder /GPPJPN/src/test/java
2024-05-31 23:27:02,320 [Worker-71: Updating Maven Project] INFO  o.e.m.j.i.AbstractJavaProjectConfigurator - Adding resource folder /GPPJPN/src/test/resources
2024-05-31 23:27:02,666 [Worker-71: Updating Maven Project] INFO  o.e.m.c.i.p.ProjectConfigurationManager - Update completed: 0 sec
2024-05-31 23:27:03,101 [Worker-75: Building] INFO  o.e.m.c.i.embedder.EclipseLogger - Using 'UTF-8' encoding to copy filtered resources.
2024-05-31 23:27:03,102 [Worker-75: Building] INFO  o.e.m.c.i.embedder.EclipseLogger - skip non existing resourceDirectory C:\Users\2155644\eclipse-workspace\SeleniumAutomation\GPPJPN\src\main\resources
2024-05-31 23:27:03,104 [Worker-75: Building] INFO  o.e.m.c.i.embedder.EclipseLogger - Using 'UTF-8' encoding to copy filtered resources.
2024-05-31 23:27:03,104 [Worker-75: Building] INFO  o.e.m.c.i.embedder.EclipseLogger - Copying 3 resources
2024-06-01 00:34:26,648 [Worker-85: Building] INFO  o.e.m.c.i.embedder.EclipseLogger - Using 'UTF-8' encoding to copy filtered resources.
2024-06-01 00:34:26,650 [Worker-85: Building] INFO  o.e.m.c.i.embedder.EclipseLogger - skip non existing resourceDirectory C:\Users\2155644\eclipse-workspace\SeleniumAutomation\GPPJPN\src\main\resources
2024-06-01 00:34:26,651 [Worker-85: Building] INFO  o.e.m.c.i.embedder.EclipseLogger - Using 'UTF-8' encoding to copy filtered resources.
2024-06-01 00:34:26,652 [Worker-85: Building] INFO  o.e.m.c.i.embedder.EclipseLogger - Copying 0 resource
2024-06-01 00:41:06,319 [Worker-83: Building] INFO  o.e.m.c.i.embedder.EclipseLogger - Using 'UTF-8' encoding to copy filtered resources.
2024-06-01 00:41:06,319 [Worker-83: Building] INFO  o.e.m.c.i.embedder.EclipseLogger - skip non existing resourceDirectory C:\Users\2155644\eclipse-workspace\SeleniumAutomation\GPPJPN\src\main\resources
2024-06-01 00:41:06,320 [Worker-83: Building] INFO  o.e.m.c.i.embedder.EclipseLogger - Using 'UTF-8' encoding to copy filtered resources.
2024-06-01 00:41:06,320 [Worker-83: Building] INFO  o.e.m.c.i.embedder.EclipseLogger - Copying 0 resource
2024-06-01 00:41:42,138 [Worker-82: Building] INFO  o.e.m.c.i.embedder.EclipseLogger - Using 'UTF-8' encoding to copy filtered resources.
2024-06-01 00:41:42,138 [Worker-82: Building] INFO  o.e.m.c.i.embedder.EclipseLogger - skip non existing resourceDirectory C:\Users\2155644\eclipse-workspace\SeleniumAutomation\GPPJPN\src\main\resources
2024-06-01 00:41:42,141 [Worker-82: Building] INFO  o.e.m.c.i.embedder.EclipseLogger - Using 'UTF-8' encoding to copy filtered resources.
2024-06-01 00:41:42,144 [Worker-82: Building] INFO  o.e.m.c.i.embedder.EclipseLogger - Copying 3 resources
2024-06-01 00:44:28,838 [Worker-90: Building] INFO  o.e.m.c.i.embedder.EclipseLogger - Using 'UTF-8' encoding to copy filtered resources.
2024-06-01 00:44:28,838 [Worker-90: Building] INFO  o.e.m.c.i.embedder.EclipseLogger - skip non existing resourceDirectory C:\Users\2155644\eclipse-workspace\SeleniumAutomation\GPPJPN\src\main\resources
2024-06-01 00:44:28,840 [Worker-90: Building] INFO  o.e.m.c.i.embedder.EclipseLogger - Using 'UTF-8' encoding to copy filtered resources.
2024-06-01 00:44:28,841 [Worker-90: Building] INFO  o.e.m.c.i.embedder.EclipseLogger - Copying 3 resources
2024-06-01 00:47:41,589 [Worker-91: Building] INFO  o.e.m.c.i.embedder.EclipseLogger - Using 'UTF-8' encoding to copy filtered resources.
2024-06-01 00:47:41,589 [Worker-91: Building] INFO  o.e.m.c.i.embedder.EclipseLogger - skip non existing resourceDirectory C:\Users\2155644\eclipse-workspace\SeleniumAutomation\GPPJPN\src\main\resources
2024-06-01 00:47:41,590 [Worker-91: Building] INFO  o.e.m.c.i.embedder.EclipseLogger - Using 'UTF-8' encoding to copy filtered resources.
2024-06-01 00:47:41,591 [Worker-91: Building] INFO  o.e.m.c.i.embedder.EclipseLogger - Copying 3 resources
2024-06-04 12:45:01,224 [Worker-98: Building] INFO  o.e.m.c.i.embedder.EclipseLogger - Using 'UTF-8' encoding to copy filtered resources.
2024-06-04 12:45:01,235 [Worker-98: Building] INFO  o.e.m.c.i.embedder.EclipseLogger - skip non existing resourceDirectory C:\Users\2155644\eclipse-workspace\SeleniumAutomation\GPPJPN\src\main\resources
2024-06-04 12:45:01,238 [Worker-98: Building] INFO  o.e.m.c.i.embedder.EclipseLogger - Using 'UTF-8' encoding to copy filtered resources.
2024-06-04 12:45:01,248 [Worker-98: Building] INFO  o.e.m.c.i.embedder.EclipseLogger - Copying 0 resource
2024-06-04 16:18:26,377 [Worker-101: Building] INFO  o.e.m.c.i.embedder.EclipseLogger - Using 'UTF-8' encoding to copy filtered resources.
2024-06-04 16:18:26,377 [Worker-101: Building] INFO  o.e.m.c.i.embedder.EclipseLogger - skip non existing resourceDirectory C:\Users\2155644\eclipse-workspace\SeleniumAutomation\GPPJPN\src\main\resources
2024-06-04 16:18:26,379 [Worker-101: Building] INFO  o.e.m.c.i.embedder.EclipseLogger - Using 'UTF-8' encoding to copy filtered resources.
2024-06-04 16:18:26,379 [Worker-101: Building] INFO  o.e.m.c.i.embedder.EclipseLogger - Copying 0 resource
2024-06-04 16:24:43,586 [Worker-105: Building] INFO  o.e.m.c.i.embedder.EclipseLogger - Using 'UTF-8' encoding to copy filtered resources.
2024-06-04 16:24:43,586 [Worker-105: Building] INFO  o.e.m.c.i.embedder.EclipseLogger - skip non existing resourceDirectory C:\Users\2155644\eclipse-workspace\SeleniumAutomation\GPPJPN\src\main\resources
2024-06-04 16:24:43,588 [Worker-105: Building] INFO  o.e.m.c.i.embedder.EclipseLogger - Using 'UTF-8' encoding to copy filtered resources.
2024-06-04 16:24:43,588 [Worker-105: Building] INFO  o.e.m.c.i.embedder.EclipseLogger - Copying 0 resource
2024-06-04 16:30:30,626 [Worker-110: Building] INFO  o.e.m.c.i.embedder.EclipseLogger - Using 'UTF-8' encoding to copy filtered resources.
2024-06-04 16:30:30,626 [Worker-110: Building] INFO  o.e.m.c.i.embedder.EclipseLogger - skip non existing resourceDirectory C:\Users\2155644\eclipse-workspace\SeleniumAutomation\GPPJPN\src\main\resources
2024-06-04 16:30:30,627 [Worker-110: Building] INFO  o.e.m.c.i.embedder.EclipseLogger - Using 'UTF-8' encoding to copy filtered resources.
2024-06-04 16:30:30,628 [Worker-110: Building] INFO  o.e.m.c.i.embedder.EclipseLogger - Copying 0 resource
2024-06-04 17:07:57,750 [Worker-113: Building] INFO  o.e.m.c.i.embedder.EclipseLogger - Using 'UTF-8' encoding to copy filtered resources.
2024-06-04 17:07:57,750 [Worker-113: Building] INFO  o.e.m.c.i.embedder.EclipseLogger - skip non existing resourceDirectory C:\Users\2155644\eclipse-workspace\SeleniumAutomation\GPPJPN\src\main\resources
2024-06-04 17:07:57,751 [Worker-113: Building] INFO  o.e.m.c.i.embedder.EclipseLogger - Using 'UTF-8' encoding to copy filtered resources.
2024-06-04 17:07:57,752 [Worker-113: Building] INFO  o.e.m.c.i.embedder.EclipseLogger - Copying 0 resource
2024-06-04 17:08:43,585 [Worker-112: Building] INFO  o.e.m.c.i.embedder.EclipseLogger - Using 'UTF-8' encoding to copy filtered resources.
2024-06-04 17:08:43,585 [Worker-112: Building] INFO  o.e.m.c.i.embedder.EclipseLogger - skip non existing resourceDirectory C:\Users\2155644\eclipse-workspace\SeleniumAutomation\GPPJPN\src\main\resources
2024-06-04 17:08:43,587 [Worker-112: Building] INFO  o.e.m.c.i.embedder.EclipseLogger - Using 'UTF-8' encoding to copy filtered resources.
2024-06-04 17:08:43,587 [Worker-112: Building] INFO  o.e.m.c.i.embedder.EclipseLogger - Copying 0 resource
2024-06-04 17:59:44,223 [Worker-116: Building] INFO  o.e.m.c.i.embedder.EclipseLogger - Using 'UTF-8' encoding to copy filtered resources.
2024-06-04 17:59:44,224 [Worker-116: Building] INFO  o.e.m.c.i.embedder.EclipseLogger - skip non existing resourceDirectory C:\Users\2155644\eclipse-workspace\SeleniumAutomation\GPPJPN\src\main\resources
2024-06-04 17:59:44,226 [Worker-116: Building] INFO  o.e.m.c.i.embedder.EclipseLogger - Using 'UTF-8' encoding to copy filtered resources.
2024-06-04 17:59:44,226 [Worker-116: Building] INFO  o.e.m.c.i.embedder.EclipseLogger - Copying 0 resource
2024-06-04 18:00:10,719 [Worker-116: Building] INFO  o.e.m.c.i.embedder.EclipseLogger - Using 'UTF-8' encoding to copy filtered resources.
2024-06-04 18:00:10,719 [Worker-116: Building] INFO  o.e.m.c.i.embedder.EclipseLogger - skip non existing resourceDirectory C:\Users\2155644\eclipse-workspace\SeleniumAutomation\GPPJPN\src\main\resources
2024-06-04 18:00:10,720 [Worker-116: Building] INFO  o.e.m.c.i.embedder.EclipseLogger - Using 'UTF-8' encoding to copy filtered resources.
2024-06-04 18:00:10,722 [Worker-116: Building] INFO  o.e.m.c.i.embedder.EclipseLogger - Copying 3 resources
2024-06-04 18:13:33,718 [Worker-121: Building] INFO  o.e.m.c.i.embedder.EclipseLogger - Using 'UTF-8' encoding to copy filtered resources.
2024-06-04 18:13:33,718 [Worker-121: Building] INFO  o.e.m.c.i.embedder.EclipseLogger - skip non existing resourceDirectory C:\Users\2155644\eclipse-workspace\SeleniumAutomation\GPPJPN\src\main\resources
2024-06-04 18:13:33,719 [Worker-121: Building] INFO  o.e.m.c.i.embedder.EclipseLogger - Using 'UTF-8' encoding to copy filtered resources.
2024-06-04 18:13:33,719 [Worker-121: Building] INFO  o.e.m.c.i.embedder.EclipseLogger - Copying 0 resource
2024-06-04 18:21:12,389 [Worker-122: Building] INFO  o.e.m.c.i.embedder.EclipseLogger - Using 'UTF-8' encoding to copy filtered resources.
2024-06-04 18:21:12,389 [Worker-122: Building] INFO  o.e.m.c.i.embedder.EclipseLogger - skip non existing resourceDirectory C:\Users\2155644\eclipse-workspace\SeleniumAutomation\GPPJPN\src\main\resources
2024-06-04 18:21:12,391 [Worker-122: Building] INFO  o.e.m.c.i.embedder.EclipseLogger - Using 'UTF-8' encoding to copy filtered resources.
2024-06-04 18:21:12,391 [Worker-122: Building] INFO  o.e.m.c.i.embedder.EclipseLogger - Copying 0 resource
2024-06-04 18:21:30,443 [Worker-121: Building] INFO  o.e.m.c.i.embedder.EclipseLogger - Using 'UTF-8' encoding to copy filtered resources.
2024-06-04 18:21:30,443 [Worker-121: Building] INFO  o.e.m.c.i.embedder.EclipseLogger - skip non existing resourceDirectory C:\Users\2155644\eclipse-workspace\SeleniumAutomation\GPPJPN\src\main\resources
2024-06-04 18:21:30,445 [Worker-121: Building] INFO  o.e.m.c.i.embedder.EclipseLogger - Using 'UTF-8' encoding to copy filtered resources.
2024-06-04 18:21:30,446 [Worker-121: Building] INFO  o.e.m.c.i.embedder.EclipseLogger - Copying 3 resources
2024-06-04 18:22:20,624 [Worker-124: Building] INFO  o.e.m.c.i.embedder.EclipseLogger - Using 'UTF-8' encoding to copy filtered resources.
2024-06-04 18:22:20,625 [Worker-124: Building] INFO  o.e.m.c.i.embedder.EclipseLogger - skip non existing resourceDirectory C:\Users\2155644\eclipse-workspace\SeleniumAutomation\GPPJPN\src\main\resources
2024-06-04 18:22:20,627 [Worker-124: Building] INFO  o.e.m.c.i.embedder.EclipseLogger - Using 'UTF-8' encoding to copy filtered resources.
2024-06-04 18:22:20,627 [Worker-124: Building] INFO  o.e.m.c.i.embedder.EclipseLogger - Copying 3 resources
2024-06-04 18:23:44,286 [Worker-122: Building] INFO  o.e.m.c.i.embedder.EclipseLogger - Using 'UTF-8' encoding to copy filtered resources.
2024-06-04 18:23:44,286 [Worker-122: Building] INFO  o.e.m.c.i.embedder.EclipseLogger - skip non existing resourceDirectory C:\Users\2155644\eclipse-workspace\SeleniumAutomation\GPPJPN\src\main\resources
2024-06-04 18:23:44,287 [Worker-122: Building] INFO  o.e.m.c.i.embedder.EclipseLogger - Using 'UTF-8' encoding to copy filtered resources.
2024-06-04 18:23:44,288 [Worker-122: Building] INFO  o.e.m.c.i.embedder.EclipseLogger - Copying 3 resources
2024-06-04 18:27:15,502 [Worker-122: Building] INFO  o.e.m.c.i.embedder.EclipseLogger - Using 'UTF-8' encoding to copy filtered resources.
2024-06-04 18:27:15,502 [Worker-122: Building] INFO  o.e.m.c.i.embedder.EclipseLogger - skip non existing resourceDirectory C:\Users\2155644\eclipse-workspace\SeleniumAutomation\GPPJPN\src\main\resources
2024-06-04 18:27:15,504 [Worker-122: Building] INFO  o.e.m.c.i.embedder.EclipseLogger - Using 'UTF-8' encoding to copy filtered resources.
2024-06-04 18:27:15,505 [Worker-122: Building] INFO  o.e.m.c.i.embedder.EclipseLogger - Copying 3 resources
2024-06-04 18:29:30,379 [Worker-122: Building] INFO  o.e.m.c.i.embedder.EclipseLogger - Using 'UTF-8' encoding to copy filtered resources.
2024-06-04 18:29:30,379 [Worker-122: Building] INFO  o.e.m.c.i.embedder.EclipseLogger - skip non existing resourceDirectory C:\Users\2155644\eclipse-workspace\SeleniumAutomation\GPPJPN\src\main\resources
2024-06-04 18:29:30,380 [Worker-122: Building] INFO  o.e.m.c.i.embedder.EclipseLogger - Using 'UTF-8' encoding to copy filtered resources.
2024-06-04 18:29:30,382 [Worker-122: Building] INFO  o.e.m.c.i.embedder.EclipseLogger - Copying 3 resources
2024-06-04 18:29:36,311 [Worker-123: Building] INFO  o.e.m.c.i.embedder.EclipseLogger - Using 'UTF-8' encoding to copy filtered resources.
2024-06-04 18:29:36,311 [Worker-123: Building] INFO  o.e.m.c.i.embedder.EclipseLogger - skip non existing resourceDirectory C:\Users\2155644\eclipse-workspace\SeleniumAutomation\GPPJPN\src\main\resources
2024-06-04 18:29:36,312 [Worker-123: Building] INFO  o.e.m.c.i.embedder.EclipseLogger - Using 'UTF-8' encoding to copy filtered resources.
2024-06-04 18:29:36,314 [Worker-123: Building] INFO  o.e.m.c.i.embedder.EclipseLogger - Copying 3 resources
2024-06-04 19:01:15,733 [Worker-127: Building] INFO  o.e.m.c.i.embedder.EclipseLogger - Using 'UTF-8' encoding to copy filtered resources.
2024-06-04 19:01:15,733 [Worker-127: Building] INFO  o.e.m.c.i.embedder.EclipseLogger - skip non existing resourceDirectory C:\Users\2155644\eclipse-workspace\SeleniumAutomation\GPPJPN\src\main\resources
2024-06-04 19:01:15,736 [Worker-127: Building] INFO  o.e.m.c.i.embedder.EclipseLogger - Using 'UTF-8' encoding to copy filtered resources.
2024-06-04 19:01:15,738 [Worker-127: Building] INFO  o.e.m.c.i.embedder.EclipseLogger - Copying 3 resources
2024-06-04 19:03:07,050 [Worker-126: Building] INFO  o.e.m.c.i.embedder.EclipseLogger - Using 'UTF-8' encoding to copy filtered resources.
2024-06-04 19:03:07,050 [Worker-126: Building] INFO  o.e.m.c.i.embedder.EclipseLogger - skip non existing resourceDirectory C:\Users\2155644\eclipse-workspace\SeleniumAutomation\GPPJPN\src\main\resources
2024-06-04 19:03:07,051 [Worker-126: Building] INFO  o.e.m.c.i.embedder.EclipseLogger - Using 'UTF-8' encoding to copy filtered resources.
2024-06-04 19:03:07,053 [Worker-126: Building] INFO  o.e.m.c.i.embedder.EclipseLogger - Copying 3 resources
2024-06-04 19:07:35,517 [Worker-131: Building] INFO  o.e.m.c.i.l.LifecycleMappingFactory - Using org.eclipse.m2e.jdt.JarLifecycleMapping lifecycle mapping for MavenProject: GPPJPN:GPPJPN:0.0.1-SNAPSHOT @ C:\Users\2155644\eclipse-workspace\SeleniumAutomation\GPPJPN\pom.xml.
2024-06-04 19:07:53,460 [Worker-131: Building] INFO  o.e.m.c.i.e.AbstractTransferListenerAdapter - Downloaded https://repo.maven.apache.org/maven2/org/slf4j/slf4j-api/${slf4j.version}/slf4j-api-${slf4j.version}.pom
2024-06-04 19:07:53,468 [Worker-131: Building] WARN  o.e.m.c.i.embedder.EclipseLogger - The POM for org.slf4j:slf4j-api:jar:${slf4j.version} is missing, no dependency information available
2024-06-04 19:07:53,620 [Worker-131: Building] INFO  o.e.m.c.i.embedder.EclipseLogger - Using 'UTF-8' encoding to copy filtered resources.
2024-06-04 19:07:53,620 [Worker-131: Building] INFO  o.e.m.c.i.embedder.EclipseLogger - skip non existing resourceDirectory C:\Users\2155644\eclipse-workspace\SeleniumAutomation\GPPJPN\src\main\resources
2024-06-04 19:07:53,622 [Worker-131: Building] INFO  o.e.m.c.i.embedder.EclipseLogger - Using 'UTF-8' encoding to copy filtered resources.
2024-06-04 19:07:53,622 [Worker-131: Building] INFO  o.e.m.c.i.embedder.EclipseLogger - Copying 0 resource
2024-06-04 19:07:54,689 [Worker-131: Download sources and javadoc] WARN  o.e.m.c.i.embedder.EclipseLogger - The POM for org.slf4j:slf4j-api:jar:${slf4j.version} is missing, no dependency information available
2024-06-04 19:07:58,502 [Worker-131: Download sources and javadoc] INFO  o.e.m.c.i.e.AbstractTransferListenerAdapter - Downloaded https://repo.maven.apache.org/maven2/org/slf4j/slf4j-api/${slf4j.version}/slf4j-api-${slf4j.version}-sources.jar
2024-06-04 19:07:58,699 [Worker-131: Download sources and javadoc] ERROR o.e.m.j.internal.DownloadSourcesJob - Could not download sources for org.slf4j:slf4j-api:${slf4j.version}
org.eclipse.core.runtime.CoreException: Could not resolve artifact org.slf4j:slf4j-api:jar:sources:${slf4j.version}
	at org.eclipse.m2e.core.internal.embedder.MavenImpl.lambda$4(MavenImpl.java:828) ~[na:na]
	at org.eclipse.m2e.core.internal.embedder.MavenExecutionContext.executeBare(MavenExecutionContext.java:182) ~[na:na]
	at org.eclipse.m2e.core.internal.embedder.MavenExecutionContext.execute(MavenExecutionContext.java:117) ~[na:na]
	at org.eclipse.m2e.core.internal.embedder.MavenExecutionContext.execute(MavenExecutionContext.java:103) ~[na:na]
	at org.eclipse.m2e.core.internal.embedder.MavenImpl.resolve(MavenImpl.java:796) ~[na:na]
	at org.eclipse.m2e.core.internal.embedder.MavenImpl.resolve(MavenImpl.java:773) ~[na:na]
	at org.eclipse.m2e.jdt.internal.DownloadSourcesJob.download(DownloadSourcesJob.java:311) ~[na:na]
	at org.eclipse.m2e.jdt.internal.DownloadSourcesJob.downloadAttachments(DownloadSourcesJob.java:285) ~[na:na]
	at org.eclipse.m2e.jdt.internal.DownloadSourcesJob.downloadMaven(DownloadSourcesJob.java:255) ~[na:na]
	at org.eclipse.m2e.jdt.internal.DownloadSourcesJob.downloadFilesAndPopulateToUpdate(DownloadSourcesJob.java:223) ~[na:na]
	at org.eclipse.m2e.jdt.internal.DownloadSourcesJob.lambda$0(DownloadSourcesJob.java:152) ~[na:na]
	at org.eclipse.m2e.core.internal.embedder.MavenExecutionContext.executeBare(MavenExecutionContext.java:182) ~[na:na]
	at org.eclipse.m2e.core.internal.embedder.MavenExecutionContext.execute(MavenExecutionContext.java:156) ~[na:na]
	at org.eclipse.m2e.core.internal.embedder.MavenExecutionContext.execute(MavenExecutionContext.java:103) ~[na:na]
	at org.eclipse.m2e.core.internal.embedder.MavenImpl.execute(MavenImpl.java:1416) ~[na:na]
	at org.eclipse.m2e.jdt.internal.DownloadSourcesJob.run(DownloadSourcesJob.java:152) ~[na:na]
	at org.eclipse.core.internal.jobs.Worker.run(Worker.java:63) ~[org.eclipse.core.jobs_3.13.0.v20220512-1935.jar:na]
2024-06-04 19:08:11,384 [Worker-131: Download sources and javadoc] INFO  o.e.m.c.i.e.AbstractTransferListenerAdapter - Downloaded https://repo.maven.apache.org/maven2/org/slf4j/slf4j-simple/${slf4j.version}/slf4j-simple-${slf4j.version}-sources.jar
2024-06-04 19:08:11,415 [Worker-131: Download sources and javadoc] ERROR o.e.m.j.internal.DownloadSourcesJob - Could not download sources for org.slf4j:slf4j-simple:${slf4j.version}
org.eclipse.core.runtime.CoreException: Could not resolve artifact org.slf4j:slf4j-simple:jar:sources:${slf4j.version}
	at org.eclipse.m2e.core.internal.embedder.MavenImpl.lambda$4(MavenImpl.java:828) ~[na:na]
	at org.eclipse.m2e.core.internal.embedder.MavenExecutionContext.executeBare(MavenExecutionContext.java:182) ~[na:na]
	at org.eclipse.m2e.core.internal.embedder.MavenExecutionContext.execute(MavenExecutionContext.java:117) ~[na:na]
	at org.eclipse.m2e.core.internal.embedder.MavenExecutionContext.execute(MavenExecutionContext.java:103) ~[na:na]
	at org.eclipse.m2e.core.internal.embedder.MavenImpl.resolve(MavenImpl.java:796) ~[na:na]
	at org.eclipse.m2e.core.internal.embedder.MavenImpl.resolve(MavenImpl.java:773) ~[na:na]
	at org.eclipse.m2e.jdt.internal.DownloadSourcesJob.download(DownloadSourcesJob.java:311) ~[na:na]
	at org.eclipse.m2e.jdt.internal.DownloadSourcesJob.downloadAttachments(DownloadSourcesJob.java:285) ~[na:na]
	at org.eclipse.m2e.jdt.internal.DownloadSourcesJob.downloadMaven(DownloadSourcesJob.java:255) ~[na:na]
	at org.eclipse.m2e.jdt.internal.DownloadSourcesJob.downloadFilesAndPopulateToUpdate(DownloadSourcesJob.java:223) ~[na:na]
	at org.eclipse.m2e.jdt.internal.DownloadSourcesJob.lambda$0(DownloadSourcesJob.java:152) ~[na:na]
	at org.eclipse.m2e.core.internal.embedder.MavenExecutionContext.executeBare(MavenExecutionContext.java:182) ~[na:na]
	at org.eclipse.m2e.core.internal.embedder.MavenExecutionContext.execute(MavenExecutionContext.java:156) ~[na:na]
	at org.eclipse.m2e.core.internal.embedder.MavenExecutionContext.execute(MavenExecutionContext.java:103) ~[na:na]
	at org.eclipse.m2e.core.internal.embedder.MavenImpl.execute(MavenImpl.java:1416) ~[na:na]
	at org.eclipse.m2e.jdt.internal.DownloadSourcesJob.run(DownloadSourcesJob.java:152) ~[na:na]
	at org.eclipse.core.internal.jobs.Worker.run(Worker.java:63) ~[org.eclipse.core.jobs_3.13.0.v20220512-1935.jar:na]
2024-06-04 19:08:35,240 [Worker-133: Building] INFO  o.e.m.c.i.l.LifecycleMappingFactory - Using org.eclipse.m2e.jdt.JarLifecycleMapping lifecycle mapping for MavenProject: GPPJPN:GPPJPN:0.0.1-SNAPSHOT @ C:\Users\2155644\eclipse-workspace\SeleniumAutomation\GPPJPN\pom.xml.
2024-06-04 19:08:36,840 [Worker-133: Building] INFO  o.e.m.c.i.e.AbstractTransferListenerAdapter - Downloading https://repo.maven.apache.org/maven2/org/slf4j/slf4j-api/1.7.5/slf4j-api-1.7.5.pom
2024-06-04 19:08:37,531 [Worker-133: Building] INFO  o.e.m.c.i.e.AbstractTransferListenerAdapter - Downloaded https://repo.maven.apache.org/maven2/org/slf4j/slf4j-api/1.7.5/slf4j-api-1.7.5.pom
2024-06-04 19:08:37,667 [Worker-133: Building] INFO  o.e.m.c.i.e.AbstractTransferListenerAdapter - Downloading https://repo.maven.apache.org/maven2/org/slf4j/slf4j-parent/1.7.5/slf4j-parent-1.7.5.pom
2024-06-04 19:08:39,477 [Worker-133: Building] INFO  o.e.m.c.i.e.AbstractTransferListenerAdapter - Downloaded https://repo.maven.apache.org/maven2/org/slf4j/slf4j-parent/1.7.5/slf4j-parent-1.7.5.pom
2024-06-04 19:08:40,324 [Worker-133: Building] INFO  o.e.m.c.i.e.AbstractTransferListenerAdapter - Downloading https://repo.maven.apache.org/maven2/org/slf4j/slf4j-log4j12/1.7.5/slf4j-log4j12-1.7.5.pom
2024-06-04 19:08:40,647 [Worker-133: Building] INFO  o.e.m.c.i.e.AbstractTransferListenerAdapter - Downloaded https://repo.maven.apache.org/maven2/org/slf4j/slf4j-log4j12/1.7.5/slf4j-log4j12-1.7.5.pom
2024-06-04 19:08:41,066 [Worker-133: Building] INFO  o.e.m.c.i.e.AbstractTransferListenerAdapter - Downloading https://repo.maven.apache.org/maven2/log4j/log4j/1.2.17/log4j-1.2.17.pom
2024-06-04 19:08:42,948 [Worker-133: Building] INFO  o.e.m.c.i.e.AbstractTransferListenerAdapter - Downloaded https://repo.maven.apache.org/maven2/log4j/log4j/1.2.17/log4j-1.2.17.pom
2024-06-04 19:08:43,329 [AetherRepositoryConnector-repo.maven.apache.org-0-0] INFO  o.e.m.c.i.e.AbstractTransferListenerAdapter - Downloading https://repo.maven.apache.org/maven2/org/slf4j/slf4j-api/1.7.5/slf4j-api-1.7.5.jar
2024-06-04 19:08:44,264 [AetherRepositoryConnector-repo.maven.apache.org-0-1] INFO  o.e.m.c.i.e.AbstractTransferListenerAdapter - Downloading https://repo.maven.apache.org/maven2/org/slf4j/slf4j-log4j12/1.7.5/slf4j-log4j12-1.7.5.jar
2024-06-04 19:08:44,315 [AetherRepositoryConnector-repo.maven.apache.org-0-2] INFO  o.e.m.c.i.e.AbstractTransferListenerAdapter - Downloading https://repo.maven.apache.org/maven2/log4j/log4j/1.2.17/log4j-1.2.17.jar
2024-06-04 19:08:44,320 [AetherRepositoryConnector-repo.maven.apache.org-0-0] INFO  o.e.m.c.i.e.AbstractTransferListenerAdapter - Downloaded https://repo.maven.apache.org/maven2/org/slf4j/slf4j-api/1.7.5/slf4j-api-1.7.5.jar
2024-06-04 19:08:45,242 [AetherRepositoryConnector-repo.maven.apache.org-0-1] INFO  o.e.m.c.i.e.AbstractTransferListenerAdapter - Downloaded https://repo.maven.apache.org/maven2/org/slf4j/slf4j-log4j12/1.7.5/slf4j-log4j12-1.7.5.jar
2024-06-04 19:09:08,868 [AetherRepositoryConnector-repo.maven.apache.org-0-2] INFO  o.e.m.c.i.e.AbstractTransferListenerAdapter - Downloaded https://repo.maven.apache.org/maven2/log4j/log4j/1.2.17/log4j-1.2.17.jar
2024-06-04 19:09:08,951 [Worker-133: Building] INFO  o.e.m.c.i.embedder.EclipseLogger - Using 'UTF-8' encoding to copy filtered resources.
2024-06-04 19:09:08,951 [Worker-133: Building] INFO  o.e.m.c.i.embedder.EclipseLogger - skip non existing resourceDirectory C:\Users\2155644\eclipse-workspace\SeleniumAutomation\GPPJPN\src\main\resources
2024-06-04 19:09:08,952 [Worker-133: Building] INFO  o.e.m.c.i.embedder.EclipseLogger - Using 'UTF-8' encoding to copy filtered resources.
2024-06-04 19:09:08,952 [Worker-133: Building] INFO  o.e.m.c.i.embedder.EclipseLogger - Copying 0 resource
2024-06-04 19:09:10,299 [Worker-126: Building] INFO  o.e.m.c.i.embedder.EclipseLogger - Using 'UTF-8' encoding to copy filtered resources.
2024-06-04 19:09:10,299 [Worker-126: Building] INFO  o.e.m.c.i.embedder.EclipseLogger - skip non existing resourceDirectory C:\Users\2155644\eclipse-workspace\SeleniumAutomation\GPPJPN\src\main\resources
2024-06-04 19:09:10,300 [Worker-126: Building] INFO  o.e.m.c.i.embedder.EclipseLogger - Using 'UTF-8' encoding to copy filtered resources.
2024-06-04 19:09:10,302 [Worker-126: Building] INFO  o.e.m.c.i.embedder.EclipseLogger - Copying 3 resources
2024-06-04 19:09:12,683 [Worker-131: Download sources and javadoc] INFO  o.e.m.c.i.e.AbstractTransferListenerAdapter - Downloading https://repo.maven.apache.org/maven2/org/slf4j/slf4j-api/1.7.5/slf4j-api-1.7.5-sources.jar
2024-06-04 19:09:13,810 [Worker-131: Download sources and javadoc] INFO  o.e.m.c.i.e.AbstractTransferListenerAdapter - Downloaded https://repo.maven.apache.org/maven2/org/slf4j/slf4j-api/1.7.5/slf4j-api-1.7.5-sources.jar
2024-06-04 19:09:13,813 [Worker-131: Download sources and javadoc] INFO  o.e.m.j.internal.DownloadSourcesJob - Downloaded sources for org.slf4j:slf4j-api:1.7.5
2024-06-04 19:09:14,774 [Worker-133: Building] INFO  o.e.m.c.i.embedder.EclipseLogger - Using 'UTF-8' encoding to copy filtered resources.
2024-06-04 19:09:14,774 [Worker-133: Building] INFO  o.e.m.c.i.embedder.EclipseLogger - skip non existing resourceDirectory C:\Users\2155644\eclipse-workspace\SeleniumAutomation\GPPJPN\src\main\resources
2024-06-04 19:09:14,774 [Worker-133: Building] INFO  o.e.m.c.i.embedder.EclipseLogger - Using 'UTF-8' encoding to copy filtered resources.
2024-06-04 19:09:14,776 [Worker-133: Building] INFO  o.e.m.c.i.embedder.EclipseLogger - Copying 3 resources
2024-06-04 19:09:14,912 [Worker-131: Download sources and javadoc] INFO  o.e.m.c.i.e.AbstractTransferListenerAdapter - Downloading https://repo.maven.apache.org/maven2/org/slf4j/slf4j-log4j12/1.7.5/slf4j-log4j12-1.7.5-sources.jar
2024-06-04 19:09:15,415 [Worker-131: Download sources and javadoc] INFO  o.e.m.c.i.e.AbstractTransferListenerAdapter - Downloaded https://repo.maven.apache.org/maven2/org/slf4j/slf4j-log4j12/1.7.5/slf4j-log4j12-1.7.5-sources.jar
2024-06-04 19:09:15,421 [Worker-131: Download sources and javadoc] INFO  o.e.m.j.internal.DownloadSourcesJob - Downloaded sources for org.slf4j:slf4j-log4j12:1.7.5
2024-06-04 19:09:19,790 [Worker-131: Download sources and javadoc] INFO  o.e.m.c.i.e.AbstractTransferListenerAdapter - Downloading https://repo.maven.apache.org/maven2/log4j/log4j/1.2.17/log4j-1.2.17-sources.jar
2024-06-04 19:09:53,669 [Worker-131: Download sources and javadoc] INFO  o.e.m.c.i.e.AbstractTransferListenerAdapter - Downloaded https://repo.maven.apache.org/maven2/log4j/log4j/1.2.17/log4j-1.2.17-sources.jar
2024-06-04 19:09:53,671 [Worker-131: Download sources and javadoc] INFO  o.e.m.j.internal.DownloadSourcesJob - Downloaded sources for log4j:log4j:1.2.17
2024-06-04 19:09:53,914 [Worker-131: Building] INFO  o.e.m.c.i.embedder.EclipseLogger - Using 'UTF-8' encoding to copy filtered resources.
2024-06-04 19:09:53,915 [Worker-131: Building] INFO  o.e.m.c.i.embedder.EclipseLogger - skip non existing resourceDirectory C:\Users\2155644\eclipse-workspace\SeleniumAutomation\GPPJPN\src\main\resources
2024-06-04 19:09:53,923 [Worker-131: Building] INFO  o.e.m.c.i.embedder.EclipseLogger - Using 'UTF-8' encoding to copy filtered resources.
2024-06-04 19:09:53,923 [Worker-131: Building] INFO  o.e.m.c.i.embedder.EclipseLogger - Copying 0 resource
2024-06-04 19:13:31,676 [Worker-139: Building] INFO  o.e.m.c.i.l.LifecycleMappingFactory - Using org.eclipse.m2e.jdt.JarLifecycleMapping lifecycle mapping for MavenProject: GPPJPN:GPPJPN:0.0.1-SNAPSHOT @ C:\Users\2155644\eclipse-workspace\SeleniumAutomation\GPPJPN\pom.xml.
2024-06-04 19:13:39,239 [Worker-139: Building] INFO  o.e.m.c.i.e.AbstractTransferListenerAdapter - Downloading https://repo.maven.apache.org/maven2/org/testng/testng/7.9.0/testng-7.9.0.pom
2024-06-04 19:13:44,031 [Worker-139: Building] INFO  o.e.m.c.i.e.AbstractTransferListenerAdapter - Downloaded https://repo.maven.apache.org/maven2/org/testng/testng/7.9.0/testng-7.9.0.pom
2024-06-04 19:13:44,558 [Worker-139: Building] INFO  o.e.m.c.i.e.AbstractTransferListenerAdapter - Downloading https://repo.maven.apache.org/maven2/org/testng/testng/7.9.0/testng-7.9.0.jar
2024-06-04 19:14:24,662 [Worker-139: Building] INFO  o.e.m.c.i.e.AbstractTransferListenerAdapter - Downloaded https://repo.maven.apache.org/maven2/org/testng/testng/7.9.0/testng-7.9.0.jar
2024-06-04 19:14:24,746 [Worker-139: Building] INFO  o.e.m.c.i.embedder.EclipseLogger - Using 'UTF-8' encoding to copy filtered resources.
2024-06-04 19:14:24,746 [Worker-139: Building] INFO  o.e.m.c.i.embedder.EclipseLogger - skip non existing resourceDirectory C:\Users\2155644\eclipse-workspace\SeleniumAutomation\GPPJPN\src\main\resources
2024-06-04 19:14:24,748 [Worker-139: Building] INFO  o.e.m.c.i.embedder.EclipseLogger - Using 'UTF-8' encoding to copy filtered resources.
2024-06-04 19:14:24,749 [Worker-139: Building] INFO  o.e.m.c.i.embedder.EclipseLogger - Copying 0 resource
2024-06-04 19:14:26,187 [Worker-142: Building] INFO  o.e.m.c.i.embedder.EclipseLogger - Using 'UTF-8' encoding to copy filtered resources.
2024-06-04 19:14:26,187 [Worker-142: Building] INFO  o.e.m.c.i.embedder.EclipseLogger - skip non existing resourceDirectory C:\Users\2155644\eclipse-workspace\SeleniumAutomation\GPPJPN\src\main\resources
2024-06-04 19:14:26,188 [Worker-142: Building] INFO  o.e.m.c.i.embedder.EclipseLogger - Using 'UTF-8' encoding to copy filtered resources.
2024-06-04 19:14:26,189 [Worker-142: Building] INFO  o.e.m.c.i.embedder.EclipseLogger - Copying 3 resources
2024-06-04 19:14:28,068 [Worker-138: Download sources and javadoc] INFO  o.e.m.c.i.e.AbstractTransferListenerAdapter - Downloading https://repo.maven.apache.org/maven2/org/testng/testng/7.9.0/testng-7.9.0-sources.jar
2024-06-04 19:14:32,252 [Worker-138: Download sources and javadoc] INFO  o.e.m.c.i.e.AbstractTransferListenerAdapter - Downloaded https://repo.maven.apache.org/maven2/org/testng/testng/7.9.0/testng-7.9.0-sources.jar
2024-06-04 19:14:32,258 [Worker-138: Download sources and javadoc] INFO  o.e.m.j.internal.DownloadSourcesJob - Downloaded sources for org.testng:testng:7.9.0
2024-06-04 19:14:32,518 [Worker-139: Building] INFO  o.e.m.c.i.embedder.EclipseLogger - Using 'UTF-8' encoding to copy filtered resources.
2024-06-04 19:14:32,518 [Worker-139: Building] INFO  o.e.m.c.i.embedder.EclipseLogger - skip non existing resourceDirectory C:\Users\2155644\eclipse-workspace\SeleniumAutomation\GPPJPN\src\main\resources
2024-06-04 19:14:32,519 [Worker-139: Building] INFO  o.e.m.c.i.embedder.EclipseLogger - Using 'UTF-8' encoding to copy filtered resources.
2024-06-04 19:14:32,519 [Worker-139: Building] INFO  o.e.m.c.i.embedder.EclipseLogger - Copying 0 resource
2024-06-05 09:57:26,071 [Worker-139: Updating Maven Project] INFO  o.e.m.c.i.p.ProjectConfigurationManager - Update started
2024-06-05 09:57:26,155 [Worker-139: Updating Maven Project] INFO  o.e.m.c.i.l.LifecycleMappingFactory - Using org.eclipse.m2e.jdt.JarLifecycleMapping lifecycle mapping for MavenProject: GPPJPN:GPPJPN:0.0.1-SNAPSHOT @ C:\Users\2155644\eclipse-workspace\SeleniumAutomation\GPPJPN\pom.xml.
2024-06-05 09:57:26,485 [Worker-139: Updating Maven Project] INFO  o.e.m.j.i.AbstractJavaProjectConfigurator - Adding source folder /GPPJPN/src/main/java
2024-06-05 09:57:26,486 [Worker-139: Updating Maven Project] INFO  o.e.m.j.i.AbstractJavaProjectConfigurator - Adding source folder /GPPJPN/src/test/java
2024-06-05 09:57:26,486 [Worker-139: Updating Maven Project] INFO  o.e.m.j.i.AbstractJavaProjectConfigurator - Adding resource folder /GPPJPN/src/test/resources
2024-06-05 09:57:26,753 [Worker-139: Updating Maven Project] INFO  o.e.m.c.i.p.ProjectConfigurationManager - Update completed: 0 sec
2024-06-05 09:57:27,076 [Worker-139: Building] INFO  o.e.m.c.i.embedder.EclipseLogger - Using 'UTF-8' encoding to copy filtered resources.
2024-06-05 09:57:27,076 [Worker-139: Building] INFO  o.e.m.c.i.embedder.EclipseLogger - skip non existing resourceDirectory C:\Users\2155644\eclipse-workspace\SeleniumAutomation\GPPJPN\src\main\resources
2024-06-05 09:57:27,077 [Worker-139: Building] INFO  o.e.m.c.i.embedder.EclipseLogger - Using 'UTF-8' encoding to copy filtered resources.
2024-06-05 09:57:27,077 [Worker-139: Building] INFO  o.e.m.c.i.embedder.EclipseLogger - Copying 3 resources
2024-06-05 09:58:53,939 [Worker-138: Building] INFO  o.e.m.c.i.l.LifecycleMappingFactory - Using org.eclipse.m2e.jdt.JarLifecycleMapping lifecycle mapping for MavenProject: GPPJPN:GPPJPN:0.0.1-SNAPSHOT @ C:\Users\2155644\eclipse-workspace\SeleniumAutomation\GPPJPN\pom.xml.
2024-06-05 09:58:54,154 [Worker-138: Building] INFO  o.e.m.c.i.embedder.EclipseLogger - Using 'UTF-8' encoding to copy filtered resources.
2024-06-05 09:58:54,154 [Worker-138: Building] INFO  o.e.m.c.i.embedder.EclipseLogger - skip non existing resourceDirectory C:\Users\2155644\eclipse-workspace\SeleniumAutomation\GPPJPN\src\main\resources
2024-06-05 09:58:54,155 [Worker-138: Building] INFO  o.e.m.c.i.embedder.EclipseLogger - Using 'UTF-8' encoding to copy filtered resources.
2024-06-05 09:58:54,155 [Worker-138: Building] INFO  o.e.m.c.i.embedder.EclipseLogger - Copying 0 resource
2024-06-05 09:58:55,606 [Worker-146: Building] INFO  o.e.m.c.i.embedder.EclipseLogger - Using 'UTF-8' encoding to copy filtered resources.
2024-06-05 09:58:55,606 [Worker-146: Building] INFO  o.e.m.c.i.embedder.EclipseLogger - skip non existing resourceDirectory C:\Users\2155644\eclipse-workspace\SeleniumAutomation\GPPJPN\src\main\resources
2024-06-05 09:58:55,607 [Worker-146: Building] INFO  o.e.m.c.i.embedder.EclipseLogger - Using 'UTF-8' encoding to copy filtered resources.
2024-06-05 09:58:55,609 [Worker-146: Building] INFO  o.e.m.c.i.embedder.EclipseLogger - Copying 3 resources
2024-06-05 10:00:03,837 [Worker-138: Building] INFO  o.e.m.c.i.l.LifecycleMappingFactory - Using org.eclipse.m2e.jdt.JarLifecycleMapping lifecycle mapping for MavenProject: GPPJPN:GPPJPN:0.0.1-SNAPSHOT @ C:\Users\2155644\eclipse-workspace\SeleniumAutomation\GPPJPN\pom.xml.
2024-06-05 10:00:04,036 [Worker-138: Building] INFO  o.e.m.c.i.embedder.EclipseLogger - Using 'UTF-8' encoding to copy filtered resources.
2024-06-05 10:00:04,036 [Worker-138: Building] INFO  o.e.m.c.i.embedder.EclipseLogger - skip non existing resourceDirectory C:\Users\2155644\eclipse-workspace\SeleniumAutomation\GPPJPN\src\main\resources
2024-06-05 10:00:04,038 [Worker-138: Building] INFO  o.e.m.c.i.embedder.EclipseLogger - Using 'UTF-8' encoding to copy filtered resources.
2024-06-05 10:00:04,038 [Worker-138: Building] INFO  o.e.m.c.i.embedder.EclipseLogger - Copying 0 resource
2024-06-05 10:00:05,554 [Worker-139: Download sources and javadoc] INFO  o.e.m.c.i.e.AbstractTransferListenerAdapter - Downloading https://repo.maven.apache.org/maven2/org/slf4j/slf4j-simple/1.6.4/slf4j-simple-1.6.4-sources.jar
2024-06-05 10:00:05,581 [Worker-139: Download sources and javadoc] INFO  o.e.m.c.i.e.AbstractTransferListenerAdapter - Downloaded https://repo.maven.apache.org/maven2/org/slf4j/slf4j-simple/1.6.4/slf4j-simple-1.6.4-sources.jar
2024-06-05 10:00:05,584 [Worker-139: Download sources and javadoc] INFO  o.e.m.j.internal.DownloadSourcesJob - Downloaded sources for org.slf4j:slf4j-simple:1.6.4
2024-06-05 10:00:05,824 [Worker-144: Building] INFO  o.e.m.c.i.embedder.EclipseLogger - Using 'UTF-8' encoding to copy filtered resources.
2024-06-05 10:00:05,824 [Worker-144: Building] INFO  o.e.m.c.i.embedder.EclipseLogger - skip non existing resourceDirectory C:\Users\2155644\eclipse-workspace\SeleniumAutomation\GPPJPN\src\main\resources
2024-06-05 10:00:05,825 [Worker-144: Building] INFO  o.e.m.c.i.embedder.EclipseLogger - Using 'UTF-8' encoding to copy filtered resources.
2024-06-05 10:00:05,826 [Worker-144: Building] INFO  o.e.m.c.i.embedder.EclipseLogger - Copying 3 resources
2024-06-05 10:01:56,572 [Worker-144: Building] INFO  o.e.m.c.i.l.LifecycleMappingFactory - Using org.eclipse.m2e.jdt.JarLifecycleMapping lifecycle mapping for MavenProject: GPPJPN:GPPJPN:0.0.1-SNAPSHOT @ C:\Users\2155644\eclipse-workspace\SeleniumAutomation\GPPJPN\pom.xml.
2024-06-05 10:01:56,709 [Worker-144: Building] INFO  o.e.m.c.i.embedder.EclipseLogger - Using 'UTF-8' encoding to copy filtered resources.
2024-06-05 10:01:56,710 [Worker-144: Building] INFO  o.e.m.c.i.embedder.EclipseLogger - skip non existing resourceDirectory C:\Users\2155644\eclipse-workspace\SeleniumAutomation\GPPJPN\src\main\resources
2024-06-05 10:01:56,711 [Worker-144: Building] INFO  o.e.m.c.i.embedder.EclipseLogger - Using 'UTF-8' encoding to copy filtered resources.
2024-06-05 10:01:56,711 [Worker-144: Building] INFO  o.e.m.c.i.embedder.EclipseLogger - Copying 0 resource
2024-06-05 10:01:57,966 [Worker-138: Building] INFO  o.e.m.c.i.embedder.EclipseLogger - Using 'UTF-8' encoding to copy filtered resources.
2024-06-05 10:01:57,966 [Worker-138: Building] INFO  o.e.m.c.i.embedder.EclipseLogger - skip non existing resourceDirectory C:\Users\2155644\eclipse-workspace\SeleniumAutomation\GPPJPN\src\main\resources
2024-06-05 10:01:57,967 [Worker-138: Building] INFO  o.e.m.c.i.embedder.EclipseLogger - Using 'UTF-8' encoding to copy filtered resources.
2024-06-05 10:01:57,969 [Worker-138: Building] INFO  o.e.m.c.i.embedder.EclipseLogger - Copying 3 resources
2024-06-05 10:04:24,579 [Worker-142: Building] INFO  o.e.m.c.i.embedder.EclipseLogger - Using 'UTF-8' encoding to copy filtered resources.
2024-06-05 10:04:24,579 [Worker-142: Building] INFO  o.e.m.c.i.embedder.EclipseLogger - skip non existing resourceDirectory C:\Users\2155644\eclipse-workspace\SeleniumAutomation\GPPJPN\src\main\resources
2024-06-05 10:04:24,581 [Worker-142: Building] INFO  o.e.m.c.i.embedder.EclipseLogger - Using 'UTF-8' encoding to copy filtered resources.
2024-06-05 10:04:24,583 [Worker-142: Building] INFO  o.e.m.c.i.embedder.EclipseLogger - Copying 3 resources
2024-06-05 10:16:55,897 [Worker-152: Building] INFO  o.e.m.c.i.embedder.EclipseLogger - Using 'UTF-8' encoding to copy filtered resources.
2024-06-05 10:16:55,897 [Worker-152: Building] INFO  o.e.m.c.i.embedder.EclipseLogger - skip non existing resourceDirectory C:\Users\2155644\eclipse-workspace\SeleniumAutomation\GPPJPN\src\main\resources
2024-06-05 10:16:55,898 [Worker-152: Building] INFO  o.e.m.c.i.embedder.EclipseLogger - Using 'UTF-8' encoding to copy filtered resources.
2024-06-05 10:16:55,898 [Worker-152: Building] INFO  o.e.m.c.i.embedder.EclipseLogger - Copying 0 resource
2024-06-05 10:17:06,912 [Worker-153: Building] INFO  o.e.m.c.i.embedder.EclipseLogger - Using 'UTF-8' encoding to copy filtered resources.
2024-06-05 10:17:06,912 [Worker-153: Building] INFO  o.e.m.c.i.embedder.EclipseLogger - skip non existing resourceDirectory C:\Users\2155644\eclipse-workspace\SeleniumAutomation\GPPJPN\src\main\resources
2024-06-05 10:17:06,913 [Worker-153: Building] INFO  o.e.m.c.i.embedder.EclipseLogger - Using 'UTF-8' encoding to copy filtered resources.
2024-06-05 10:17:06,914 [Worker-153: Building] INFO  o.e.m.c.i.embedder.EclipseLogger - Copying 0 resource
2024-06-05 10:17:24,891 [Worker-153: Building] INFO  o.e.m.c.i.embedder.EclipseLogger - Using 'UTF-8' encoding to copy filtered resources.
2024-06-05 10:17:24,891 [Worker-153: Building] INFO  o.e.m.c.i.embedder.EclipseLogger - skip non existing resourceDirectory C:\Users\2155644\eclipse-workspace\SeleniumAutomation\GPPJPN\src\main\resources
2024-06-05 10:17:24,891 [Worker-153: Building] INFO  o.e.m.c.i.embedder.EclipseLogger - Using 'UTF-8' encoding to copy filtered resources.
2024-06-05 10:17:24,894 [Worker-153: Building] INFO  o.e.m.c.i.embedder.EclipseLogger - Copying 3 resources
2024-06-05 10:17:36,359 [Worker-152: Launching HomePageTest] INFO  o.e.m.c.i.embedder.EclipseLogger - Using 'UTF-8' encoding to copy filtered resources.
2024-06-05 10:17:36,360 [Worker-152: Launching HomePageTest] INFO  o.e.m.c.i.embedder.EclipseLogger - skip non existing resourceDirectory C:\Users\2155644\eclipse-workspace\SeleniumAutomation\GPPJPN\src\main\resources
2024-06-05 10:17:36,361 [Worker-152: Launching HomePageTest] INFO  o.e.m.c.i.embedder.EclipseLogger - Using 'UTF-8' encoding to copy filtered resources.
2024-06-05 10:17:36,361 [Worker-152: Launching HomePageTest] INFO  o.e.m.c.i.embedder.EclipseLogger - Copying 0 resource
2024-06-05 11:16:05,911 [Worker-163: Building] INFO  o.e.m.c.i.embedder.EclipseLogger - Using 'UTF-8' encoding to copy filtered resources.
2024-06-05 11:16:05,912 [Worker-163: Building] INFO  o.e.m.c.i.embedder.EclipseLogger - skip non existing resourceDirectory C:\Users\2155644\eclipse-workspace\SeleniumAutomation\GPPJPN\src\main\resources
2024-06-05 11:16:05,912 [Worker-163: Building] INFO  o.e.m.c.i.embedder.EclipseLogger - Using 'UTF-8' encoding to copy filtered resources.
2024-06-05 11:16:05,914 [Worker-163: Building] INFO  o.e.m.c.i.embedder.EclipseLogger - Copying 3 resources
2024-06-05 11:17:54,144 [Worker-163: Building] INFO  o.e.m.c.i.embedder.EclipseLogger - Using 'UTF-8' encoding to copy filtered resources.
2024-06-05 11:17:54,144 [Worker-163: Building] INFO  o.e.m.c.i.embedder.EclipseLogger - skip non existing resourceDirectory C:\Users\2155644\eclipse-workspace\SeleniumAutomation\GPPJPN\src\main\resources
2024-06-05 11:17:54,145 [Worker-163: Building] INFO  o.e.m.c.i.embedder.EclipseLogger - Using 'UTF-8' encoding to copy filtered resources.
2024-06-05 11:17:54,145 [Worker-163: Building] INFO  o.e.m.c.i.embedder.EclipseLogger - Copying 0 resource
2024-06-05 11:18:18,785 [Worker-158: Building] INFO  o.e.m.c.i.embedder.EclipseLogger - Using 'UTF-8' encoding to copy filtered resources.
2024-06-05 11:18:18,785 [Worker-158: Building] INFO  o.e.m.c.i.embedder.EclipseLogger - skip non existing resourceDirectory C:\Users\2155644\eclipse-workspace\SeleniumAutomation\GPPJPN\src\main\resources
2024-06-05 11:18:18,786 [Worker-158: Building] INFO  o.e.m.c.i.embedder.EclipseLogger - Using 'UTF-8' encoding to copy filtered resources.
2024-06-05 11:18:18,787 [Worker-158: Building] INFO  o.e.m.c.i.embedder.EclipseLogger - Copying 3 resources
2024-06-05 11:18:21,558 [Worker-163: Building] INFO  o.e.m.c.i.embedder.EclipseLogger - Using 'UTF-8' encoding to copy filtered resources.
2024-06-05 11:18:21,558 [Worker-163: Building] INFO  o.e.m.c.i.embedder.EclipseLogger - skip non existing resourceDirectory C:\Users\2155644\eclipse-workspace\SeleniumAutomation\GPPJPN\src\main\resources
2024-06-05 11:18:21,559 [Worker-163: Building] INFO  o.e.m.c.i.embedder.EclipseLogger - Using 'UTF-8' encoding to copy filtered resources.
2024-06-05 11:18:21,559 [Worker-163: Building] INFO  o.e.m.c.i.embedder.EclipseLogger - Copying 0 resource
2024-06-05 11:18:49,717 [Worker-158: Building] INFO  o.e.m.c.i.embedder.EclipseLogger - Using 'UTF-8' encoding to copy filtered resources.
2024-06-05 11:18:49,717 [Worker-158: Building] INFO  o.e.m.c.i.embedder.EclipseLogger - skip non existing resourceDirectory C:\Users\2155644\eclipse-workspace\SeleniumAutomation\GPPJPN\src\main\resources
2024-06-05 11:18:49,718 [Worker-158: Building] INFO  o.e.m.c.i.embedder.EclipseLogger - Using 'UTF-8' encoding to copy filtered resources.
2024-06-05 11:18:49,718 [Worker-158: Building] INFO  o.e.m.c.i.embedder.EclipseLogger - Copying 0 resource
2024-06-05 11:19:06,593 [Worker-161: Building] INFO  o.e.m.c.i.embedder.EclipseLogger - Using 'UTF-8' encoding to copy filtered resources.
2024-06-05 11:19:06,593 [Worker-161: Building] INFO  o.e.m.c.i.embedder.EclipseLogger - skip non existing resourceDirectory C:\Users\2155644\eclipse-workspace\SeleniumAutomation\GPPJPN\src\main\resources
2024-06-05 11:19:06,594 [Worker-161: Building] INFO  o.e.m.c.i.embedder.EclipseLogger - Using 'UTF-8' encoding to copy filtered resources.
2024-06-05 11:19:06,594 [Worker-161: Building] INFO  o.e.m.c.i.embedder.EclipseLogger - Copying 0 resource
2024-06-05 11:22:30,436 [Worker-161: Building] INFO  o.e.m.c.i.embedder.EclipseLogger - Using 'UTF-8' encoding to copy filtered resources.
2024-06-05 11:22:30,437 [Worker-161: Building] INFO  o.e.m.c.i.embedder.EclipseLogger - skip non existing resourceDirectory C:\Users\2155644\eclipse-workspace\SeleniumAutomation\GPPJPN\src\main\resources
2024-06-05 11:22:30,437 [Worker-161: Building] INFO  o.e.m.c.i.embedder.EclipseLogger - Using 'UTF-8' encoding to copy filtered resources.
2024-06-05 11:22:30,437 [Worker-161: Building] INFO  o.e.m.c.i.embedder.EclipseLogger - Copying 0 resource
2024-06-05 11:23:40,397 [Worker-161: Building] INFO  o.e.m.c.i.embedder.EclipseLogger - Using 'UTF-8' encoding to copy filtered resources.
2024-06-05 11:23:40,398 [Worker-161: Building] INFO  o.e.m.c.i.embedder.EclipseLogger - skip non existing resourceDirectory C:\Users\2155644\eclipse-workspace\SeleniumAutomation\GPPJPN\src\main\resources
2024-06-05 11:23:40,399 [Worker-161: Building] INFO  o.e.m.c.i.embedder.EclipseLogger - Using 'UTF-8' encoding to copy filtered resources.
2024-06-05 11:23:40,399 [Worker-161: Building] INFO  o.e.m.c.i.embedder.EclipseLogger - Copying 0 resource
2024-06-05 11:28:49,202 [Worker-166: Building] INFO  o.e.m.c.i.embedder.EclipseLogger - Using 'UTF-8' encoding to copy filtered resources.
2024-06-05 11:28:49,202 [Worker-166: Building] INFO  o.e.m.c.i.embedder.EclipseLogger - skip non existing resourceDirectory C:\Users\2155644\eclipse-workspace\SeleniumAutomation\GPPJPN\src\main\resources
2024-06-05 11:28:49,203 [Worker-166: Building] INFO  o.e.m.c.i.embedder.EclipseLogger - Using 'UTF-8' encoding to copy filtered resources.
2024-06-05 11:28:49,203 [Worker-166: Building] INFO  o.e.m.c.i.embedder.EclipseLogger - Copying 0 resource
2024-06-05 11:29:15,349 [Worker-166: Building] INFO  o.e.m.c.i.embedder.EclipseLogger - Using 'UTF-8' encoding to copy filtered resources.
2024-06-05 11:29:15,349 [Worker-166: Building] INFO  o.e.m.c.i.embedder.EclipseLogger - skip non existing resourceDirectory C:\Users\2155644\eclipse-workspace\SeleniumAutomation\GPPJPN\src\main\resources
2024-06-05 11:29:15,350 [Worker-166: Building] INFO  o.e.m.c.i.embedder.EclipseLogger - Using 'UTF-8' encoding to copy filtered resources.
2024-06-05 11:29:15,351 [Worker-166: Building] INFO  o.e.m.c.i.embedder.EclipseLogger - Copying 0 resource
2024-06-05 11:29:43,977 [Worker-167: Building] INFO  o.e.m.c.i.embedder.EclipseLogger - Using 'UTF-8' encoding to copy filtered resources.
2024-06-05 11:29:43,977 [Worker-167: Building] INFO  o.e.m.c.i.embedder.EclipseLogger - skip non existing resourceDirectory C:\Users\2155644\eclipse-workspace\SeleniumAutomation\GPPJPN\src\main\resources
2024-06-05 11:29:43,977 [Worker-167: Building] INFO  o.e.m.c.i.embedder.EclipseLogger - Using 'UTF-8' encoding to copy filtered resources.
2024-06-05 11:29:43,977 [Worker-167: Building] INFO  o.e.m.c.i.embedder.EclipseLogger - Copying 0 resource
2024-06-05 11:30:05,765 [Worker-167: Building] INFO  o.e.m.c.i.embedder.EclipseLogger - Using 'UTF-8' encoding to copy filtered resources.
2024-06-05 11:30:05,766 [Worker-167: Building] INFO  o.e.m.c.i.embedder.EclipseLogger - skip non existing resourceDirectory C:\Users\2155644\eclipse-workspace\SeleniumAutomation\GPPJPN\src\main\resources
2024-06-05 11:30:05,767 [Worker-167: Building] INFO  o.e.m.c.i.embedder.EclipseLogger - Using 'UTF-8' encoding to copy filtered resources.
2024-06-05 11:30:05,768 [Worker-167: Building] INFO  o.e.m.c.i.embedder.EclipseLogger - Copying 0 resource
2024-06-05 11:32:09,576 [Worker-166: Building] INFO  o.e.m.c.i.embedder.EclipseLogger - Using 'UTF-8' encoding to copy filtered resources.
2024-06-05 11:32:09,576 [Worker-166: Building] INFO  o.e.m.c.i.embedder.EclipseLogger - skip non existing resourceDirectory C:\Users\2155644\eclipse-workspace\SeleniumAutomation\GPPJPN\src\main\resources
2024-06-05 11:32:09,577 [Worker-166: Building] INFO  o.e.m.c.i.embedder.EclipseLogger - Using 'UTF-8' encoding to copy filtered resources.
2024-06-05 11:32:09,577 [Worker-166: Building] INFO  o.e.m.c.i.embedder.EclipseLogger - Copying 0 resource
2024-06-05 11:32:58,475 [Worker-167: Building] INFO  o.e.m.c.i.embedder.EclipseLogger - Using 'UTF-8' encoding to copy filtered resources.
2024-06-05 11:32:58,476 [Worker-167: Building] INFO  o.e.m.c.i.embedder.EclipseLogger - skip non existing resourceDirectory C:\Users\2155644\eclipse-workspace\SeleniumAutomation\GPPJPN\src\main\resources
2024-06-05 11:32:58,476 [Worker-167: Building] INFO  o.e.m.c.i.embedder.EclipseLogger - Using 'UTF-8' encoding to copy filtered resources.
2024-06-05 11:32:58,477 [Worker-167: Building] INFO  o.e.m.c.i.embedder.EclipseLogger - Copying 0 resource
2024-06-05 11:33:41,275 [Worker-166: Building] INFO  o.e.m.c.i.embedder.EclipseLogger - Using 'UTF-8' encoding to copy filtered resources.
2024-06-05 11:33:41,275 [Worker-166: Building] INFO  o.e.m.c.i.embedder.EclipseLogger - skip non existing resourceDirectory C:\Users\2155644\eclipse-workspace\SeleniumAutomation\GPPJPN\src\main\resources
2024-06-05 11:33:41,276 [Worker-166: Building] INFO  o.e.m.c.i.embedder.EclipseLogger - Using 'UTF-8' encoding to copy filtered resources.
2024-06-05 11:33:41,276 [Worker-166: Building] INFO  o.e.m.c.i.embedder.EclipseLogger - Copying 0 resource
2024-06-05 11:33:44,400 [Worker-168: Building] INFO  o.e.m.c.i.embedder.EclipseLogger - Using 'UTF-8' encoding to copy filtered resources.
2024-06-05 11:33:44,400 [Worker-168: Building] INFO  o.e.m.c.i.embedder.EclipseLogger - skip non existing resourceDirectory C:\Users\2155644\eclipse-workspace\SeleniumAutomation\GPPJPN\src\main\resources
2024-06-05 11:33:44,401 [Worker-168: Building] INFO  o.e.m.c.i.embedder.EclipseLogger - Using 'UTF-8' encoding to copy filtered resources.
2024-06-05 11:33:44,402 [Worker-168: Building] INFO  o.e.m.c.i.embedder.EclipseLogger - Copying 0 resource
2024-06-05 11:34:44,148 [Worker-167: Building] INFO  o.e.m.c.i.embedder.EclipseLogger - Using 'UTF-8' encoding to copy filtered resources.
2024-06-05 11:34:44,148 [Worker-167: Building] INFO  o.e.m.c.i.embedder.EclipseLogger - skip non existing resourceDirectory C:\Users\2155644\eclipse-workspace\SeleniumAutomation\GPPJPN\src\main\resources
2024-06-05 11:34:44,149 [Worker-167: Building] INFO  o.e.m.c.i.embedder.EclipseLogger - Using 'UTF-8' encoding to copy filtered resources.
2024-06-05 11:34:44,149 [Worker-167: Building] INFO  o.e.m.c.i.embedder.EclipseLogger - Copying 0 resource
2024-06-05 11:34:53,019 [Worker-169: Building] INFO  o.e.m.c.i.embedder.EclipseLogger - Using 'UTF-8' encoding to copy filtered resources.
2024-06-05 11:34:53,020 [Worker-169: Building] INFO  o.e.m.c.i.embedder.EclipseLogger - skip non existing resourceDirectory C:\Users\2155644\eclipse-workspace\SeleniumAutomation\GPPJPN\src\main\resources
2024-06-05 11:34:53,020 [Worker-169: Building] INFO  o.e.m.c.i.embedder.EclipseLogger - Using 'UTF-8' encoding to copy filtered resources.
2024-06-05 11:34:53,022 [Worker-169: Building] INFO  o.e.m.c.i.embedder.EclipseLogger - Copying 3 resources
2024-06-05 11:36:51,992 [Worker-166: Building] INFO  o.e.m.c.i.embedder.EclipseLogger - Using 'UTF-8' encoding to copy filtered resources.
2024-06-05 11:36:51,992 [Worker-166: Building] INFO  o.e.m.c.i.embedder.EclipseLogger - skip non existing resourceDirectory C:\Users\2155644\eclipse-workspace\SeleniumAutomation\GPPJPN\src\main\resources
2024-06-05 11:36:51,993 [Worker-166: Building] INFO  o.e.m.c.i.embedder.EclipseLogger - Using 'UTF-8' encoding to copy filtered resources.
2024-06-05 11:36:51,993 [Worker-166: Building] INFO  o.e.m.c.i.embedder.EclipseLogger - Copying 0 resource
2024-06-05 11:39:36,736 [Worker-172: Building] INFO  o.e.m.c.i.embedder.EclipseLogger - Using 'UTF-8' encoding to copy filtered resources.
2024-06-05 11:39:36,736 [Worker-172: Building] INFO  o.e.m.c.i.embedder.EclipseLogger - skip non existing resourceDirectory C:\Users\2155644\eclipse-workspace\SeleniumAutomation\GPPJPN\src\main\resources
2024-06-05 11:39:36,737 [Worker-172: Building] INFO  o.e.m.c.i.embedder.EclipseLogger - Using 'UTF-8' encoding to copy filtered resources.
2024-06-05 11:39:36,737 [Worker-172: Building] INFO  o.e.m.c.i.embedder.EclipseLogger - Copying 0 resource
2024-06-05 11:39:54,128 [Worker-166: Building] INFO  o.e.m.c.i.embedder.EclipseLogger - Using 'UTF-8' encoding to copy filtered resources.
2024-06-05 11:39:54,129 [Worker-166: Building] INFO  o.e.m.c.i.embedder.EclipseLogger - skip non existing resourceDirectory C:\Users\2155644\eclipse-workspace\SeleniumAutomation\GPPJPN\src\main\resources
2024-06-05 11:39:54,164 [Worker-166: Building] INFO  o.e.m.c.i.embedder.EclipseLogger - Using 'UTF-8' encoding to copy filtered resources.
2024-06-05 11:39:54,164 [Worker-166: Building] INFO  o.e.m.c.i.embedder.EclipseLogger - Copying 0 resource
2024-06-05 13:02:06,967 [Worker-172: Building] INFO  o.e.m.c.i.embedder.EclipseLogger - Using 'UTF-8' encoding to copy filtered resources.
2024-06-05 13:02:06,968 [Worker-172: Building] INFO  o.e.m.c.i.embedder.EclipseLogger - skip non existing resourceDirectory C:\Users\2155644\eclipse-workspace\SeleniumAutomation\GPPJPN\src\main\resources
2024-06-05 13:02:06,970 [Worker-172: Building] INFO  o.e.m.c.i.embedder.EclipseLogger - Using 'UTF-8' encoding to copy filtered resources.
2024-06-05 13:02:06,972 [Worker-172: Building] INFO  o.e.m.c.i.embedder.EclipseLogger - Copying 3 resources
2024-06-06 10:10:59,176 [Worker-179: Building] INFO  o.e.m.c.i.embedder.EclipseLogger - Using 'UTF-8' encoding to copy filtered resources.
2024-06-06 10:10:59,176 [Worker-179: Building] INFO  o.e.m.c.i.embedder.EclipseLogger - skip non existing resourceDirectory C:\Users\2155644\eclipse-workspace\SeleniumAutomation\GPPJPN\src\main\resources
2024-06-06 10:10:59,177 [Worker-179: Building] INFO  o.e.m.c.i.embedder.EclipseLogger - Using 'UTF-8' encoding to copy filtered resources.
2024-06-06 10:10:59,178 [Worker-179: Building] INFO  o.e.m.c.i.embedder.EclipseLogger - Copying 0 resource
2024-06-06 10:11:39,483 [Worker-182: Building] INFO  o.e.m.c.i.embedder.EclipseLogger - Using 'UTF-8' encoding to copy filtered resources.
2024-06-06 10:11:39,483 [Worker-182: Building] INFO  o.e.m.c.i.embedder.EclipseLogger - skip non existing resourceDirectory C:\Users\2155644\eclipse-workspace\SeleniumAutomation\GPPJPN\src\main\resources
2024-06-06 10:11:39,485 [Worker-182: Building] INFO  o.e.m.c.i.embedder.EclipseLogger - Using 'UTF-8' encoding to copy filtered resources.
2024-06-06 10:11:39,485 [Worker-182: Building] INFO  o.e.m.c.i.embedder.EclipseLogger - Copying 0 resource
2024-06-06 10:11:55,220 [Worker-179: Building] INFO  o.e.m.c.i.embedder.EclipseLogger - Using 'UTF-8' encoding to copy filtered resources.
2024-06-06 10:11:55,221 [Worker-179: Building] INFO  o.e.m.c.i.embedder.EclipseLogger - skip non existing resourceDirectory C:\Users\2155644\eclipse-workspace\SeleniumAutomation\GPPJPN\src\main\resources
2024-06-06 10:11:55,223 [Worker-179: Building] INFO  o.e.m.c.i.embedder.EclipseLogger - Using 'UTF-8' encoding to copy filtered resources.
2024-06-06 10:11:55,223 [Worker-179: Building] INFO  o.e.m.c.i.embedder.EclipseLogger - Copying 0 resource
2024-06-06 10:12:46,720 [Worker-184: Building] INFO  o.e.m.c.i.embedder.EclipseLogger - Using 'UTF-8' encoding to copy filtered resources.
2024-06-06 10:12:46,721 [Worker-184: Building] INFO  o.e.m.c.i.embedder.EclipseLogger - skip non existing resourceDirectory C:\Users\2155644\eclipse-workspace\SeleniumAutomation\GPPJPN\src\main\resources
2024-06-06 10:12:46,722 [Worker-184: Building] INFO  o.e.m.c.i.embedder.EclipseLogger - Using 'UTF-8' encoding to copy filtered resources.
2024-06-06 10:12:46,722 [Worker-184: Building] INFO  o.e.m.c.i.embedder.EclipseLogger - Copying 0 resource
2024-06-06 10:14:09,226 [Worker-179: Building] INFO  o.e.m.c.i.embedder.EclipseLogger - Using 'UTF-8' encoding to copy filtered resources.
2024-06-06 10:14:09,232 [Worker-179: Building] INFO  o.e.m.c.i.embedder.EclipseLogger - skip non existing resourceDirectory C:\Users\2155644\eclipse-workspace\SeleniumAutomation\GPPJPN\src\main\resources
2024-06-06 10:14:09,235 [Worker-179: Building] INFO  o.e.m.c.i.embedder.EclipseLogger - Using 'UTF-8' encoding to copy filtered resources.
2024-06-06 10:14:09,235 [Worker-179: Building] INFO  o.e.m.c.i.embedder.EclipseLogger - Copying 0 resource
2024-06-06 10:16:14,759 [Worker-184: Building] INFO  o.e.m.c.i.embedder.EclipseLogger - Using 'UTF-8' encoding to copy filtered resources.
2024-06-06 10:16:14,760 [Worker-184: Building] INFO  o.e.m.c.i.embedder.EclipseLogger - skip non existing resourceDirectory C:\Users\2155644\eclipse-workspace\SeleniumAutomation\GPPJPN\src\main\resources
2024-06-06 10:16:14,761 [Worker-184: Building] INFO  o.e.m.c.i.embedder.EclipseLogger - Using 'UTF-8' encoding to copy filtered resources.
2024-06-06 10:16:14,762 [Worker-184: Building] INFO  o.e.m.c.i.embedder.EclipseLogger - Copying 0 resource
2024-06-06 10:17:47,463 [Worker-179: Building] INFO  o.e.m.c.i.embedder.EclipseLogger - Using 'UTF-8' encoding to copy filtered resources.
2024-06-06 10:17:47,463 [Worker-179: Building] INFO  o.e.m.c.i.embedder.EclipseLogger - skip non existing resourceDirectory C:\Users\2155644\eclipse-workspace\SeleniumAutomation\GPPJPN\src\main\resources
2024-06-06 10:17:47,464 [Worker-179: Building] INFO  o.e.m.c.i.embedder.EclipseLogger - Using 'UTF-8' encoding to copy filtered resources.
2024-06-06 10:17:47,464 [Worker-179: Building] INFO  o.e.m.c.i.embedder.EclipseLogger - Copying 0 resource
2024-06-06 10:18:08,872 [Worker-184: Building] INFO  o.e.m.c.i.embedder.EclipseLogger - Using 'UTF-8' encoding to copy filtered resources.
2024-06-06 10:18:08,872 [Worker-184: Building] INFO  o.e.m.c.i.embedder.EclipseLogger - skip non existing resourceDirectory C:\Users\2155644\eclipse-workspace\SeleniumAutomation\GPPJPN\src\main\resources
2024-06-06 10:18:08,874 [Worker-184: Building] INFO  o.e.m.c.i.embedder.EclipseLogger - Using 'UTF-8' encoding to copy filtered resources.
2024-06-06 10:18:08,875 [Worker-184: Building] INFO  o.e.m.c.i.embedder.EclipseLogger - Copying 0 resource
2024-06-06 10:18:59,347 [Worker-184: Building] INFO  o.e.m.c.i.embedder.EclipseLogger - Using 'UTF-8' encoding to copy filtered resources.
2024-06-06 10:18:59,347 [Worker-184: Building] INFO  o.e.m.c.i.embedder.EclipseLogger - skip non existing resourceDirectory C:\Users\2155644\eclipse-workspace\SeleniumAutomation\GPPJPN\src\main\resources
2024-06-06 10:18:59,348 [Worker-184: Building] INFO  o.e.m.c.i.embedder.EclipseLogger - Using 'UTF-8' encoding to copy filtered resources.
2024-06-06 10:18:59,348 [Worker-184: Building] INFO  o.e.m.c.i.embedder.EclipseLogger - Copying 0 resource
2024-06-06 10:19:04,364 [Worker-179: Building] INFO  o.e.m.c.i.embedder.EclipseLogger - Using 'UTF-8' encoding to copy filtered resources.
2024-06-06 10:19:04,364 [Worker-179: Building] INFO  o.e.m.c.i.embedder.EclipseLogger - skip non existing resourceDirectory C:\Users\2155644\eclipse-workspace\SeleniumAutomation\GPPJPN\src\main\resources
2024-06-06 10:19:04,365 [Worker-179: Building] INFO  o.e.m.c.i.embedder.EclipseLogger - Using 'UTF-8' encoding to copy filtered resources.
2024-06-06 10:19:04,366 [Worker-179: Building] INFO  o.e.m.c.i.embedder.EclipseLogger - Copying 0 resource
2024-06-06 10:19:10,370 [Worker-184: Building] INFO  o.e.m.c.i.embedder.EclipseLogger - Using 'UTF-8' encoding to copy filtered resources.
2024-06-06 10:19:10,371 [Worker-184: Building] INFO  o.e.m.c.i.embedder.EclipseLogger - skip non existing resourceDirectory C:\Users\2155644\eclipse-workspace\SeleniumAutomation\GPPJPN\src\main\resources
2024-06-06 10:19:10,371 [Worker-184: Building] INFO  o.e.m.c.i.embedder.EclipseLogger - Using 'UTF-8' encoding to copy filtered resources.
2024-06-06 10:19:10,371 [Worker-184: Building] INFO  o.e.m.c.i.embedder.EclipseLogger - Copying 0 resource
2024-06-06 10:26:10,597 [Worker-187: Building] INFO  o.e.m.c.i.embedder.EclipseLogger - Using 'UTF-8' encoding to copy filtered resources.
2024-06-06 10:26:10,597 [Worker-187: Building] INFO  o.e.m.c.i.embedder.EclipseLogger - skip non existing resourceDirectory C:\Users\2155644\eclipse-workspace\SeleniumAutomation\GPPJPN\src\main\resources
2024-06-06 10:26:10,599 [Worker-187: Building] INFO  o.e.m.c.i.embedder.EclipseLogger - Using 'UTF-8' encoding to copy filtered resources.
2024-06-06 10:26:10,599 [Worker-187: Building] INFO  o.e.m.c.i.embedder.EclipseLogger - Copying 0 resource
2024-06-06 10:26:20,051 [Worker-184: Building] INFO  o.e.m.c.i.embedder.EclipseLogger - Using 'UTF-8' encoding to copy filtered resources.
2024-06-06 10:26:20,051 [Worker-184: Building] INFO  o.e.m.c.i.embedder.EclipseLogger - skip non existing resourceDirectory C:\Users\2155644\eclipse-workspace\SeleniumAutomation\GPPJPN\src\main\resources
2024-06-06 10:26:20,052 [Worker-184: Building] INFO  o.e.m.c.i.embedder.EclipseLogger - Using 'UTF-8' encoding to copy filtered resources.
2024-06-06 10:26:20,052 [Worker-184: Building] INFO  o.e.m.c.i.embedder.EclipseLogger - Copying 0 resource
2024-06-06 10:26:37,140 [Worker-188: Building] INFO  o.e.m.c.i.embedder.EclipseLogger - Using 'UTF-8' encoding to copy filtered resources.
2024-06-06 10:26:37,141 [Worker-188: Building] INFO  o.e.m.c.i.embedder.EclipseLogger - skip non existing resourceDirectory C:\Users\2155644\eclipse-workspace\SeleniumAutomation\GPPJPN\src\main\resources
2024-06-06 10:26:37,142 [Worker-188: Building] INFO  o.e.m.c.i.embedder.EclipseLogger - Using 'UTF-8' encoding to copy filtered resources.
2024-06-06 10:26:37,142 [Worker-188: Building] INFO  o.e.m.c.i.embedder.EclipseLogger - Copying 0 resource
2024-06-06 10:26:40,470 [Worker-184: Building] INFO  o.e.m.c.i.embedder.EclipseLogger - Using 'UTF-8' encoding to copy filtered resources.
2024-06-06 10:26:40,471 [Worker-184: Building] INFO  o.e.m.c.i.embedder.EclipseLogger - skip non existing resourceDirectory C:\Users\2155644\eclipse-workspace\SeleniumAutomation\GPPJPN\src\main\resources
2024-06-06 10:26:40,472 [Worker-184: Building] INFO  o.e.m.c.i.embedder.EclipseLogger - Using 'UTF-8' encoding to copy filtered resources.
2024-06-06 10:26:40,472 [Worker-184: Building] INFO  o.e.m.c.i.embedder.EclipseLogger - Copying 0 resource
2024-06-06 12:29:01,835 [Worker-190: Building] INFO  o.e.m.c.i.embedder.EclipseLogger - Using 'UTF-8' encoding to copy filtered resources.
2024-06-06 12:29:01,840 [Worker-190: Building] INFO  o.e.m.c.i.embedder.EclipseLogger - skip non existing resourceDirectory C:\Users\2155644\eclipse-workspace\SeleniumAutomation\GPPJPN\src\main\resources
2024-06-06 12:29:01,865 [Worker-190: Building] INFO  o.e.m.c.i.embedder.EclipseLogger - Using 'UTF-8' encoding to copy filtered resources.
2024-06-06 12:29:01,869 [Worker-190: Building] INFO  o.e.m.c.i.embedder.EclipseLogger - Copying 0 resource
2024-06-06 12:29:49,942 [Worker-192: Building] INFO  o.e.m.c.i.embedder.EclipseLogger - Using 'UTF-8' encoding to copy filtered resources.
2024-06-06 12:29:49,943 [Worker-192: Building] INFO  o.e.m.c.i.embedder.EclipseLogger - skip non existing resourceDirectory C:\Users\2155644\eclipse-workspace\SeleniumAutomation\GPPJPN\src\main\resources
2024-06-06 12:29:49,944 [Worker-192: Building] INFO  o.e.m.c.i.embedder.EclipseLogger - Using 'UTF-8' encoding to copy filtered resources.
2024-06-06 12:29:49,944 [Worker-192: Building] INFO  o.e.m.c.i.embedder.EclipseLogger - Copying 0 resource
2024-06-07 19:28:03,020 [Worker-4: Loading available Gradle versions] INFO  o.e.b.c.i.u.g.PublishedGradleVersions - Gradle version information cache is out-of-date. Trying to update.
2024-06-07 19:37:08,357 [Worker-24: Building] INFO  o.e.m.c.i.embedder.EclipseLogger - Using 'UTF-8' encoding to copy filtered resources.
2024-06-07 19:37:08,359 [Worker-24: Building] INFO  o.e.m.c.i.embedder.EclipseLogger - skip non existing resourceDirectory C:\Users\2155644\eclipse-workspace\SeleniumAutomation\GPPJPN\src\main\resources
2024-06-07 19:37:08,361 [Worker-24: Building] INFO  o.e.m.c.i.embedder.EclipseLogger - Using 'UTF-8' encoding to copy filtered resources.
2024-06-07 19:37:08,365 [Worker-24: Building] INFO  o.e.m.c.i.embedder.EclipseLogger - Copying 3 resources
2024-06-07 19:52:46,391 [Worker-26: Building] INFO  o.e.m.c.i.embedder.EclipseLogger - Using 'UTF-8' encoding to copy filtered resources.
2024-06-07 19:52:46,391 [Worker-26: Building] INFO  o.e.m.c.i.embedder.EclipseLogger - skip non existing resourceDirectory C:\Users\2155644\eclipse-workspace\SeleniumAutomation\GPPJPN\src\main\resources
2024-06-07 19:52:46,393 [Worker-26: Building] INFO  o.e.m.c.i.embedder.EclipseLogger - Using 'UTF-8' encoding to copy filtered resources.
2024-06-07 19:52:46,395 [Worker-26: Building] INFO  o.e.m.c.i.embedder.EclipseLogger - Copying 0 resource
2024-06-10 10:39:55,280 [Worker-2: Loading available Gradle versions] INFO  o.e.b.c.i.u.g.PublishedGradleVersions - Gradle version information cache is out-of-date. Trying to update.
2024-06-24 15:24:56,618 [Worker-3: Loading available Gradle versions] INFO  o.e.b.c.i.u.g.PublishedGradleVersions - Gradle version information cache is out-of-date. Trying to update.
2024-06-24 15:25:07,071 [Worker-3: Loading available Gradle versions] INFO  o.e.b.c.i.u.g.PublishedGradleVersions - Updating Gradle version information cache failed. Using outdated cache.
2024-07-13 17:29:38,801 [Worker-3: Loading available Gradle versions] INFO  o.e.b.c.i.u.g.PublishedGradleVersions - Gradle version information cache is out-of-date. Trying to update.
2024-07-13 17:29:39,484 [Worker-3: Loading available Gradle versions] INFO  o.e.b.c.i.u.g.PublishedGradleVersions - Updating Gradle version information cache failed. Using outdated cache.
2024-07-13 17:31:14,982 [Worker-10: Building] INFO  o.e.m.c.i.embedder.EclipseLogger - Using 'UTF-8' encoding to copy filtered resources.
2024-07-13 17:31:14,982 [Worker-10: Building] INFO  o.e.m.c.i.embedder.EclipseLogger - skip non existing resourceDirectory C:\Users\2155644\eclipse-workspace\SeleniumAutomation\GPPJPN\src\main\resources
2024-07-13 17:31:14,984 [Worker-10: Building] INFO  o.e.m.c.i.embedder.EclipseLogger - Using 'UTF-8' encoding to copy filtered resources.
2024-07-13 17:31:14,989 [Worker-10: Building] INFO  o.e.m.c.i.embedder.EclipseLogger - Copying 3 resources
2024-07-13 17:31:15,727 [Worker-10: Building] WARN  o.e.m.c.i.embedder.EclipseLogger - Using platform encoding (Cp1252 actually) to copy filtered resources, i.e. build is platform dependent!
2024-07-13 17:31:15,728 [Worker-10: Building] INFO  o.e.m.c.i.embedder.EclipseLogger - Copying 0 resource
2024-07-13 17:31:15,730 [Worker-10: Building] WARN  o.e.m.c.i.embedder.EclipseLogger - Using platform encoding (Cp1252 actually) to copy filtered resources, i.e. build is platform dependent!
2024-07-13 17:31:15,732 [Worker-10: Building] INFO  o.e.m.c.i.embedder.EclipseLogger - Copying 0 resource
2024-07-13 17:31:23,858 [Worker-10: Building] INFO  o.e.m.c.i.embedder.EclipseLogger - Using 'UTF-8' encoding to copy filtered resources.
2024-07-13 17:31:23,860 [Worker-10: Building] INFO  o.e.m.c.i.embedder.EclipseLogger - skip non existing resourceDirectory C:\Users\2155644\eclipse-workspace\SeleniumAutomation\seleniumJPN\src\main\resources
2024-07-13 17:31:23,862 [Worker-10: Building] INFO  o.e.m.c.i.embedder.EclipseLogger - Using 'UTF-8' encoding to copy filtered resources.
2024-07-13 17:31:23,862 [Worker-10: Building] INFO  o.e.m.c.i.embedder.EclipseLogger - skip non existing resourceDirectory C:\Users\2155644\eclipse-workspace\SeleniumAutomation\seleniumJPN\src\test\resources
2024-09-18 14:51:15,679 [Worker-5: Loading available Gradle versions] INFO  o.e.b.c.i.u.g.PublishedGradleVersions - Gradle version information cache is out-of-date. Trying to update.
2024-09-18 14:51:19,026 [Worker-7: Building] INFO  o.e.m.c.i.embedder.EclipseLogger - Using 'UTF-8' encoding to copy filtered resources.
2024-09-18 14:51:19,026 [Worker-7: Building] INFO  o.e.m.c.i.embedder.EclipseLogger - skip non existing resourceDirectory C:\Users\2155644\eclipse-workspace\SeleniumAutomation\GPPJPN\src\main\resources
2024-09-18 14:51:19,031 [Worker-7: Building] INFO  o.e.m.c.i.embedder.EclipseLogger - Using 'UTF-8' encoding to copy filtered resources.
2024-09-18 14:51:19,037 [Worker-7: Building] INFO  o.e.m.c.i.embedder.EclipseLogger - Copying 3 resources
2024-09-18 14:51:20,467 [Worker-7: Building] WARN  o.e.m.c.i.embedder.EclipseLogger - Using platform encoding (Cp1252 actually) to copy filtered resources, i.e. build is platform dependent!
2024-09-18 14:51:20,470 [Worker-7: Building] INFO  o.e.m.c.i.embedder.EclipseLogger - Copying 0 resource
2024-09-18 14:51:20,473 [Worker-7: Building] WARN  o.e.m.c.i.embedder.EclipseLogger - Using platform encoding (Cp1252 actually) to copy filtered resources, i.e. build is platform dependent!
2024-09-18 14:51:20,475 [Worker-7: Building] INFO  o.e.m.c.i.embedder.EclipseLogger - Copying 0 resource
2024-09-18 14:51:46,780 [Worker-7: Building] INFO  o.e.m.c.i.embedder.EclipseLogger - Using 'UTF-8' encoding to copy filtered resources.
2024-09-18 14:51:46,782 [Worker-7: Building] INFO  o.e.m.c.i.embedder.EclipseLogger - skip non existing resourceDirectory C:\Users\2155644\eclipse-workspace\SeleniumAutomation\seleniumJPN\src\main\resources
2024-09-18 14:51:46,784 [Worker-7: Building] INFO  o.e.m.c.i.embedder.EclipseLogger - Using 'UTF-8' encoding to copy filtered resources.
2024-09-18 14:51:46,785 [Worker-7: Building] INFO  o.e.m.c.i.embedder.EclipseLogger - skip non existing resourceDirectory C:\Users\2155644\eclipse-workspace\SeleniumAutomation\seleniumJPN\src\test\resources
2024-09-18 15:04:09,157 [ModalContext] INFO  o.e.m.c.i.e.AbstractTransferListenerAdapter - Downloading https://repo1.maven.org/maven2/org/apache/maven/archetypes/maven-archetype-quickstart/1.5/maven-archetype-quickstart-1.5.jar
2024-09-18 15:04:09,546 [ModalContext] INFO  o.e.m.c.i.e.AbstractTransferListenerAdapter - Downloaded https://repo1.maven.org/maven2/org/apache/maven/archetypes/maven-archetype-quickstart/1.5/maven-archetype-quickstart-1.5.jar
2024-09-18 15:04:09,749 [ModalContext] INFO  o.e.m.c.i.e.AbstractTransferListenerAdapter - Downloading https://repo1.maven.org/maven2/org/apache/maven/archetypes/maven-archetype-quickstart/1.5/maven-archetype-quickstart-1.5.pom
2024-09-18 15:04:09,976 [ModalContext] INFO  o.e.m.c.i.e.AbstractTransferListenerAdapter - Downloaded https://repo1.maven.org/maven2/org/apache/maven/archetypes/maven-archetype-quickstart/1.5/maven-archetype-quickstart-1.5.pom
2024-09-18 15:04:26,280 [Worker-23: Creating maven-archetype-quickstart] INFO  o.e.m.c.i.p.ProjectConfigurationManager - Collecting project info '/pom.xml' C:\Users\2155644\eclipse-workspace\SeleniumAutomation\ckd\pom.xml
2024-09-18 15:04:26,555 [Worker-23: Creating maven-archetype-quickstart] INFO  o.e.m.c.i.e.AbstractTransferListenerAdapter - Downloading https://repo.maven.apache.org/maven2/org/junit/junit-bom/5.11.0/junit-bom-5.11.0.pom
2024-09-18 15:04:26,577 [Worker-23: Creating maven-archetype-quickstart] INFO  o.e.m.c.i.e.AbstractTransferListenerAdapter - Downloaded https://repo.maven.apache.org/maven2/org/junit/junit-bom/5.11.0/junit-bom-5.11.0.pom
2024-09-18 15:04:27,316 [Worker-23: Creating maven-archetype-quickstart] INFO  o.e.m.c.i.e.AbstractTransferListenerAdapter - Downloading https://repo.maven.apache.org/maven2/org/apache/maven/plugins/maven-clean-plugin/3.4.0/maven-clean-plugin-3.4.0.jar
2024-09-18 15:04:27,344 [Worker-23: Creating maven-archetype-quickstart] INFO  o.e.m.c.i.e.AbstractTransferListenerAdapter - Downloaded https://repo.maven.apache.org/maven2/org/apache/maven/plugins/maven-clean-plugin/3.4.0/maven-clean-plugin-3.4.0.jar
2024-09-18 15:04:28,418 [Worker-23: Creating maven-archetype-quickstart] INFO  o.e.m.c.i.e.AbstractTransferListenerAdapter - Downloading https://repo.maven.apache.org/maven2/org/apache/maven/plugins/maven-resources-plugin/3.3.1/maven-resources-plugin-3.3.1.jar
2024-09-18 15:04:28,439 [Worker-23: Creating maven-archetype-quickstart] INFO  o.e.m.c.i.e.AbstractTransferListenerAdapter - Downloaded https://repo.maven.apache.org/maven2/org/apache/maven/plugins/maven-resources-plugin/3.3.1/maven-resources-plugin-3.3.1.jar
2024-09-18 15:04:28,608 [Worker-23: Creating maven-archetype-quickstart] INFO  o.e.m.c.i.e.AbstractTransferListenerAdapter - Downloading https://repo.maven.apache.org/maven2/org/apache/maven/plugins/maven-compiler-plugin/3.13.0/maven-compiler-plugin-3.13.0.jar
2024-09-18 15:04:28,649 [Worker-23: Creating maven-archetype-quickstart] INFO  o.e.m.c.i.e.AbstractTransferListenerAdapter - Downloaded https://repo.maven.apache.org/maven2/org/apache/maven/plugins/maven-compiler-plugin/3.13.0/maven-compiler-plugin-3.13.0.jar
2024-09-18 15:04:28,821 [Worker-23: Creating maven-archetype-quickstart] INFO  o.e.m.c.i.e.AbstractTransferListenerAdapter - Downloading https://repo.maven.apache.org/maven2/org/apache/maven/plugins/maven-surefire-plugin/3.3.0/maven-surefire-plugin-3.3.0.jar
2024-09-18 15:04:28,836 [Worker-23: Creating maven-archetype-quickstart] INFO  o.e.m.c.i.e.AbstractTransferListenerAdapter - Downloaded https://repo.maven.apache.org/maven2/org/apache/maven/plugins/maven-surefire-plugin/3.3.0/maven-surefire-plugin-3.3.0.jar
2024-09-18 15:04:29,019 [Worker-23: Creating maven-archetype-quickstart] INFO  o.e.m.c.i.e.AbstractTransferListenerAdapter - Downloading https://repo.maven.apache.org/maven2/org/apache/maven/plugins/maven-jar-plugin/3.4.2/maven-jar-plugin-3.4.2.jar
2024-09-18 15:04:29,048 [Worker-23: Creating maven-archetype-quickstart] INFO  o.e.m.c.i.e.AbstractTransferListenerAdapter - Downloaded https://repo.maven.apache.org/maven2/org/apache/maven/plugins/maven-jar-plugin/3.4.2/maven-jar-plugin-3.4.2.jar
2024-09-18 15:04:29,185 [Worker-23: Creating maven-archetype-quickstart] INFO  o.e.m.c.i.e.AbstractTransferListenerAdapter - Downloading https://repo.maven.apache.org/maven2/org/apache/maven/plugins/maven-install-plugin/3.1.2/maven-install-plugin-3.1.2.jar
2024-09-18 15:04:29,204 [Worker-23: Creating maven-archetype-quickstart] INFO  o.e.m.c.i.e.AbstractTransferListenerAdapter - Downloaded https://repo.maven.apache.org/maven2/org/apache/maven/plugins/maven-install-plugin/3.1.2/maven-install-plugin-3.1.2.jar
2024-09-18 15:04:29,339 [Worker-23: Creating maven-archetype-quickstart] INFO  o.e.m.c.i.e.AbstractTransferListenerAdapter - Downloading https://repo.maven.apache.org/maven2/org/apache/maven/plugins/maven-deploy-plugin/3.1.2/maven-deploy-plugin-3.1.2.jar
2024-09-18 15:04:29,358 [Worker-23: Creating maven-archetype-quickstart] INFO  o.e.m.c.i.e.AbstractTransferListenerAdapter - Downloaded https://repo.maven.apache.org/maven2/org/apache/maven/plugins/maven-deploy-plugin/3.1.2/maven-deploy-plugin-3.1.2.jar
2024-09-18 15:04:29,694 [Worker-23: Creating maven-archetype-quickstart] INFO  o.e.m.c.i.e.AbstractTransferListenerAdapter - Downloading https://repo.maven.apache.org/maven2/org/apache/maven/plugins/maven-site-plugin/3.12.1/maven-site-plugin-3.12.1.jar
2024-09-18 15:04:29,714 [Worker-23: Creating maven-archetype-quickstart] INFO  o.e.m.c.i.e.AbstractTransferListenerAdapter - Downloaded https://repo.maven.apache.org/maven2/org/apache/maven/plugins/maven-site-plugin/3.12.1/maven-site-plugin-3.12.1.jar
2024-09-18 15:04:30,089 [Worker-23: Creating maven-archetype-quickstart] INFO  o.e.m.c.i.e.AbstractTransferListenerAdapter - Downloading https://repo.maven.apache.org/maven2/org/apache/maven/plugins/maven-compiler-plugin/3.13.0/maven-compiler-plugin-3.13.0.pom
2024-09-18 15:04:30,108 [Worker-23: Creating maven-archetype-quickstart] INFO  o.e.m.c.i.e.AbstractTransferListenerAdapter - Downloaded https://repo.maven.apache.org/maven2/org/apache/maven/plugins/maven-compiler-plugin/3.13.0/maven-compiler-plugin-3.13.0.pom
2024-09-18 15:04:30,132 [Worker-23: Creating maven-archetype-quickstart] INFO  o.e.m.c.i.e.AbstractTransferListenerAdapter - Downloading https://repo.maven.apache.org/maven2/org/apache/maven/plugins/maven-plugins/41/maven-plugins-41.pom
2024-09-18 15:04:30,168 [Worker-23: Creating maven-archetype-quickstart] INFO  o.e.m.c.i.e.AbstractTransferListenerAdapter - Downloaded https://repo.maven.apache.org/maven2/org/apache/maven/plugins/maven-plugins/41/maven-plugins-41.pom
2024-09-18 15:04:30,213 [Worker-23: Creating maven-archetype-quickstart] INFO  o.e.m.c.i.e.AbstractTransferListenerAdapter - Downloading https://repo.maven.apache.org/maven2/org/apache/maven/maven-parent/41/maven-parent-41.pom
2024-09-18 15:04:30,230 [Worker-23: Creating maven-archetype-quickstart] INFO  o.e.m.c.i.e.AbstractTransferListenerAdapter - Downloaded https://repo.maven.apache.org/maven2/org/apache/maven/maven-parent/41/maven-parent-41.pom
2024-09-18 15:04:30,256 [Worker-23: Creating maven-archetype-quickstart] INFO  o.e.m.c.i.e.AbstractTransferListenerAdapter - Downloading https://repo.maven.apache.org/maven2/org/apache/apache/31/apache-31.pom
2024-09-18 15:04:30,276 [Worker-23: Creating maven-archetype-quickstart] INFO  o.e.m.c.i.e.AbstractTransferListenerAdapter - Downloaded https://repo.maven.apache.org/maven2/org/apache/apache/31/apache-31.pom
2024-09-18 15:04:30,348 [Worker-23: Creating maven-archetype-quickstart] INFO  o.e.m.c.i.e.AbstractTransferListenerAdapter - Downloading https://repo.maven.apache.org/maven2/org/apache/maven/shared/maven-shared-utils/3.4.2/maven-shared-utils-3.4.2.pom
2024-09-18 15:04:30,368 [Worker-23: Creating maven-archetype-quickstart] INFO  o.e.m.c.i.e.AbstractTransferListenerAdapter - Downloaded https://repo.maven.apache.org/maven2/org/apache/maven/shared/maven-shared-utils/3.4.2/maven-shared-utils-3.4.2.pom
2024-09-18 15:04:30,401 [Worker-23: Creating maven-archetype-quickstart] INFO  o.e.m.c.i.e.AbstractTransferListenerAdapter - Downloading https://repo.maven.apache.org/maven2/org/apache/maven/shared/maven-shared-components/39/maven-shared-components-39.pom
2024-09-18 15:04:30,475 [Worker-23: Creating maven-archetype-quickstart] INFO  o.e.m.c.i.e.AbstractTransferListenerAdapter - Downloaded https://repo.maven.apache.org/maven2/org/apache/maven/shared/maven-shared-components/39/maven-shared-components-39.pom
2024-09-18 15:04:30,500 [Worker-23: Creating maven-archetype-quickstart] INFO  o.e.m.c.i.e.AbstractTransferListenerAdapter - Downloading https://repo.maven.apache.org/maven2/org/apache/maven/maven-parent/39/maven-parent-39.pom
2024-09-18 15:04:30,534 [Worker-23: Creating maven-archetype-quickstart] INFO  o.e.m.c.i.e.AbstractTransferListenerAdapter - Downloaded https://repo.maven.apache.org/maven2/org/apache/maven/maven-parent/39/maven-parent-39.pom
2024-09-18 15:04:30,580 [Worker-23: Creating maven-archetype-quickstart] INFO  o.e.m.c.i.e.AbstractTransferListenerAdapter - Downloading https://repo.maven.apache.org/maven2/org/apache/apache/29/apache-29.pom
2024-09-18 15:04:30,604 [Worker-23: Creating maven-archetype-quickstart] INFO  o.e.m.c.i.e.AbstractTransferListenerAdapter - Downloaded https://repo.maven.apache.org/maven2/org/apache/apache/29/apache-29.pom
2024-09-18 15:04:30,700 [Worker-23: Creating maven-archetype-quickstart] INFO  o.e.m.c.i.e.AbstractTransferListenerAdapter - Downloading https://repo.maven.apache.org/maven2/commons-io/commons-io/2.11.0/commons-io-2.11.0.pom
2024-09-18 15:04:30,857 [Worker-23: Creating maven-archetype-quickstart] INFO  o.e.m.c.i.e.AbstractTransferListenerAdapter - Downloaded https://repo.maven.apache.org/maven2/commons-io/commons-io/2.11.0/commons-io-2.11.0.pom
2024-09-18 15:04:30,971 [Worker-23: Creating maven-archetype-quickstart] INFO  o.e.m.c.i.e.AbstractTransferListenerAdapter - Downloading https://repo.maven.apache.org/maven2/org/apache/commons/commons-parent/52/commons-parent-52.pom
2024-09-18 15:04:31,015 [Worker-23: Creating maven-archetype-quickstart] INFO  o.e.m.c.i.e.AbstractTransferListenerAdapter - Downloaded https://repo.maven.apache.org/maven2/org/apache/commons/commons-parent/52/commons-parent-52.pom
2024-09-18 15:04:31,040 [Worker-23: Creating maven-archetype-quickstart] INFO  o.e.m.c.i.e.AbstractTransferListenerAdapter - Downloading https://repo.maven.apache.org/maven2/org/apache/apache/23/apache-23.pom
2024-09-18 15:04:31,066 [Worker-23: Creating maven-archetype-quickstart] INFO  o.e.m.c.i.e.AbstractTransferListenerAdapter - Downloaded https://repo.maven.apache.org/maven2/org/apache/apache/23/apache-23.pom
2024-09-18 15:04:31,090 [Worker-23: Creating maven-archetype-quickstart] INFO  o.e.m.c.i.e.AbstractTransferListenerAdapter - Downloading https://repo.maven.apache.org/maven2/org/junit/junit-bom/5.7.2/junit-bom-5.7.2.pom
2024-09-18 15:04:31,110 [Worker-23: Creating maven-archetype-quickstart] INFO  o.e.m.c.i.e.AbstractTransferListenerAdapter - Downloaded https://repo.maven.apache.org/maven2/org/junit/junit-bom/5.7.2/junit-bom-5.7.2.pom
2024-09-18 15:04:31,164 [Worker-23: Creating maven-archetype-quickstart] INFO  o.e.m.c.i.e.AbstractTransferListenerAdapter - Downloading https://repo.maven.apache.org/maven2/org/codehaus/plexus/plexus-java/1.2.0/plexus-java-1.2.0.pom
2024-09-18 15:04:31,186 [Worker-23: Creating maven-archetype-quickstart] INFO  o.e.m.c.i.e.AbstractTransferListenerAdapter - Downloaded https://repo.maven.apache.org/maven2/org/codehaus/plexus/plexus-java/1.2.0/plexus-java-1.2.0.pom
2024-09-18 15:04:31,205 [Worker-23: Creating maven-archetype-quickstart] INFO  o.e.m.c.i.e.AbstractTransferListenerAdapter - Downloading https://repo.maven.apache.org/maven2/org/codehaus/plexus/plexus-languages/1.2.0/plexus-languages-1.2.0.pom
2024-09-18 15:04:31,223 [Worker-23: Creating maven-archetype-quickstart] INFO  o.e.m.c.i.e.AbstractTransferListenerAdapter - Downloaded https://repo.maven.apache.org/maven2/org/codehaus/plexus/plexus-languages/1.2.0/plexus-languages-1.2.0.pom
2024-09-18 15:04:31,243 [Worker-23: Creating maven-archetype-quickstart] INFO  o.e.m.c.i.e.AbstractTransferListenerAdapter - Downloading https://repo.maven.apache.org/maven2/org/codehaus/plexus/plexus/15/plexus-15.pom
2024-09-18 15:04:31,259 [Worker-23: Creating maven-archetype-quickstart] INFO  o.e.m.c.i.e.AbstractTransferListenerAdapter - Downloaded https://repo.maven.apache.org/maven2/org/codehaus/plexus/plexus/15/plexus-15.pom
2024-09-18 15:04:31,282 [Worker-23: Creating maven-archetype-quickstart] INFO  o.e.m.c.i.e.AbstractTransferListenerAdapter - Downloading https://repo.maven.apache.org/maven2/org/junit/junit-bom/5.10.0/junit-bom-5.10.0.pom
2024-09-18 15:04:31,299 [Worker-23: Creating maven-archetype-quickstart] INFO  o.e.m.c.i.e.AbstractTransferListenerAdapter - Downloaded https://repo.maven.apache.org/maven2/org/junit/junit-bom/5.10.0/junit-bom-5.10.0.pom
2024-09-18 15:04:31,322 [Worker-23: Creating maven-archetype-quickstart] INFO  o.e.m.c.i.e.AbstractTransferListenerAdapter - Downloading https://repo.maven.apache.org/maven2/org/ow2/asm/asm/9.6/asm-9.6.pom
2024-09-18 15:04:31,338 [Worker-23: Creating maven-archetype-quickstart] INFO  o.e.m.c.i.e.AbstractTransferListenerAdapter - Downloaded https://repo.maven.apache.org/maven2/org/ow2/asm/asm/9.6/asm-9.6.pom
2024-09-18 15:04:31,358 [Worker-23: Creating maven-archetype-quickstart] INFO  o.e.m.c.i.e.AbstractTransferListenerAdapter - Downloading https://repo.maven.apache.org/maven2/org/ow2/ow2/1.5.1/ow2-1.5.1.pom
2024-09-18 15:04:31,381 [Worker-23: Creating maven-archetype-quickstart] INFO  o.e.m.c.i.e.AbstractTransferListenerAdapter - Downloaded https://repo.maven.apache.org/maven2/org/ow2/ow2/1.5.1/ow2-1.5.1.pom
2024-09-18 15:04:31,400 [Worker-23: Creating maven-archetype-quickstart] INFO  o.e.m.c.i.e.AbstractTransferListenerAdapter - Downloading https://repo.maven.apache.org/maven2/com/thoughtworks/qdox/qdox/2.0.3/qdox-2.0.3.pom
2024-09-18 15:04:31,419 [Worker-23: Creating maven-archetype-quickstart] INFO  o.e.m.c.i.e.AbstractTransferListenerAdapter - Downloaded https://repo.maven.apache.org/maven2/com/thoughtworks/qdox/qdox/2.0.3/qdox-2.0.3.pom
2024-09-18 15:04:31,440 [Worker-23: Creating maven-archetype-quickstart] INFO  o.e.m.c.i.e.AbstractTransferListenerAdapter - Downloading https://repo.maven.apache.org/maven2/org/codehaus/plexus/plexus-compiler-api/2.15.0/plexus-compiler-api-2.15.0.pom
2024-09-18 15:04:31,458 [Worker-23: Creating maven-archetype-quickstart] INFO  o.e.m.c.i.e.AbstractTransferListenerAdapter - Downloaded https://repo.maven.apache.org/maven2/org/codehaus/plexus/plexus-compiler-api/2.15.0/plexus-compiler-api-2.15.0.pom
2024-09-18 15:04:31,474 [Worker-23: Creating maven-archetype-quickstart] INFO  o.e.m.c.i.e.AbstractTransferListenerAdapter - Downloading https://repo.maven.apache.org/maven2/org/codehaus/plexus/plexus-compiler/2.15.0/plexus-compiler-2.15.0.pom
2024-09-18 15:04:31,491 [Worker-23: Creating maven-archetype-quickstart] INFO  o.e.m.c.i.e.AbstractTransferListenerAdapter - Downloaded https://repo.maven.apache.org/maven2/org/codehaus/plexus/plexus-compiler/2.15.0/plexus-compiler-2.15.0.pom
2024-09-18 15:04:31,506 [Worker-23: Creating maven-archetype-quickstart] INFO  o.e.m.c.i.e.AbstractTransferListenerAdapter - Downloading https://repo.maven.apache.org/maven2/org/codehaus/plexus/plexus/17/plexus-17.pom
2024-09-18 15:04:31,523 [Worker-23: Creating maven-archetype-quickstart] INFO  o.e.m.c.i.e.AbstractTransferListenerAdapter - Downloaded https://repo.maven.apache.org/maven2/org/codehaus/plexus/plexus/17/plexus-17.pom
2024-09-18 15:04:31,550 [Worker-23: Creating maven-archetype-quickstart] INFO  o.e.m.c.i.e.AbstractTransferListenerAdapter - Downloading https://repo.maven.apache.org/maven2/org/junit/junit-bom/5.10.2/junit-bom-5.10.2.pom
2024-09-18 15:04:31,565 [Worker-23: Creating maven-archetype-quickstart] INFO  o.e.m.c.i.e.AbstractTransferListenerAdapter - Downloaded https://repo.maven.apache.org/maven2/org/junit/junit-bom/5.10.2/junit-bom-5.10.2.pom
2024-09-18 15:04:31,581 [Worker-23: Creating maven-archetype-quickstart] INFO  o.e.m.c.i.e.AbstractTransferListenerAdapter - Downloading https://repo.maven.apache.org/maven2/org/codehaus/plexus/plexus-utils/4.0.0/plexus-utils-4.0.0.pom
2024-09-18 15:04:31,614 [Worker-23: Creating maven-archetype-quickstart] INFO  o.e.m.c.i.e.AbstractTransferListenerAdapter - Downloaded https://repo.maven.apache.org/maven2/org/codehaus/plexus/plexus-utils/4.0.0/plexus-utils-4.0.0.pom
2024-09-18 15:04:31,633 [Worker-23: Creating maven-archetype-quickstart] INFO  o.e.m.c.i.e.AbstractTransferListenerAdapter - Downloading https://repo.maven.apache.org/maven2/org/codehaus/plexus/plexus/13/plexus-13.pom
2024-09-18 15:04:31,661 [Worker-23: Creating maven-archetype-quickstart] INFO  o.e.m.c.i.e.AbstractTransferListenerAdapter - Downloaded https://repo.maven.apache.org/maven2/org/codehaus/plexus/plexus/13/plexus-13.pom
2024-09-18 15:04:31,679 [Worker-23: Creating maven-archetype-quickstart] INFO  o.e.m.c.i.e.AbstractTransferListenerAdapter - Downloading https://repo.maven.apache.org/maven2/org/junit/junit-bom/5.9.3/junit-bom-5.9.3.pom
2024-09-18 15:04:31,695 [Worker-23: Creating maven-archetype-quickstart] INFO  o.e.m.c.i.e.AbstractTransferListenerAdapter - Downloaded https://repo.maven.apache.org/maven2/org/junit/junit-bom/5.9.3/junit-bom-5.9.3.pom
2024-09-18 15:04:31,710 [Worker-23: Creating maven-archetype-quickstart] INFO  o.e.m.c.i.e.AbstractTransferListenerAdapter - Downloading https://repo.maven.apache.org/maven2/org/codehaus/plexus/plexus-compiler-manager/2.15.0/plexus-compiler-manager-2.15.0.pom
2024-09-18 15:04:31,748 [Worker-23: Creating maven-archetype-quickstart] INFO  o.e.m.c.i.e.AbstractTransferListenerAdapter - Downloaded https://repo.maven.apache.org/maven2/org/codehaus/plexus/plexus-compiler-manager/2.15.0/plexus-compiler-manager-2.15.0.pom
2024-09-18 15:04:31,780 [Worker-23: Creating maven-archetype-quickstart] INFO  o.e.m.c.i.e.AbstractTransferListenerAdapter - Downloading https://repo.maven.apache.org/maven2/javax/inject/javax.inject/1/javax.inject-1.pom
2024-09-18 15:04:31,794 [Worker-23: Creating maven-archetype-quickstart] INFO  o.e.m.c.i.e.AbstractTransferListenerAdapter - Downloaded https://repo.maven.apache.org/maven2/javax/inject/javax.inject/1/javax.inject-1.pom
2024-09-18 15:04:31,810 [Worker-23: Creating maven-archetype-quickstart] INFO  o.e.m.c.i.e.AbstractTransferListenerAdapter - Downloading https://repo.maven.apache.org/maven2/org/codehaus/plexus/plexus-xml/3.0.0/plexus-xml-3.0.0.pom
2024-09-18 15:04:31,829 [Worker-23: Creating maven-archetype-quickstart] INFO  o.e.m.c.i.e.AbstractTransferListenerAdapter - Downloaded https://repo.maven.apache.org/maven2/org/codehaus/plexus/plexus-xml/3.0.0/plexus-xml-3.0.0.pom
2024-09-18 15:04:31,844 [Worker-23: Creating maven-archetype-quickstart] INFO  o.e.m.c.i.e.AbstractTransferListenerAdapter - Downloading https://repo.maven.apache.org/maven2/org/codehaus/plexus/plexus-compiler-javac/2.15.0/plexus-compiler-javac-2.15.0.pom
2024-09-18 15:04:31,866 [Worker-23: Creating maven-archetype-quickstart] INFO  o.e.m.c.i.e.AbstractTransferListenerAdapter - Downloaded https://repo.maven.apache.org/maven2/org/codehaus/plexus/plexus-compiler-javac/2.15.0/plexus-compiler-javac-2.15.0.pom
2024-09-18 15:04:31,882 [Worker-23: Creating maven-archetype-quickstart] INFO  o.e.m.c.i.e.AbstractTransferListenerAdapter - Downloading https://repo.maven.apache.org/maven2/org/codehaus/plexus/plexus-compilers/2.15.0/plexus-compilers-2.15.0.pom
2024-09-18 15:04:31,909 [Worker-23: Creating maven-archetype-quickstart] INFO  o.e.m.c.i.e.AbstractTransferListenerAdapter - Downloaded https://repo.maven.apache.org/maven2/org/codehaus/plexus/plexus-compilers/2.15.0/plexus-compilers-2.15.0.pom
2024-09-18 15:04:31,932 [AetherRepositoryConnector-repo.maven.apache.org-0-0] INFO  o.e.m.c.i.e.AbstractTransferListenerAdapter - Downloading https://repo.maven.apache.org/maven2/org/apache/maven/shared/maven-shared-utils/3.4.2/maven-shared-utils-3.4.2.jar
2024-09-18 15:04:31,981 [AetherRepositoryConnector-repo.maven.apache.org-0-4] INFO  o.e.m.c.i.e.AbstractTransferListenerAdapter - Downloading https://repo.maven.apache.org/maven2/com/thoughtworks/qdox/qdox/2.0.3/qdox-2.0.3.jar
2024-09-18 15:04:31,981 [AetherRepositoryConnector-repo.maven.apache.org-0-2] INFO  o.e.m.c.i.e.AbstractTransferListenerAdapter - Downloading https://repo.maven.apache.org/maven2/org/codehaus/plexus/plexus-java/1.2.0/plexus-java-1.2.0.jar
2024-09-18 15:04:31,981 [AetherRepositoryConnector-repo.maven.apache.org-0-3] INFO  o.e.m.c.i.e.AbstractTransferListenerAdapter - Downloading https://repo.maven.apache.org/maven2/org/ow2/asm/asm/9.6/asm-9.6.jar
2024-09-18 15:04:31,981 [AetherRepositoryConnector-repo.maven.apache.org-0-1] INFO  o.e.m.c.i.e.AbstractTransferListenerAdapter - Downloading https://repo.maven.apache.org/maven2/commons-io/commons-io/2.11.0/commons-io-2.11.0.jar
2024-09-18 15:04:32,026 [AetherRepositoryConnector-repo.maven.apache.org-0-0] INFO  o.e.m.c.i.e.AbstractTransferListenerAdapter - Downloaded https://repo.maven.apache.org/maven2/org/apache/maven/shared/maven-shared-utils/3.4.2/maven-shared-utils-3.4.2.jar
2024-09-18 15:04:32,029 [AetherRepositoryConnector-repo.maven.apache.org-0-2] INFO  o.e.m.c.i.e.AbstractTransferListenerAdapter - Downloaded https://repo.maven.apache.org/maven2/org/codehaus/plexus/plexus-java/1.2.0/plexus-java-1.2.0.jar
2024-09-18 15:04:32,038 [AetherRepositoryConnector-repo.maven.apache.org-0-3] INFO  o.e.m.c.i.e.AbstractTransferListenerAdapter - Downloaded https://repo.maven.apache.org/maven2/org/ow2/asm/asm/9.6/asm-9.6.jar
2024-09-18 15:04:32,047 [AetherRepositoryConnector-repo.maven.apache.org-0-0] INFO  o.e.m.c.i.e.AbstractTransferListenerAdapter - Downloading https://repo.maven.apache.org/maven2/org/codehaus/plexus/plexus-compiler-api/2.15.0/plexus-compiler-api-2.15.0.jar
2024-09-18 15:04:32,047 [AetherRepositoryConnector-repo.maven.apache.org-0-2] INFO  o.e.m.c.i.e.AbstractTransferListenerAdapter - Downloading https://repo.maven.apache.org/maven2/org/codehaus/plexus/plexus-compiler-manager/2.15.0/plexus-compiler-manager-2.15.0.jar
2024-09-18 15:04:32,051 [AetherRepositoryConnector-repo.maven.apache.org-0-4] INFO  o.e.m.c.i.e.AbstractTransferListenerAdapter - Downloaded https://repo.maven.apache.org/maven2/com/thoughtworks/qdox/qdox/2.0.3/qdox-2.0.3.jar
2024-09-18 15:04:32,053 [AetherRepositoryConnector-repo.maven.apache.org-0-1] INFO  o.e.m.c.i.e.AbstractTransferListenerAdapter - Downloaded https://repo.maven.apache.org/maven2/commons-io/commons-io/2.11.0/commons-io-2.11.0.jar
2024-09-18 15:04:32,060 [AetherRepositoryConnector-repo.maven.apache.org-0-3] INFO  o.e.m.c.i.e.AbstractTransferListenerAdapter - Downloading https://repo.maven.apache.org/maven2/javax/inject/javax.inject/1/javax.inject-1.jar
2024-09-18 15:04:32,112 [AetherRepositoryConnector-repo.maven.apache.org-0-4] INFO  o.e.m.c.i.e.AbstractTransferListenerAdapter - Downloading https://repo.maven.apache.org/maven2/org/codehaus/plexus/plexus-xml/3.0.0/plexus-xml-3.0.0.jar
2024-09-18 15:04:32,112 [AetherRepositoryConnector-repo.maven.apache.org-0-1] INFO  o.e.m.c.i.e.AbstractTransferListenerAdapter - Downloading https://repo.maven.apache.org/maven2/org/codehaus/plexus/plexus-compiler-javac/2.15.0/plexus-compiler-javac-2.15.0.jar
2024-09-18 15:04:32,117 [AetherRepositoryConnector-repo.maven.apache.org-0-2] INFO  o.e.m.c.i.e.AbstractTransferListenerAdapter - Downloaded https://repo.maven.apache.org/maven2/org/codehaus/plexus/plexus-compiler-manager/2.15.0/plexus-compiler-manager-2.15.0.jar
2024-09-18 15:04:32,120 [AetherRepositoryConnector-repo.maven.apache.org-0-0] INFO  o.e.m.c.i.e.AbstractTransferListenerAdapter - Downloaded https://repo.maven.apache.org/maven2/org/codehaus/plexus/plexus-compiler-api/2.15.0/plexus-compiler-api-2.15.0.jar
2024-09-18 15:04:32,124 [AetherRepositoryConnector-repo.maven.apache.org-0-3] INFO  o.e.m.c.i.e.AbstractTransferListenerAdapter - Downloaded https://repo.maven.apache.org/maven2/javax/inject/javax.inject/1/javax.inject-1.jar
2024-09-18 15:04:32,128 [AetherRepositoryConnector-repo.maven.apache.org-0-2] INFO  o.e.m.c.i.e.AbstractTransferListenerAdapter - Downloading https://repo.maven.apache.org/maven2/org/codehaus/plexus/plexus-utils/4.0.0/plexus-utils-4.0.0.jar
2024-09-18 15:04:32,133 [AetherRepositoryConnector-repo.maven.apache.org-0-4] INFO  o.e.m.c.i.e.AbstractTransferListenerAdapter - Downloaded https://repo.maven.apache.org/maven2/org/codehaus/plexus/plexus-xml/3.0.0/plexus-xml-3.0.0.jar
2024-09-18 15:04:32,133 [AetherRepositoryConnector-repo.maven.apache.org-0-1] INFO  o.e.m.c.i.e.AbstractTransferListenerAdapter - Downloaded https://repo.maven.apache.org/maven2/org/codehaus/plexus/plexus-compiler-javac/2.15.0/plexus-compiler-javac-2.15.0.jar
2024-09-18 15:04:32,151 [AetherRepositoryConnector-repo.maven.apache.org-0-2] INFO  o.e.m.c.i.e.AbstractTransferListenerAdapter - Downloaded https://repo.maven.apache.org/maven2/org/codehaus/plexus/plexus-utils/4.0.0/plexus-utils-4.0.0.jar
2024-09-18 15:04:34,958 [Worker-23: Creating maven-archetype-quickstart] INFO  o.e.m.c.i.l.LifecycleMappingFactory - Using org.eclipse.m2e.jdt.JarLifecycleMapping lifecycle mapping for MavenProject: ckd:ckd:0.0.1-SNAPSHOT @ C:\Users\2155644\eclipse-workspace\SeleniumAutomation\ckd\pom.xml.
2024-09-18 15:04:35,712 [Worker-23: Creating maven-archetype-quickstart] INFO  o.e.m.c.i.e.AbstractTransferListenerAdapter - Downloading https://repo.maven.apache.org/maven2/org/junit/jupiter/junit-jupiter-api/5.11.0/junit-jupiter-api-5.11.0.pom
2024-09-18 15:04:35,734 [Worker-23: Creating maven-archetype-quickstart] INFO  o.e.m.c.i.e.AbstractTransferListenerAdapter - Downloaded https://repo.maven.apache.org/maven2/org/junit/jupiter/junit-jupiter-api/5.11.0/junit-jupiter-api-5.11.0.pom
2024-09-18 15:04:35,755 [Worker-23: Creating maven-archetype-quickstart] INFO  o.e.m.c.i.e.AbstractTransferListenerAdapter - Downloading https://repo.maven.apache.org/maven2/org/opentest4j/opentest4j/1.3.0/opentest4j-1.3.0.pom
2024-09-18 15:04:35,773 [Worker-23: Creating maven-archetype-quickstart] INFO  o.e.m.c.i.e.AbstractTransferListenerAdapter - Downloaded https://repo.maven.apache.org/maven2/org/opentest4j/opentest4j/1.3.0/opentest4j-1.3.0.pom
2024-09-18 15:04:35,792 [Worker-23: Creating maven-archetype-quickstart] INFO  o.e.m.c.i.e.AbstractTransferListenerAdapter - Downloading https://repo.maven.apache.org/maven2/org/junit/platform/junit-platform-commons/1.11.0/junit-platform-commons-1.11.0.pom
2024-09-18 15:04:35,814 [Worker-23: Creating maven-archetype-quickstart] INFO  o.e.m.c.i.e.AbstractTransferListenerAdapter - Downloaded https://repo.maven.apache.org/maven2/org/junit/platform/junit-platform-commons/1.11.0/junit-platform-commons-1.11.0.pom
2024-09-18 15:04:35,831 [Worker-23: Creating maven-archetype-quickstart] INFO  o.e.m.c.i.e.AbstractTransferListenerAdapter - Downloading https://repo.maven.apache.org/maven2/org/apiguardian/apiguardian-api/1.1.2/apiguardian-api-1.1.2.pom
2024-09-18 15:04:35,853 [Worker-23: Creating maven-archetype-quickstart] INFO  o.e.m.c.i.e.AbstractTransferListenerAdapter - Downloaded https://repo.maven.apache.org/maven2/org/apiguardian/apiguardian-api/1.1.2/apiguardian-api-1.1.2.pom
2024-09-18 15:04:35,871 [Worker-23: Creating maven-archetype-quickstart] INFO  o.e.m.c.i.e.AbstractTransferListenerAdapter - Downloading https://repo.maven.apache.org/maven2/org/junit/jupiter/junit-jupiter-params/5.11.0/junit-jupiter-params-5.11.0.pom
2024-09-18 15:04:35,888 [Worker-23: Creating maven-archetype-quickstart] INFO  o.e.m.c.i.e.AbstractTransferListenerAdapter - Downloaded https://repo.maven.apache.org/maven2/org/junit/jupiter/junit-jupiter-params/5.11.0/junit-jupiter-params-5.11.0.pom
2024-09-18 15:04:35,913 [AetherRepositoryConnector-repo.maven.apache.org-1-1] INFO  o.e.m.c.i.e.AbstractTransferListenerAdapter - Downloading https://repo.maven.apache.org/maven2/org/opentest4j/opentest4j/1.3.0/opentest4j-1.3.0.jar
2024-09-18 15:04:35,924 [AetherRepositoryConnector-repo.maven.apache.org-1-0] INFO  o.e.m.c.i.e.AbstractTransferListenerAdapter - Downloading https://repo.maven.apache.org/maven2/org/junit/jupiter/junit-jupiter-api/5.11.0/junit-jupiter-api-5.11.0.jar
2024-09-18 15:04:35,965 [AetherRepositoryConnector-repo.maven.apache.org-1-2] INFO  o.e.m.c.i.e.AbstractTransferListenerAdapter - Downloading https://repo.maven.apache.org/maven2/org/junit/platform/junit-platform-commons/1.11.0/junit-platform-commons-1.11.0.jar
2024-09-18 15:04:35,965 [AetherRepositoryConnector-repo.maven.apache.org-1-3] INFO  o.e.m.c.i.e.AbstractTransferListenerAdapter - Downloading https://repo.maven.apache.org/maven2/org/apiguardian/apiguardian-api/1.1.2/apiguardian-api-1.1.2.jar
2024-09-18 15:04:35,965 [AetherRepositoryConnector-repo.maven.apache.org-1-4] INFO  o.e.m.c.i.e.AbstractTransferListenerAdapter - Downloading https://repo.maven.apache.org/maven2/org/junit/jupiter/junit-jupiter-params/5.11.0/junit-jupiter-params-5.11.0.jar
2024-09-18 15:04:35,998 [AetherRepositoryConnector-repo.maven.apache.org-1-1] INFO  o.e.m.c.i.e.AbstractTransferListenerAdapter - Downloaded https://repo.maven.apache.org/maven2/org/opentest4j/opentest4j/1.3.0/opentest4j-1.3.0.jar
2024-09-18 15:04:36,022 [AetherRepositoryConnector-repo.maven.apache.org-1-3] INFO  o.e.m.c.i.e.AbstractTransferListenerAdapter - Downloaded https://repo.maven.apache.org/maven2/org/apiguardian/apiguardian-api/1.1.2/apiguardian-api-1.1.2.jar
2024-09-18 15:04:36,025 [AetherRepositoryConnector-repo.maven.apache.org-1-0] INFO  o.e.m.c.i.e.AbstractTransferListenerAdapter - Downloaded https://repo.maven.apache.org/maven2/org/junit/jupiter/junit-jupiter-api/5.11.0/junit-jupiter-api-5.11.0.jar
2024-09-18 15:04:36,030 [AetherRepositoryConnector-repo.maven.apache.org-1-2] INFO  o.e.m.c.i.e.AbstractTransferListenerAdapter - Downloaded https://repo.maven.apache.org/maven2/org/junit/platform/junit-platform-commons/1.11.0/junit-platform-commons-1.11.0.jar
2024-09-18 15:04:36,043 [AetherRepositoryConnector-repo.maven.apache.org-1-4] INFO  o.e.m.c.i.e.AbstractTransferListenerAdapter - Downloaded https://repo.maven.apache.org/maven2/org/junit/jupiter/junit-jupiter-params/5.11.0/junit-jupiter-params-5.11.0.jar
2024-09-18 15:04:37,191 [Worker-23: Creating maven-archetype-quickstart] INFO  o.e.m.c.i.l.LifecycleMappingFactory - Using org.eclipse.m2e.jdt.JarLifecycleMapping lifecycle mapping for MavenProject: ckd:ckd:0.0.1-SNAPSHOT @ C:\Users\2155644\eclipse-workspace\SeleniumAutomation\ckd\pom.xml.
2024-09-18 15:04:37,993 [Worker-23: Creating maven-archetype-quickstart] INFO  o.e.m.c.i.e.AbstractTransferListenerAdapter - Downloading https://repo.maven.apache.org/maven2/org/apache/maven/plugins/maven-resources-plugin/3.3.1/maven-resources-plugin-3.3.1.pom
2024-09-18 15:04:38,012 [Worker-23: Creating maven-archetype-quickstart] INFO  o.e.m.c.i.e.AbstractTransferListenerAdapter - Downloaded https://repo.maven.apache.org/maven2/org/apache/maven/plugins/maven-resources-plugin/3.3.1/maven-resources-plugin-3.3.1.pom
2024-09-18 15:04:38,034 [Worker-23: Creating maven-archetype-quickstart] INFO  o.e.m.c.i.e.AbstractTransferListenerAdapter - Downloading https://repo.maven.apache.org/maven2/org/apache/maven/plugins/maven-plugins/39/maven-plugins-39.pom
2024-09-18 15:04:38,055 [Worker-23: Creating maven-archetype-quickstart] INFO  o.e.m.c.i.e.AbstractTransferListenerAdapter - Downloaded https://repo.maven.apache.org/maven2/org/apache/maven/plugins/maven-plugins/39/maven-plugins-39.pom
2024-09-18 15:04:38,128 [Worker-23: Creating maven-archetype-quickstart] INFO  o.e.m.c.i.e.AbstractTransferListenerAdapter - Downloading https://repo.maven.apache.org/maven2/org/codehaus/plexus/plexus-interpolation/1.26/plexus-interpolation-1.26.pom
2024-09-18 15:04:38,148 [Worker-23: Creating maven-archetype-quickstart] INFO  o.e.m.c.i.e.AbstractTransferListenerAdapter - Downloaded https://repo.maven.apache.org/maven2/org/codehaus/plexus/plexus-interpolation/1.26/plexus-interpolation-1.26.pom
2024-09-18 15:04:38,169 [Worker-23: Creating maven-archetype-quickstart] INFO  o.e.m.c.i.e.AbstractTransferListenerAdapter - Downloading https://repo.maven.apache.org/maven2/org/codehaus/plexus/plexus/5.1/plexus-5.1.pom
2024-09-18 15:04:38,189 [Worker-23: Creating maven-archetype-quickstart] INFO  o.e.m.c.i.e.AbstractTransferListenerAdapter - Downloaded https://repo.maven.apache.org/maven2/org/codehaus/plexus/plexus/5.1/plexus-5.1.pom
2024-09-18 15:04:38,214 [Worker-23: Creating maven-archetype-quickstart] INFO  o.e.m.c.i.e.AbstractTransferListenerAdapter - Downloading https://repo.maven.apache.org/maven2/org/codehaus/plexus/plexus-utils/3.5.1/plexus-utils-3.5.1.pom
2024-09-18 15:04:38,240 [Worker-23: Creating maven-archetype-quickstart] INFO  o.e.m.c.i.e.AbstractTransferListenerAdapter - Downloaded https://repo.maven.apache.org/maven2/org/codehaus/plexus/plexus-utils/3.5.1/plexus-utils-3.5.1.pom
2024-09-18 15:04:38,268 [Worker-23: Creating maven-archetype-quickstart] INFO  o.e.m.c.i.e.AbstractTransferListenerAdapter - Downloading https://repo.maven.apache.org/maven2/org/codehaus/plexus/plexus/10/plexus-10.pom
2024-09-18 15:04:38,285 [Worker-23: Creating maven-archetype-quickstart] INFO  o.e.m.c.i.e.AbstractTransferListenerAdapter - Downloaded https://repo.maven.apache.org/maven2/org/codehaus/plexus/plexus/10/plexus-10.pom
2024-09-18 15:04:38,306 [Worker-23: Creating maven-archetype-quickstart] INFO  o.e.m.c.i.e.AbstractTransferListenerAdapter - Downloading https://repo.maven.apache.org/maven2/org/apache/maven/shared/maven-filtering/3.3.1/maven-filtering-3.3.1.pom
2024-09-18 15:04:38,330 [Worker-23: Creating maven-archetype-quickstart] INFO  o.e.m.c.i.e.AbstractTransferListenerAdapter - Downloaded https://repo.maven.apache.org/maven2/org/apache/maven/shared/maven-filtering/3.3.1/maven-filtering-3.3.1.pom
2024-09-18 15:04:38,381 [Worker-23: Creating maven-archetype-quickstart] INFO  o.e.m.c.i.e.AbstractTransferListenerAdapter - Downloading https://repo.maven.apache.org/maven2/org/codehaus/plexus/plexus-utils/3.5.0/plexus-utils-3.5.0.pom
2024-09-18 15:04:38,401 [Worker-23: Creating maven-archetype-quickstart] INFO  o.e.m.c.i.e.AbstractTransferListenerAdapter - Downloaded https://repo.maven.apache.org/maven2/org/codehaus/plexus/plexus-utils/3.5.0/plexus-utils-3.5.0.pom
2024-09-18 15:04:38,429 [Worker-23: Creating maven-archetype-quickstart] INFO  o.e.m.c.i.e.AbstractTransferListenerAdapter - Downloading https://repo.maven.apache.org/maven2/org/apache/commons/commons-lang3/3.12.0/commons-lang3-3.12.0.pom
2024-09-18 15:04:38,444 [Worker-23: Creating maven-archetype-quickstart] INFO  o.e.m.c.i.e.AbstractTransferListenerAdapter - Downloaded https://repo.maven.apache.org/maven2/org/apache/commons/commons-lang3/3.12.0/commons-lang3-3.12.0.pom
2024-09-18 15:04:38,463 [Worker-23: Creating maven-archetype-quickstart] INFO  o.e.m.c.i.e.AbstractTransferListenerAdapter - Downloading https://repo.maven.apache.org/maven2/org/junit/junit-bom/5.7.1/junit-bom-5.7.1.pom
2024-09-18 15:04:38,480 [Worker-23: Creating maven-archetype-quickstart] INFO  o.e.m.c.i.e.AbstractTransferListenerAdapter - Downloaded https://repo.maven.apache.org/maven2/org/junit/junit-bom/5.7.1/junit-bom-5.7.1.pom
2024-09-18 15:04:38,523 [AetherRepositoryConnector-repo.maven.apache.org-2-1] INFO  o.e.m.c.i.e.AbstractTransferListenerAdapter - Downloading https://repo.maven.apache.org/maven2/org/codehaus/plexus/plexus-utils/3.5.1/plexus-utils-3.5.1.jar
2024-09-18 15:04:38,527 [AetherRepositoryConnector-repo.maven.apache.org-2-0] INFO  o.e.m.c.i.e.AbstractTransferListenerAdapter - Downloading https://repo.maven.apache.org/maven2/org/codehaus/plexus/plexus-interpolation/1.26/plexus-interpolation-1.26.jar
2024-09-18 15:04:38,530 [AetherRepositoryConnector-repo.maven.apache.org-2-2] INFO  o.e.m.c.i.e.AbstractTransferListenerAdapter - Downloading https://repo.maven.apache.org/maven2/org/apache/maven/shared/maven-filtering/3.3.1/maven-filtering-3.3.1.jar
2024-09-18 15:04:38,531 [AetherRepositoryConnector-repo.maven.apache.org-2-3] INFO  o.e.m.c.i.e.AbstractTransferListenerAdapter - Downloading https://repo.maven.apache.org/maven2/org/apache/commons/commons-lang3/3.12.0/commons-lang3-3.12.0.jar
2024-09-18 15:04:38,551 [AetherRepositoryConnector-repo.maven.apache.org-2-1] INFO  o.e.m.c.i.e.AbstractTransferListenerAdapter - Downloaded https://repo.maven.apache.org/maven2/org/codehaus/plexus/plexus-utils/3.5.1/plexus-utils-3.5.1.jar
2024-09-18 15:04:38,568 [AetherRepositoryConnector-repo.maven.apache.org-2-2] INFO  o.e.m.c.i.e.AbstractTransferListenerAdapter - Downloaded https://repo.maven.apache.org/maven2/org/apache/maven/shared/maven-filtering/3.3.1/maven-filtering-3.3.1.jar
2024-09-18 15:04:38,570 [AetherRepositoryConnector-repo.maven.apache.org-2-0] INFO  o.e.m.c.i.e.AbstractTransferListenerAdapter - Downloaded https://repo.maven.apache.org/maven2/org/codehaus/plexus/plexus-interpolation/1.26/plexus-interpolation-1.26.jar
2024-09-18 15:04:38,576 [AetherRepositoryConnector-repo.maven.apache.org-2-3] INFO  o.e.m.c.i.e.AbstractTransferListenerAdapter - Downloaded https://repo.maven.apache.org/maven2/org/apache/commons/commons-lang3/3.12.0/commons-lang3-3.12.0.jar
2024-09-18 15:04:39,122 [Worker-28: Download sources and javadoc] INFO  o.e.m.c.i.e.AbstractTransferListenerAdapter - Downloading https://repo.maven.apache.org/maven2/org/junit/jupiter/junit-jupiter-api/5.11.0/junit-jupiter-api-5.11.0-sources.jar
2024-09-18 15:04:39,224 [Worker-28: Download sources and javadoc] INFO  o.e.m.c.i.e.AbstractTransferListenerAdapter - Downloaded https://repo.maven.apache.org/maven2/org/junit/jupiter/junit-jupiter-api/5.11.0/junit-jupiter-api-5.11.0-sources.jar
2024-09-18 15:04:39,491 [Worker-23: Creating maven-archetype-quickstart] INFO  o.e.m.j.i.AbstractJavaProjectConfigurator - Adding source folder /ckd/src/main/java
2024-09-18 15:04:39,520 [Worker-23: Creating maven-archetype-quickstart] INFO  o.e.m.j.i.AbstractJavaProjectConfigurator - Adding source folder /ckd/src/test/java
2024-09-18 15:04:39,768 [Worker-28: Download sources and javadoc] INFO  o.e.m.j.internal.DownloadSourcesJob - Downloaded sources for org.junit.jupiter:junit-jupiter-api:5.11.0
2024-09-18 15:04:39,869 [Worker-28: Download sources and javadoc] INFO  o.e.m.c.i.e.AbstractTransferListenerAdapter - Downloading https://repo.maven.apache.org/maven2/org/opentest4j/opentest4j/1.3.0/opentest4j-1.3.0-sources.jar
2024-09-18 15:04:39,902 [Worker-28: Download sources and javadoc] INFO  o.e.m.c.i.e.AbstractTransferListenerAdapter - Downloaded https://repo.maven.apache.org/maven2/org/opentest4j/opentest4j/1.3.0/opentest4j-1.3.0-sources.jar
2024-09-18 15:04:40,188 [Worker-28: Download sources and javadoc] INFO  o.e.m.j.internal.DownloadSourcesJob - Downloaded sources for org.opentest4j:opentest4j:1.3.0
2024-09-18 15:04:40,299 [Worker-28: Download sources and javadoc] INFO  o.e.m.c.i.e.AbstractTransferListenerAdapter - Downloading https://repo.maven.apache.org/maven2/org/junit/platform/junit-platform-commons/1.11.0/junit-platform-commons-1.11.0-sources.jar
2024-09-18 15:04:40,345 [Worker-28: Download sources and javadoc] INFO  o.e.m.c.i.e.AbstractTransferListenerAdapter - Downloaded https://repo.maven.apache.org/maven2/org/junit/platform/junit-platform-commons/1.11.0/junit-platform-commons-1.11.0-sources.jar
2024-09-18 15:04:40,411 [Worker-23: Creating maven-archetype-quickstart] INFO  o.e.m.c.i.p.ProjectConfigurationManager - Imported and configured 1 project(s) in 14 sec
2024-09-18 15:04:40,719 [Worker-28: Download sources and javadoc] INFO  o.e.m.j.internal.DownloadSourcesJob - Downloaded sources for org.junit.platform:junit-platform-commons:1.11.0
2024-09-18 15:04:40,852 [Worker-28: Download sources and javadoc] INFO  o.e.m.c.i.e.AbstractTransferListenerAdapter - Downloading https://repo.maven.apache.org/maven2/org/apiguardian/apiguardian-api/1.1.2/apiguardian-api-1.1.2-sources.jar
2024-09-18 15:04:40,889 [Worker-28: Download sources and javadoc] INFO  o.e.m.c.i.e.AbstractTransferListenerAdapter - Downloaded https://repo.maven.apache.org/maven2/org/apiguardian/apiguardian-api/1.1.2/apiguardian-api-1.1.2-sources.jar
2024-09-18 15:04:41,538 [Worker-27: Building] INFO  o.a.m.s.f.DefaultMavenResourcesFiltering - skip non existing resourceDirectory C:\Users\2155644\eclipse-workspace\SeleniumAutomation\ckd\src\main\resources
2024-09-18 15:04:41,541 [Worker-27: Building] INFO  o.a.m.s.f.DefaultMavenResourcesFiltering - skip non existing resourceDirectory C:\Users\2155644\eclipse-workspace\SeleniumAutomation\ckd\src\test\resources
2024-09-18 15:04:41,558 [Worker-28: Download sources and javadoc] INFO  o.e.m.j.internal.DownloadSourcesJob - Downloaded sources for org.apiguardian:apiguardian-api:1.1.2
2024-09-18 15:04:41,660 [Worker-28: Download sources and javadoc] INFO  o.e.m.c.i.e.AbstractTransferListenerAdapter - Downloading https://repo.maven.apache.org/maven2/org/junit/jupiter/junit-jupiter-params/5.11.0/junit-jupiter-params-5.11.0-sources.jar
2024-09-18 15:04:41,720 [Worker-28: Download sources and javadoc] INFO  o.e.m.c.i.e.AbstractTransferListenerAdapter - Downloaded https://repo.maven.apache.org/maven2/org/junit/jupiter/junit-jupiter-params/5.11.0/junit-jupiter-params-5.11.0-sources.jar
2024-09-18 15:04:41,963 [Worker-28: Download sources and javadoc] INFO  o.e.m.j.internal.DownloadSourcesJob - Downloaded sources for org.junit.jupiter:junit-jupiter-params:5.11.0
2024-09-18 15:04:42,570 [Worker-27: Building] INFO  o.a.m.s.f.DefaultMavenResourcesFiltering - skip non existing resourceDirectory C:\Users\2155644\eclipse-workspace\SeleniumAutomation\ckd\src\main\resources
2024-09-18 15:04:42,573 [Worker-27: Building] INFO  o.a.m.s.f.DefaultMavenResourcesFiltering - skip non existing resourceDirectory C:\Users\2155644\eclipse-workspace\SeleniumAutomation\ckd\src\test\resources
2024-09-18 15:05:33,464 [Worker-24: Building] INFO  o.e.m.c.i.l.LifecycleMappingFactory - Using org.eclipse.m2e.jdt.JarLifecycleMapping lifecycle mapping for MavenProject: ckd:ckd:0.0.1-SNAPSHOT @ C:\Users\2155644\eclipse-workspace\SeleniumAutomation\CKDJPN\pom.xml.
2024-09-18 15:05:33,804 [Worker-24: Building] INFO  o.a.m.s.f.DefaultMavenResourcesFiltering - skip non existing resourceDirectory C:\Users\2155644\eclipse-workspace\SeleniumAutomation\CKDJPN\src\main\resources
2024-09-18 15:05:33,810 [Worker-24: Building] INFO  o.a.m.s.f.DefaultMavenResourcesFiltering - skip non existing resourceDirectory C:\Users\2155644\eclipse-workspace\SeleniumAutomation\CKDJPN\src\test\resources
2024-09-18 15:05:35,036 [Worker-30: Building] INFO  o.a.m.s.f.DefaultMavenResourcesFiltering - skip non existing resourceDirectory C:\Users\2155644\eclipse-workspace\SeleniumAutomation\CKDJPN\src\main\resources
2024-09-18 15:05:35,038 [Worker-30: Building] INFO  o.a.m.s.f.DefaultMavenResourcesFiltering - skip non existing resourceDirectory C:\Users\2155644\eclipse-workspace\SeleniumAutomation\CKDJPN\src\test\resources
2024-10-14 17:00:42,164 [Worker-2: Loading available Gradle versions] INFO  o.e.b.c.i.u.g.PublishedGradleVersions - Gradle version information cache is out-of-date. Trying to update.
2024-10-15 17:12:25,892 [Worker-25: Building] INFO  o.a.m.s.f.DefaultMavenResourcesFiltering - skip non existing resourceDirectory C:\Users\2155644\eclipse-workspace\SeleniumAutomation\CKDJPN\src\main\resources
2024-10-15 17:12:25,976 [Worker-25: Building] INFO  o.a.m.s.f.DefaultMavenResourcesFiltering - skip non existing resourceDirectory C:\Users\2155644\eclipse-workspace\SeleniumAutomation\CKDJPN\src\test\resources
2024-10-15 17:12:27,033 [Worker-25: Building] INFO  o.e.m.c.i.embedder.EclipseLogger - Using 'UTF-8' encoding to copy filtered resources.
2024-10-15 17:12:27,033 [Worker-25: Building] INFO  o.e.m.c.i.embedder.EclipseLogger - skip non existing resourceDirectory C:\Users\2155644\eclipse-workspace\SeleniumAutomation\GPPJPN\src\main\resources
2024-10-15 17:12:27,036 [Worker-25: Building] INFO  o.e.m.c.i.embedder.EclipseLogger - Using 'UTF-8' encoding to copy filtered resources.
2024-10-15 17:12:27,039 [Worker-25: Building] INFO  o.e.m.c.i.embedder.EclipseLogger - Copying 3 resources
2024-10-15 17:12:27,855 [Worker-25: Building] WARN  o.e.m.c.i.embedder.EclipseLogger - Using platform encoding (Cp1252 actually) to copy filtered resources, i.e. build is platform dependent!
2024-10-15 17:12:27,859 [Worker-25: Building] INFO  o.e.m.c.i.embedder.EclipseLogger - Copying 0 resource
2024-10-15 17:12:27,862 [Worker-25: Building] WARN  o.e.m.c.i.embedder.EclipseLogger - Using platform encoding (Cp1252 actually) to copy filtered resources, i.e. build is platform dependent!
2024-10-15 17:12:27,863 [Worker-25: Building] INFO  o.e.m.c.i.embedder.EclipseLogger - Copying 0 resource
2024-10-15 17:12:36,514 [Worker-25: Building] INFO  o.e.m.c.i.embedder.EclipseLogger - Using 'UTF-8' encoding to copy filtered resources.
2024-10-15 17:12:36,514 [Worker-25: Building] INFO  o.e.m.c.i.embedder.EclipseLogger - skip non existing resourceDirectory C:\Users\2155644\eclipse-workspace\SeleniumAutomation\seleniumJPN\src\main\resources
2024-10-15 17:12:36,516 [Worker-25: Building] INFO  o.e.m.c.i.embedder.EclipseLogger - Using 'UTF-8' encoding to copy filtered resources.
2024-10-15 17:12:36,517 [Worker-25: Building] INFO  o.e.m.c.i.embedder.EclipseLogger - skip non existing resourceDirectory C:\Users\2155644\eclipse-workspace\SeleniumAutomation\seleniumJPN\src\test\resources
2024-10-20 17:00:27,921 [Worker-4: Loading available Gradle versions] INFO  o.e.b.c.i.u.g.PublishedGradleVersions - Gradle version information cache is out-of-date. Trying to update.
2024-10-20 17:00:58,006 [Worker-6: Building] INFO  o.a.m.s.f.DefaultMavenResourcesFiltering - skip non existing resourceDirectory C:\Users\2155644\eclipse-workspace\SeleniumAutomation\CKDJPN\src\main\resources
2024-10-20 17:00:58,015 [Worker-6: Building] INFO  o.a.m.s.f.DefaultMavenResourcesFiltering - skip non existing resourceDirectory C:\Users\2155644\eclipse-workspace\SeleniumAutomation\CKDJPN\src\test\resources
2024-10-21 12:56:33,040 [Worker-3: Loading available Gradle versions] INFO  o.e.b.c.i.u.g.PublishedGradleVersions - Gradle version information cache is up-to-date. Trying to read.
2024-10-21 13:00:45,930 [Worker-22: Building] INFO  o.a.m.s.f.DefaultMavenResourcesFiltering - skip non existing resourceDirectory C:\Users\2155644\eclipse-workspace\SeleniumAutomation\CKDJPN\src\main\resources
2024-10-21 13:00:46,015 [Worker-22: Building] INFO  o.a.m.s.f.DefaultMavenResourcesFiltering - skip non existing resourceDirectory C:\Users\2155644\eclipse-workspace\SeleniumAutomation\CKDJPN\src\test\resources
2024-11-06 15:19:40,183 [Worker-2: Loading available Gradle versions] INFO  o.e.b.c.i.u.g.PublishedGradleVersions - Gradle version information cache is out-of-date. Trying to update.
2024-11-06 15:33:04,881 [Worker-22: Building] INFO  o.a.m.s.f.DefaultMavenResourcesFiltering - skip non existing resourceDirectory C:\Users\2155644\eclipse-workspace\SeleniumAutomation\CKDJPN\src\main\resources
2024-11-06 15:33:04,883 [Worker-22: Building] INFO  o.a.m.s.f.DefaultMavenResourcesFiltering - skip non existing resourceDirectory C:\Users\2155644\eclipse-workspace\SeleniumAutomation\CKDJPN\src\test\resources
2024-11-14 16:16:45,295 [Worker-4: Loading available Gradle versions] INFO  o.e.b.c.i.u.g.PublishedGradleVersions - Gradle version information cache is out-of-date. Trying to update.
2024-11-14 16:17:18,913 [Worker-8: Building] INFO  o.a.m.s.f.DefaultMavenResourcesFiltering - skip non existing resourceDirectory C:\Users\2155644\eclipse-workspace\SeleniumAutomation\CKDJPN\src\main\resources
2024-11-14 16:17:18,919 [Worker-8: Building] INFO  o.a.m.s.f.DefaultMavenResourcesFiltering - skip non existing resourceDirectory C:\Users\2155644\eclipse-workspace\SeleniumAutomation\CKDJPN\src\test\resources
2024-11-16 15:26:20,181 [Worker-4: Loading available Gradle versions] INFO  o.e.b.c.i.u.g.PublishedGradleVersions - Gradle version information cache is out-of-date. Trying to update.
2024-11-16 15:26:47,285 [Worker-7: Building] INFO  o.a.m.s.f.DefaultMavenResourcesFiltering - skip non existing resourceDirectory C:\Users\2155644\eclipse-workspace\SeleniumAutomation\CKDJPN\src\main\resources
2024-11-16 15:26:47,456 [Worker-7: Building] INFO  o.a.m.s.f.DefaultMavenResourcesFiltering - skip non existing resourceDirectory C:\Users\2155644\eclipse-workspace\SeleniumAutomation\CKDJPN\src\test\resources
2024-11-23 16:38:59,835 [Worker-3: Loading available Gradle versions] INFO  o.e.b.c.i.u.g.PublishedGradleVersions - Gradle version information cache is out-of-date. Trying to update.
2024-11-23 16:39:50,810 [Worker-2: Building] INFO  o.a.m.s.f.DefaultMavenResourcesFiltering - skip non existing resourceDirectory C:\Users\2155644\eclipse-workspace\SeleniumAutomation\CKDJPN\src\main\resources
2024-11-23 16:39:50,814 [Worker-2: Building] INFO  o.a.m.s.f.DefaultMavenResourcesFiltering - skip non existing resourceDirectory C:\Users\2155644\eclipse-workspace\SeleniumAutomation\CKDJPN\src\test\resources
2024-11-25 16:37:37,125 [Worker-4: Loading available Gradle versions] INFO  o.e.b.c.i.u.g.PublishedGradleVersions - Gradle version information cache is out-of-date. Trying to update.
2024-11-25 16:40:04,139 [Worker-6: Creating maven-archetype-quickstart] INFO  o.e.m.c.i.p.ProjectConfigurationManager - Collecting project info '/pom.xml' C:\Users\2155644\eclipse-workspace\SeleniumAutomation\SeleniumSessionNov\pom.xml
2024-11-25 16:40:05,701 [Worker-6: Creating maven-archetype-quickstart] INFO  o.e.m.c.i.l.LifecycleMappingFactory - Using org.eclipse.m2e.jdt.JarLifecycleMapping lifecycle mapping for MavenProject: SeleniumSessionNov:SeleniumSessionNov:0.0.1-SNAPSHOT @ C:\Users\2155644\eclipse-workspace\SeleniumAutomation\SeleniumSessionNov\pom.xml.
2024-11-25 16:40:06,750 [Worker-6: Creating maven-archetype-quickstart] INFO  o.e.m.j.i.AbstractJavaProjectConfigurator - Adding source folder /SeleniumSessionNov/src/main/java
2024-11-25 16:40:06,766 [Worker-6: Creating maven-archetype-quickstart] INFO  o.e.m.j.i.AbstractJavaProjectConfigurator - Adding source folder /SeleniumSessionNov/src/test/java
2024-11-25 16:40:06,969 [Worker-6: Creating maven-archetype-quickstart] INFO  o.e.m.c.i.p.ProjectConfigurationManager - Imported and configured 1 project(s) in 2 sec
2024-11-25 16:40:07,722 [Worker-8: Building] INFO  o.a.m.s.f.DefaultMavenResourcesFiltering - skip non existing resourceDirectory C:\Users\2155644\eclipse-workspace\SeleniumAutomation\CKDJPN\src\main\resources
2024-11-25 16:40:07,725 [Worker-8: Building] INFO  o.a.m.s.f.DefaultMavenResourcesFiltering - skip non existing resourceDirectory C:\Users\2155644\eclipse-workspace\SeleniumAutomation\CKDJPN\src\test\resources
2024-11-25 16:40:07,851 [Worker-8: Building] INFO  o.a.m.s.f.DefaultMavenResourcesFiltering - skip non existing resourceDirectory C:\Users\2155644\eclipse-workspace\SeleniumAutomation\SeleniumSessionNov\src\main\resources
2024-11-25 16:40:07,853 [Worker-8: Building] INFO  o.a.m.s.f.DefaultMavenResourcesFiltering - skip non existing resourceDirectory C:\Users\2155644\eclipse-workspace\SeleniumAutomation\SeleniumSessionNov\src\test\resources
2024-11-25 22:16:01,336 [Worker-28: Building] INFO  o.e.m.c.i.l.LifecycleMappingFactory - Using org.eclipse.m2e.jdt.JarLifecycleMapping lifecycle mapping for MavenProject: SeleniumSessionNov:SeleniumSessionNov:0.0.1-SNAPSHOT @ C:\Users\2155644\eclipse-workspace\SeleniumAutomation\SeleniumSessionNov\pom.xml.
2024-11-25 22:16:01,856 [Worker-28: Building] INFO  o.a.m.s.f.DefaultMavenResourcesFiltering - skip non existing resourceDirectory C:\Users\2155644\eclipse-workspace\SeleniumAutomation\SeleniumSessionNov\src\main\resources
2024-11-25 22:16:01,858 [Worker-28: Building] INFO  o.a.m.s.f.DefaultMavenResourcesFiltering - skip non existing resourceDirectory C:\Users\2155644\eclipse-workspace\SeleniumAutomation\SeleniumSessionNov\src\test\resources
2024-11-25 22:16:03,081 [Worker-28: Download sources and javadoc] INFO  o.e.m.c.i.e.AbstractTransferListenerAdapter - Downloading https://repo.maven.apache.org/maven2/org/seleniumhq/selenium/selenium-java/4.25.0/selenium-java-4.25.0-sources.jar
2024-11-25 22:16:03,106 [Worker-28: Download sources and javadoc] INFO  o.e.m.c.i.e.AbstractTransferListenerAdapter - Downloaded https://repo.maven.apache.org/maven2/org/seleniumhq/selenium/selenium-java/4.25.0/selenium-java-4.25.0-sources.jar
2024-11-25 22:16:03,112 [Worker-28: Download sources and javadoc] INFO  o.e.m.j.internal.DownloadSourcesJob - Downloaded sources for org.seleniumhq.selenium:selenium-java:4.25.0
2024-11-25 22:16:03,169 [Worker-28: Download sources and javadoc] INFO  o.e.m.c.i.e.AbstractTransferListenerAdapter - Downloading https://repo.maven.apache.org/maven2/org/seleniumhq/selenium/selenium-api/4.25.0/selenium-api-4.25.0-sources.jar
2024-11-25 22:16:03,220 [Worker-28: Download sources and javadoc] INFO  o.e.m.c.i.e.AbstractTransferListenerAdapter - Downloaded https://repo.maven.apache.org/maven2/org/seleniumhq/selenium/selenium-api/4.25.0/selenium-api-4.25.0-sources.jar
2024-11-25 22:16:03,225 [Worker-28: Download sources and javadoc] INFO  o.e.m.j.internal.DownloadSourcesJob - Downloaded sources for org.seleniumhq.selenium:selenium-api:4.25.0
2024-11-25 22:16:03,281 [Worker-28: Download sources and javadoc] INFO  o.e.m.c.i.e.AbstractTransferListenerAdapter - Downloading https://repo.maven.apache.org/maven2/org/jspecify/jspecify/1.0.0/jspecify-1.0.0-sources.jar
2024-11-25 22:16:03,303 [Worker-28: Download sources and javadoc] INFO  o.e.m.c.i.e.AbstractTransferListenerAdapter - Downloaded https://repo.maven.apache.org/maven2/org/jspecify/jspecify/1.0.0/jspecify-1.0.0-sources.jar
2024-11-25 22:16:03,306 [Worker-28: Download sources and javadoc] INFO  o.e.m.j.internal.DownloadSourcesJob - Downloaded sources for org.jspecify:jspecify:1.0.0
2024-11-25 22:16:03,361 [Worker-28: Download sources and javadoc] INFO  o.e.m.c.i.e.AbstractTransferListenerAdapter - Downloading https://repo.maven.apache.org/maven2/org/seleniumhq/selenium/selenium-chrome-driver/4.25.0/selenium-chrome-driver-4.25.0-sources.jar
2024-11-25 22:16:03,384 [Worker-28: Download sources and javadoc] INFO  o.e.m.c.i.e.AbstractTransferListenerAdapter - Downloaded https://repo.maven.apache.org/maven2/org/seleniumhq/selenium/selenium-chrome-driver/4.25.0/selenium-chrome-driver-4.25.0-sources.jar
2024-11-25 22:16:03,388 [Worker-28: Download sources and javadoc] INFO  o.e.m.j.internal.DownloadSourcesJob - Downloaded sources for org.seleniumhq.selenium:selenium-chrome-driver:4.25.0
2024-11-25 22:16:03,435 [Worker-28: Download sources and javadoc] INFO  o.e.m.c.i.e.AbstractTransferListenerAdapter - Downloading https://repo.maven.apache.org/maven2/org/seleniumhq/selenium/selenium-chromium-driver/4.25.0/selenium-chromium-driver-4.25.0-sources.jar
2024-11-25 22:16:03,459 [Worker-28: Download sources and javadoc] INFO  o.e.m.c.i.e.AbstractTransferListenerAdapter - Downloaded https://repo.maven.apache.org/maven2/org/seleniumhq/selenium/selenium-chromium-driver/4.25.0/selenium-chromium-driver-4.25.0-sources.jar
2024-11-25 22:16:03,463 [Worker-28: Download sources and javadoc] INFO  o.e.m.j.internal.DownloadSourcesJob - Downloaded sources for org.seleniumhq.selenium:selenium-chromium-driver:4.25.0
2024-11-25 22:16:03,515 [Worker-28: Download sources and javadoc] INFO  o.e.m.c.i.e.AbstractTransferListenerAdapter - Downloading https://repo.maven.apache.org/maven2/org/seleniumhq/selenium/selenium-json/4.25.0/selenium-json-4.25.0-sources.jar
2024-11-25 22:16:03,542 [Worker-28: Download sources and javadoc] INFO  o.e.m.c.i.e.AbstractTransferListenerAdapter - Downloaded https://repo.maven.apache.org/maven2/org/seleniumhq/selenium/selenium-json/4.25.0/selenium-json-4.25.0-sources.jar
2024-11-25 22:16:03,545 [Worker-28: Download sources and javadoc] INFO  o.e.m.j.internal.DownloadSourcesJob - Downloaded sources for org.seleniumhq.selenium:selenium-json:4.25.0
2024-11-25 22:16:03,601 [Worker-28: Download sources and javadoc] INFO  o.e.m.c.i.e.AbstractTransferListenerAdapter - Downloading https://repo.maven.apache.org/maven2/org/seleniumhq/selenium/selenium-manager/4.25.0/selenium-manager-4.25.0-sources.jar
2024-11-25 22:16:03,637 [Worker-28: Download sources and javadoc] INFO  o.e.m.c.i.e.AbstractTransferListenerAdapter - Downloaded https://repo.maven.apache.org/maven2/org/seleniumhq/selenium/selenium-manager/4.25.0/selenium-manager-4.25.0-sources.jar
2024-11-25 22:16:03,642 [Worker-28: Download sources and javadoc] INFO  o.e.m.j.internal.DownloadSourcesJob - Downloaded sources for org.seleniumhq.selenium:selenium-manager:4.25.0
2024-11-25 22:16:03,719 [Worker-28: Download sources and javadoc] INFO  o.e.m.c.i.e.AbstractTransferListenerAdapter - Downloading https://repo.maven.apache.org/maven2/org/seleniumhq/selenium/selenium-devtools-v127/4.25.0/selenium-devtools-v127-4.25.0-sources.jar
2024-11-25 22:16:03,770 [Worker-29: Building] INFO  o.a.m.s.f.DefaultMavenResourcesFiltering - skip non existing resourceDirectory C:\Users\2155644\eclipse-workspace\SeleniumAutomation\SeleniumSessionNov\src\main\resources
2024-11-25 22:16:03,773 [Worker-29: Building] INFO  o.a.m.s.f.DefaultMavenResourcesFiltering - skip non existing resourceDirectory C:\Users\2155644\eclipse-workspace\SeleniumAutomation\SeleniumSessionNov\src\test\resources
2024-11-25 22:16:03,826 [Worker-28: Download sources and javadoc] INFO  o.e.m.c.i.e.AbstractTransferListenerAdapter - Downloaded https://repo.maven.apache.org/maven2/org/seleniumhq/selenium/selenium-devtools-v127/4.25.0/selenium-devtools-v127-4.25.0-sources.jar
2024-11-25 22:16:03,831 [Worker-28: Download sources and javadoc] INFO  o.e.m.j.internal.DownloadSourcesJob - Downloaded sources for org.seleniumhq.selenium:selenium-devtools-v127:4.25.0
2024-11-25 22:16:03,905 [Worker-28: Download sources and javadoc] INFO  o.e.m.c.i.e.AbstractTransferListenerAdapter - Downloading https://repo.maven.apache.org/maven2/org/seleniumhq/selenium/selenium-devtools-v128/4.25.0/selenium-devtools-v128-4.25.0-sources.jar
2024-11-25 22:16:04,007 [Worker-28: Download sources and javadoc] INFO  o.e.m.c.i.e.AbstractTransferListenerAdapter - Downloaded https://repo.maven.apache.org/maven2/org/seleniumhq/selenium/selenium-devtools-v128/4.25.0/selenium-devtools-v128-4.25.0-sources.jar
2024-11-25 22:16:04,010 [Worker-28: Download sources and javadoc] INFO  o.e.m.j.internal.DownloadSourcesJob - Downloaded sources for org.seleniumhq.selenium:selenium-devtools-v128:4.25.0
2024-11-25 22:16:04,068 [Worker-28: Download sources and javadoc] INFO  o.e.m.c.i.e.AbstractTransferListenerAdapter - Downloading https://repo.maven.apache.org/maven2/org/seleniumhq/selenium/selenium-devtools-v129/4.25.0/selenium-devtools-v129-4.25.0-sources.jar
2024-11-25 22:16:04,146 [Worker-28: Download sources and javadoc] INFO  o.e.m.c.i.e.AbstractTransferListenerAdapter - Downloaded https://repo.maven.apache.org/maven2/org/seleniumhq/selenium/selenium-devtools-v129/4.25.0/selenium-devtools-v129-4.25.0-sources.jar
2024-11-25 22:16:04,151 [Worker-28: Download sources and javadoc] INFO  o.e.m.j.internal.DownloadSourcesJob - Downloaded sources for org.seleniumhq.selenium:selenium-devtools-v129:4.25.0
2024-11-25 22:16:04,201 [Worker-28: Download sources and javadoc] INFO  o.e.m.c.i.e.AbstractTransferListenerAdapter - Downloading https://repo.maven.apache.org/maven2/org/seleniumhq/selenium/selenium-devtools-v85/4.25.0/selenium-devtools-v85-4.25.0-sources.jar
2024-11-25 22:16:04,489 [Worker-28: Download sources and javadoc] INFO  o.e.m.c.i.e.AbstractTransferListenerAdapter - Downloaded https://repo.maven.apache.org/maven2/org/seleniumhq/selenium/selenium-devtools-v85/4.25.0/selenium-devtools-v85-4.25.0-sources.jar
2024-11-25 22:16:04,492 [Worker-28: Download sources and javadoc] INFO  o.e.m.j.internal.DownloadSourcesJob - Downloaded sources for org.seleniumhq.selenium:selenium-devtools-v85:4.25.0
2024-11-25 22:16:04,567 [Worker-28: Download sources and javadoc] INFO  o.e.m.c.i.e.AbstractTransferListenerAdapter - Downloading https://repo.maven.apache.org/maven2/org/seleniumhq/selenium/selenium-edge-driver/4.25.0/selenium-edge-driver-4.25.0-sources.jar
2024-11-25 22:16:04,608 [Worker-28: Download sources and javadoc] INFO  o.e.m.c.i.e.AbstractTransferListenerAdapter - Downloaded https://repo.maven.apache.org/maven2/org/seleniumhq/selenium/selenium-edge-driver/4.25.0/selenium-edge-driver-4.25.0-sources.jar
2024-11-25 22:16:04,613 [Worker-28: Download sources and javadoc] INFO  o.e.m.j.internal.DownloadSourcesJob - Downloaded sources for org.seleniumhq.selenium:selenium-edge-driver:4.25.0
2024-11-25 22:16:04,661 [Worker-28: Download sources and javadoc] INFO  o.e.m.c.i.e.AbstractTransferListenerAdapter - Downloading https://repo.maven.apache.org/maven2/org/seleniumhq/selenium/selenium-firefox-driver/4.25.0/selenium-firefox-driver-4.25.0-sources.jar
2024-11-25 22:16:04,695 [Worker-28: Download sources and javadoc] INFO  o.e.m.c.i.e.AbstractTransferListenerAdapter - Downloaded https://repo.maven.apache.org/maven2/org/seleniumhq/selenium/selenium-firefox-driver/4.25.0/selenium-firefox-driver-4.25.0-sources.jar
2024-11-25 22:16:04,710 [Worker-28: Download sources and javadoc] INFO  o.e.m.j.internal.DownloadSourcesJob - Downloaded sources for org.seleniumhq.selenium:selenium-firefox-driver:4.25.0
2024-11-25 22:16:04,764 [Worker-28: Download sources and javadoc] INFO  o.e.m.c.i.e.AbstractTransferListenerAdapter - Downloading https://repo.maven.apache.org/maven2/org/seleniumhq/selenium/selenium-http/4.25.0/selenium-http-4.25.0-sources.jar
2024-11-25 22:16:04,807 [Worker-28: Download sources and javadoc] INFO  o.e.m.c.i.e.AbstractTransferListenerAdapter - Downloaded https://repo.maven.apache.org/maven2/org/seleniumhq/selenium/selenium-http/4.25.0/selenium-http-4.25.0-sources.jar
2024-11-25 22:16:04,812 [Worker-28: Download sources and javadoc] INFO  o.e.m.j.internal.DownloadSourcesJob - Downloaded sources for org.seleniumhq.selenium:selenium-http:4.25.0
2024-11-25 22:16:04,870 [Worker-28: Download sources and javadoc] INFO  o.e.m.c.i.e.AbstractTransferListenerAdapter - Downloading https://repo.maven.apache.org/maven2/org/seleniumhq/selenium/selenium-ie-driver/4.25.0/selenium-ie-driver-4.25.0-sources.jar
2024-11-25 22:16:04,892 [Worker-28: Download sources and javadoc] INFO  o.e.m.c.i.e.AbstractTransferListenerAdapter - Downloaded https://repo.maven.apache.org/maven2/org/seleniumhq/selenium/selenium-ie-driver/4.25.0/selenium-ie-driver-4.25.0-sources.jar
2024-11-25 22:16:04,896 [Worker-28: Download sources and javadoc] INFO  o.e.m.j.internal.DownloadSourcesJob - Downloaded sources for org.seleniumhq.selenium:selenium-ie-driver:4.25.0
2024-11-25 22:16:04,955 [Worker-28: Download sources and javadoc] INFO  o.e.m.c.i.e.AbstractTransferListenerAdapter - Downloading https://repo.maven.apache.org/maven2/org/seleniumhq/selenium/selenium-remote-driver/4.25.0/selenium-remote-driver-4.25.0-sources.jar
2024-11-25 22:16:05,018 [Worker-28: Download sources and javadoc] INFO  o.e.m.c.i.e.AbstractTransferListenerAdapter - Downloaded https://repo.maven.apache.org/maven2/org/seleniumhq/selenium/selenium-remote-driver/4.25.0/selenium-remote-driver-4.25.0-sources.jar
2024-11-25 22:16:05,022 [Worker-28: Download sources and javadoc] INFO  o.e.m.j.internal.DownloadSourcesJob - Downloaded sources for org.seleniumhq.selenium:selenium-remote-driver:4.25.0
2024-11-25 22:16:05,091 [Worker-28: Download sources and javadoc] INFO  o.e.m.c.i.e.AbstractTransferListenerAdapter - Downloading https://repo.maven.apache.org/maven2/com/google/guava/guava/33.3.0-jre/guava-33.3.0-jre-sources.jar
2024-11-25 22:16:05,214 [Worker-28: Download sources and javadoc] INFO  o.e.m.c.i.e.AbstractTransferListenerAdapter - Downloaded https://repo.maven.apache.org/maven2/com/google/guava/guava/33.3.0-jre/guava-33.3.0-jre-sources.jar
2024-11-25 22:16:05,219 [Worker-28: Download sources and javadoc] INFO  o.e.m.j.internal.DownloadSourcesJob - Downloaded sources for com.google.guava:guava:33.3.0-jre
2024-11-25 22:16:05,268 [Worker-28: Download sources and javadoc] INFO  o.e.m.c.i.e.AbstractTransferListenerAdapter - Downloading https://repo.maven.apache.org/maven2/org/checkerframework/checker-qual/3.43.0/checker-qual-3.43.0-sources.jar
2024-11-25 22:16:05,325 [Worker-28: Download sources and javadoc] INFO  o.e.m.c.i.e.AbstractTransferListenerAdapter - Downloaded https://repo.maven.apache.org/maven2/org/checkerframework/checker-qual/3.43.0/checker-qual-3.43.0-sources.jar
2024-11-25 22:16:05,329 [Worker-28: Download sources and javadoc] INFO  o.e.m.j.internal.DownloadSourcesJob - Downloaded sources for org.checkerframework:checker-qual:3.43.0
2024-11-25 22:16:05,383 [Worker-28: Download sources and javadoc] INFO  o.e.m.c.i.e.AbstractTransferListenerAdapter - Downloading https://repo.maven.apache.org/maven2/com/google/errorprone/error_prone_annotations/2.28.0/error_prone_annotations-2.28.0-sources.jar
2024-11-25 22:16:05,405 [Worker-28: Download sources and javadoc] INFO  o.e.m.c.i.e.AbstractTransferListenerAdapter - Downloaded https://repo.maven.apache.org/maven2/com/google/errorprone/error_prone_annotations/2.28.0/error_prone_annotations-2.28.0-sources.jar
2024-11-25 22:16:05,408 [Worker-28: Download sources and javadoc] INFO  o.e.m.j.internal.DownloadSourcesJob - Downloaded sources for com.google.errorprone:error_prone_annotations:2.28.0
2024-11-25 22:16:05,495 [Worker-28: Download sources and javadoc] INFO  o.e.m.c.i.e.AbstractTransferListenerAdapter - Downloading https://repo.maven.apache.org/maven2/com/google/j2objc/j2objc-annotations/3.0.0/j2objc-annotations-3.0.0-sources.jar
2024-11-25 22:16:05,512 [Worker-28: Download sources and javadoc] INFO  o.e.m.c.i.e.AbstractTransferListenerAdapter - Downloaded https://repo.maven.apache.org/maven2/com/google/j2objc/j2objc-annotations/3.0.0/j2objc-annotations-3.0.0-sources.jar
2024-11-25 22:16:05,516 [Worker-28: Download sources and javadoc] INFO  o.e.m.j.internal.DownloadSourcesJob - Downloaded sources for com.google.j2objc:j2objc-annotations:3.0.0
2024-11-25 22:16:05,566 [Worker-28: Download sources and javadoc] INFO  o.e.m.c.i.e.AbstractTransferListenerAdapter - Downloading https://repo.maven.apache.org/maven2/io/opentelemetry/semconv/opentelemetry-semconv/1.25.0-alpha/opentelemetry-semconv-1.25.0-alpha-sources.jar
2024-11-25 22:16:05,599 [Worker-28: Download sources and javadoc] INFO  o.e.m.c.i.e.AbstractTransferListenerAdapter - Downloaded https://repo.maven.apache.org/maven2/io/opentelemetry/semconv/opentelemetry-semconv/1.25.0-alpha/opentelemetry-semconv-1.25.0-alpha-sources.jar
2024-11-25 22:16:05,603 [Worker-28: Download sources and javadoc] INFO  o.e.m.j.internal.DownloadSourcesJob - Downloaded sources for io.opentelemetry.semconv:opentelemetry-semconv:1.25.0-alpha
2024-11-25 22:16:05,658 [Worker-28: Download sources and javadoc] INFO  o.e.m.c.i.e.AbstractTransferListenerAdapter - Downloading https://repo.maven.apache.org/maven2/io/opentelemetry/opentelemetry-api/1.42.1/opentelemetry-api-1.42.1-sources.jar
2024-11-25 22:16:05,697 [Worker-28: Download sources and javadoc] INFO  o.e.m.c.i.e.AbstractTransferListenerAdapter - Downloaded https://repo.maven.apache.org/maven2/io/opentelemetry/opentelemetry-api/1.42.1/opentelemetry-api-1.42.1-sources.jar
2024-11-25 22:16:05,701 [Worker-28: Download sources and javadoc] INFO  o.e.m.j.internal.DownloadSourcesJob - Downloaded sources for io.opentelemetry:opentelemetry-api:1.42.1
2024-11-25 22:16:05,759 [Worker-28: Download sources and javadoc] INFO  o.e.m.c.i.e.AbstractTransferListenerAdapter - Downloading https://repo.maven.apache.org/maven2/io/opentelemetry/opentelemetry-context/1.42.1/opentelemetry-context-1.42.1-sources.jar
2024-11-25 22:16:05,776 [Worker-28: Download sources and javadoc] INFO  o.e.m.c.i.e.AbstractTransferListenerAdapter - Downloaded https://repo.maven.apache.org/maven2/io/opentelemetry/opentelemetry-context/1.42.1/opentelemetry-context-1.42.1-sources.jar
2024-11-25 22:16:05,780 [Worker-28: Download sources and javadoc] INFO  o.e.m.j.internal.DownloadSourcesJob - Downloaded sources for io.opentelemetry:opentelemetry-context:1.42.1
2024-11-25 22:16:05,832 [Worker-28: Download sources and javadoc] INFO  o.e.m.c.i.e.AbstractTransferListenerAdapter - Downloading https://repo.maven.apache.org/maven2/io/opentelemetry/opentelemetry-exporter-logging/1.42.1/opentelemetry-exporter-logging-1.42.1-sources.jar
2024-11-25 22:16:05,851 [Worker-28: Download sources and javadoc] INFO  o.e.m.c.i.e.AbstractTransferListenerAdapter - Downloaded https://repo.maven.apache.org/maven2/io/opentelemetry/opentelemetry-exporter-logging/1.42.1/opentelemetry-exporter-logging-1.42.1-sources.jar
2024-11-25 22:16:05,855 [Worker-28: Download sources and javadoc] INFO  o.e.m.j.internal.DownloadSourcesJob - Downloaded sources for io.opentelemetry:opentelemetry-exporter-logging:1.42.1
2024-11-25 22:16:05,900 [Worker-28: Download sources and javadoc] INFO  o.e.m.c.i.e.AbstractTransferListenerAdapter - Downloading https://repo.maven.apache.org/maven2/io/opentelemetry/opentelemetry-sdk-common/1.42.1/opentelemetry-sdk-common-1.42.1-sources.jar
2024-11-25 22:16:05,921 [Worker-28: Download sources and javadoc] INFO  o.e.m.c.i.e.AbstractTransferListenerAdapter - Downloaded https://repo.maven.apache.org/maven2/io/opentelemetry/opentelemetry-sdk-common/1.42.1/opentelemetry-sdk-common-1.42.1-sources.jar
2024-11-25 22:16:05,923 [Worker-28: Download sources and javadoc] INFO  o.e.m.j.internal.DownloadSourcesJob - Downloaded sources for io.opentelemetry:opentelemetry-sdk-common:1.42.1
2024-11-25 22:16:05,977 [Worker-28: Download sources and javadoc] INFO  o.e.m.c.i.e.AbstractTransferListenerAdapter - Downloading https://repo.maven.apache.org/maven2/io/opentelemetry/opentelemetry-sdk-extension-autoconfigure-spi/1.42.1/opentelemetry-sdk-extension-autoconfigure-spi-1.42.1-sources.jar
2024-11-25 22:16:05,994 [Worker-28: Download sources and javadoc] INFO  o.e.m.c.i.e.AbstractTransferListenerAdapter - Downloaded https://repo.maven.apache.org/maven2/io/opentelemetry/opentelemetry-sdk-extension-autoconfigure-spi/1.42.1/opentelemetry-sdk-extension-autoconfigure-spi-1.42.1-sources.jar
2024-11-25 22:16:05,997 [Worker-28: Download sources and javadoc] INFO  o.e.m.j.internal.DownloadSourcesJob - Downloaded sources for io.opentelemetry:opentelemetry-sdk-extension-autoconfigure-spi:1.42.1
2024-11-25 22:16:06,049 [Worker-28: Download sources and javadoc] INFO  o.e.m.c.i.e.AbstractTransferListenerAdapter - Downloading https://repo.maven.apache.org/maven2/io/opentelemetry/opentelemetry-sdk-extension-autoconfigure/1.42.1/opentelemetry-sdk-extension-autoconfigure-1.42.1-sources.jar
2024-11-25 22:16:06,067 [Worker-28: Download sources and javadoc] INFO  o.e.m.c.i.e.AbstractTransferListenerAdapter - Downloaded https://repo.maven.apache.org/maven2/io/opentelemetry/opentelemetry-sdk-extension-autoconfigure/1.42.1/opentelemetry-sdk-extension-autoconfigure-1.42.1-sources.jar
2024-11-25 22:16:06,071 [Worker-28: Download sources and javadoc] INFO  o.e.m.j.internal.DownloadSourcesJob - Downloaded sources for io.opentelemetry:opentelemetry-sdk-extension-autoconfigure:1.42.1
2024-11-25 22:16:06,121 [Worker-28: Download sources and javadoc] INFO  o.e.m.c.i.e.AbstractTransferListenerAdapter - Downloading https://repo.maven.apache.org/maven2/io/opentelemetry/opentelemetry-api-incubator/1.42.1-alpha/opentelemetry-api-incubator-1.42.1-alpha-sources.jar
2024-11-25 22:16:06,139 [Worker-28: Download sources and javadoc] INFO  o.e.m.c.i.e.AbstractTransferListenerAdapter - Downloaded https://repo.maven.apache.org/maven2/io/opentelemetry/opentelemetry-api-incubator/1.42.1-alpha/opentelemetry-api-incubator-1.42.1-alpha-sources.jar
2024-11-25 22:16:06,143 [Worker-28: Download sources and javadoc] INFO  o.e.m.j.internal.DownloadSourcesJob - Downloaded sources for io.opentelemetry:opentelemetry-api-incubator:1.42.1-alpha
2024-11-25 22:16:06,194 [Worker-28: Download sources and javadoc] INFO  o.e.m.c.i.e.AbstractTransferListenerAdapter - Downloading https://repo.maven.apache.org/maven2/io/opentelemetry/opentelemetry-sdk-trace/1.42.1/opentelemetry-sdk-trace-1.42.1-sources.jar
2024-11-25 22:16:06,349 [Worker-28: Download sources and javadoc] INFO  o.e.m.c.i.e.AbstractTransferListenerAdapter - Downloaded https://repo.maven.apache.org/maven2/io/opentelemetry/opentelemetry-sdk-trace/1.42.1/opentelemetry-sdk-trace-1.42.1-sources.jar
2024-11-25 22:16:06,354 [Worker-28: Download sources and javadoc] INFO  o.e.m.j.internal.DownloadSourcesJob - Downloaded sources for io.opentelemetry:opentelemetry-sdk-trace:1.42.1
2024-11-25 22:16:06,429 [Worker-28: Download sources and javadoc] INFO  o.e.m.c.i.e.AbstractTransferListenerAdapter - Downloading https://repo.maven.apache.org/maven2/io/opentelemetry/opentelemetry-sdk/1.42.1/opentelemetry-sdk-1.42.1-sources.jar
2024-11-25 22:16:06,471 [Worker-28: Download sources and javadoc] INFO  o.e.m.c.i.e.AbstractTransferListenerAdapter - Downloaded https://repo.maven.apache.org/maven2/io/opentelemetry/opentelemetry-sdk/1.42.1/opentelemetry-sdk-1.42.1-sources.jar
2024-11-25 22:16:06,474 [Worker-28: Download sources and javadoc] INFO  o.e.m.j.internal.DownloadSourcesJob - Downloaded sources for io.opentelemetry:opentelemetry-sdk:1.42.1
2024-11-25 22:16:06,531 [Worker-28: Download sources and javadoc] INFO  o.e.m.c.i.e.AbstractTransferListenerAdapter - Downloading https://repo.maven.apache.org/maven2/io/opentelemetry/opentelemetry-sdk-metrics/1.42.1/opentelemetry-sdk-metrics-1.42.1-sources.jar
2024-11-25 22:16:06,566 [Worker-28: Download sources and javadoc] INFO  o.e.m.c.i.e.AbstractTransferListenerAdapter - Downloaded https://repo.maven.apache.org/maven2/io/opentelemetry/opentelemetry-sdk-metrics/1.42.1/opentelemetry-sdk-metrics-1.42.1-sources.jar
2024-11-25 22:16:06,570 [Worker-28: Download sources and javadoc] INFO  o.e.m.j.internal.DownloadSourcesJob - Downloaded sources for io.opentelemetry:opentelemetry-sdk-metrics:1.42.1
2024-11-25 22:16:06,621 [Worker-28: Download sources and javadoc] INFO  o.e.m.c.i.e.AbstractTransferListenerAdapter - Downloading https://repo.maven.apache.org/maven2/io/opentelemetry/opentelemetry-sdk-logs/1.42.1/opentelemetry-sdk-logs-1.42.1-sources.jar
2024-11-25 22:16:06,648 [Worker-28: Download sources and javadoc] INFO  o.e.m.c.i.e.AbstractTransferListenerAdapter - Downloaded https://repo.maven.apache.org/maven2/io/opentelemetry/opentelemetry-sdk-logs/1.42.1/opentelemetry-sdk-logs-1.42.1-sources.jar
2024-11-25 22:16:06,652 [Worker-28: Download sources and javadoc] INFO  o.e.m.j.internal.DownloadSourcesJob - Downloaded sources for io.opentelemetry:opentelemetry-sdk-logs:1.42.1
2024-11-25 22:16:06,710 [Worker-28: Download sources and javadoc] INFO  o.e.m.c.i.e.AbstractTransferListenerAdapter - Downloading https://repo.maven.apache.org/maven2/net/bytebuddy/byte-buddy/1.15.1/byte-buddy-1.15.1-sources.jar
2024-11-25 22:16:06,792 [Worker-28: Download sources and javadoc] INFO  o.e.m.c.i.e.AbstractTransferListenerAdapter - Downloaded https://repo.maven.apache.org/maven2/net/bytebuddy/byte-buddy/1.15.1/byte-buddy-1.15.1-sources.jar
2024-11-25 22:16:06,795 [Worker-28: Download sources and javadoc] INFO  o.e.m.j.internal.DownloadSourcesJob - Downloaded sources for net.bytebuddy:byte-buddy:1.15.1
2024-11-25 22:16:06,847 [Worker-28: Download sources and javadoc] INFO  o.e.m.c.i.e.AbstractTransferListenerAdapter - Downloading https://repo.maven.apache.org/maven2/org/seleniumhq/selenium/selenium-os/4.25.0/selenium-os-4.25.0-sources.jar
2024-11-25 22:16:06,869 [Worker-28: Download sources and javadoc] INFO  o.e.m.c.i.e.AbstractTransferListenerAdapter - Downloaded https://repo.maven.apache.org/maven2/org/seleniumhq/selenium/selenium-os/4.25.0/selenium-os-4.25.0-sources.jar
2024-11-25 22:16:06,873 [Worker-28: Download sources and javadoc] INFO  o.e.m.j.internal.DownloadSourcesJob - Downloaded sources for org.seleniumhq.selenium:selenium-os:4.25.0
2024-11-25 22:16:06,937 [Worker-28: Download sources and javadoc] INFO  o.e.m.c.i.e.AbstractTransferListenerAdapter - Downloading https://repo.maven.apache.org/maven2/org/apache/commons/commons-exec/1.4.0/commons-exec-1.4.0-sources.jar
2024-11-25 22:16:06,980 [Worker-28: Download sources and javadoc] INFO  o.e.m.c.i.e.AbstractTransferListenerAdapter - Downloaded https://repo.maven.apache.org/maven2/org/apache/commons/commons-exec/1.4.0/commons-exec-1.4.0-sources.jar
2024-11-25 22:16:06,985 [Worker-28: Download sources and javadoc] INFO  o.e.m.j.internal.DownloadSourcesJob - Downloaded sources for org.apache.commons:commons-exec:1.4.0
2024-11-25 22:16:07,048 [Worker-28: Download sources and javadoc] INFO  o.e.m.c.i.e.AbstractTransferListenerAdapter - Downloading https://repo.maven.apache.org/maven2/org/seleniumhq/selenium/selenium-safari-driver/4.25.0/selenium-safari-driver-4.25.0-sources.jar
2024-11-25 22:16:07,072 [Worker-28: Download sources and javadoc] INFO  o.e.m.c.i.e.AbstractTransferListenerAdapter - Downloaded https://repo.maven.apache.org/maven2/org/seleniumhq/selenium/selenium-safari-driver/4.25.0/selenium-safari-driver-4.25.0-sources.jar
2024-11-25 22:16:07,076 [Worker-28: Download sources and javadoc] INFO  o.e.m.j.internal.DownloadSourcesJob - Downloaded sources for org.seleniumhq.selenium:selenium-safari-driver:4.25.0
2024-11-25 22:16:07,151 [Worker-28: Download sources and javadoc] INFO  o.e.m.c.i.e.AbstractTransferListenerAdapter - Downloading https://repo.maven.apache.org/maven2/org/seleniumhq/selenium/selenium-support/4.25.0/selenium-support-4.25.0-sources.jar
2024-11-25 22:16:07,178 [Worker-28: Download sources and javadoc] INFO  o.e.m.c.i.e.AbstractTransferListenerAdapter - Downloaded https://repo.maven.apache.org/maven2/org/seleniumhq/selenium/selenium-support/4.25.0/selenium-support-4.25.0-sources.jar
2024-11-25 22:16:07,181 [Worker-28: Download sources and javadoc] INFO  o.e.m.j.internal.DownloadSourcesJob - Downloaded sources for org.seleniumhq.selenium:selenium-support:4.25.0
2024-11-25 22:16:07,493 [Worker-28: Building] INFO  o.a.m.s.f.DefaultMavenResourcesFiltering - skip non existing resourceDirectory C:\Users\2155644\eclipse-workspace\SeleniumAutomation\SeleniumSessionNov\src\main\resources
2024-11-25 22:16:07,496 [Worker-28: Building] INFO  o.a.m.s.f.DefaultMavenResourcesFiltering - skip non existing resourceDirectory C:\Users\2155644\eclipse-workspace\SeleniumAutomation\SeleniumSessionNov\src\test\resources
2024-11-25 22:16:57,933 [Worker-27: Building] INFO  o.e.m.c.i.l.LifecycleMappingFactory - Using org.eclipse.m2e.jdt.JarLifecycleMapping lifecycle mapping for MavenProject: SeleniumSessionNov:SeleniumSessionNov:0.0.1-SNAPSHOT @ C:\Users\2155644\eclipse-workspace\SeleniumAutomation\SeleniumSessionNov\pom.xml.
2024-11-25 22:16:58,205 [Worker-27: Building] INFO  o.a.m.s.f.DefaultMavenResourcesFiltering - skip non existing resourceDirectory C:\Users\2155644\eclipse-workspace\SeleniumAutomation\SeleniumSessionNov\src\main\resources
2024-11-25 22:16:58,207 [Worker-27: Building] INFO  o.a.m.s.f.DefaultMavenResourcesFiltering - skip non existing resourceDirectory C:\Users\2155644\eclipse-workspace\SeleniumAutomation\SeleniumSessionNov\src\test\resources
2024-11-25 22:17:09,954 [Worker-29: Building] INFO  o.e.m.c.i.l.LifecycleMappingFactory - Using org.eclipse.m2e.jdt.JarLifecycleMapping lifecycle mapping for MavenProject: SeleniumSessionNov:SeleniumSessionNov:0.0.1-SNAPSHOT @ C:\Users\2155644\eclipse-workspace\SeleniumAutomation\SeleniumSessionNov\pom.xml.
2024-11-25 22:17:10,180 [Worker-29: Building] INFO  o.a.m.s.f.DefaultMavenResourcesFiltering - skip non existing resourceDirectory C:\Users\2155644\eclipse-workspace\SeleniumAutomation\SeleniumSessionNov\src\main\resources
2024-11-25 22:17:10,183 [Worker-29: Building] INFO  o.a.m.s.f.DefaultMavenResourcesFiltering - skip non existing resourceDirectory C:\Users\2155644\eclipse-workspace\SeleniumAutomation\SeleniumSessionNov\src\test\resources
2024-11-25 22:17:25,176 [Worker-27: Building] INFO  o.e.m.c.i.l.LifecycleMappingFactory - Using org.eclipse.m2e.jdt.JarLifecycleMapping lifecycle mapping for MavenProject: SeleniumSessionNov:SeleniumSessionNov:0.0.1-SNAPSHOT @ C:\Users\2155644\eclipse-workspace\SeleniumAutomation\SeleniumSessionNov\pom.xml.
2024-11-25 22:17:25,347 [Worker-27: Building] INFO  o.a.m.s.f.DefaultMavenResourcesFiltering - skip non existing resourceDirectory C:\Users\2155644\eclipse-workspace\SeleniumAutomation\SeleniumSessionNov\src\main\resources
2024-11-25 22:17:25,351 [Worker-27: Building] INFO  o.a.m.s.f.DefaultMavenResourcesFiltering - skip non existing resourceDirectory C:\Users\2155644\eclipse-workspace\SeleniumAutomation\SeleniumSessionNov\src\test\resources
2024-11-25 22:17:35,961 [Worker-30: Building] INFO  o.a.m.s.f.DefaultMavenResourcesFiltering - skip non existing resourceDirectory C:\Users\2155644\eclipse-workspace\SeleniumAutomation\SeleniumSessionNov\src\main\resources
2024-11-25 22:17:35,963 [Worker-30: Building] INFO  o.a.m.s.f.DefaultMavenResourcesFiltering - skip non existing resourceDirectory C:\Users\2155644\eclipse-workspace\SeleniumAutomation\SeleniumSessionNov\src\test\resources
2024-11-25 22:18:12,213 [Worker-27: Building] INFO  o.a.m.s.f.DefaultMavenResourcesFiltering - skip non existing resourceDirectory C:\Users\2155644\eclipse-workspace\SeleniumAutomation\SeleniumSessionNov\src\main\resources
2024-11-25 22:18:12,216 [Worker-27: Building] INFO  o.a.m.s.f.DefaultMavenResourcesFiltering - skip non existing resourceDirectory C:\Users\2155644\eclipse-workspace\SeleniumAutomation\SeleniumSessionNov\src\test\resources
2024-11-25 22:18:33,518 [Worker-30: Building] INFO  o.a.m.s.f.DefaultMavenResourcesFiltering - skip non existing resourceDirectory C:\Users\2155644\eclipse-workspace\SeleniumAutomation\SeleniumSessionNov\src\main\resources
2024-11-25 22:18:33,520 [Worker-30: Building] INFO  o.a.m.s.f.DefaultMavenResourcesFiltering - skip non existing resourceDirectory C:\Users\2155644\eclipse-workspace\SeleniumAutomation\SeleniumSessionNov\src\test\resources
2024-11-25 22:18:57,000 [Worker-29: Building] INFO  o.a.m.s.f.DefaultMavenResourcesFiltering - skip non existing resourceDirectory C:\Users\2155644\eclipse-workspace\SeleniumAutomation\SeleniumSessionNov\src\main\resources
2024-11-25 22:18:57,001 [Worker-29: Building] INFO  o.a.m.s.f.DefaultMavenResourcesFiltering - skip non existing resourceDirectory C:\Users\2155644\eclipse-workspace\SeleniumAutomation\SeleniumSessionNov\src\test\resources
2024-11-25 22:19:42,485 [Worker-28: Building] INFO  o.a.m.s.f.DefaultMavenResourcesFiltering - skip non existing resourceDirectory C:\Users\2155644\eclipse-workspace\SeleniumAutomation\SeleniumSessionNov\src\main\resources
2024-11-25 22:19:42,487 [Worker-28: Building] INFO  o.a.m.s.f.DefaultMavenResourcesFiltering - skip non existing resourceDirectory C:\Users\2155644\eclipse-workspace\SeleniumAutomation\SeleniumSessionNov\src\test\resources
2024-11-25 22:19:54,649 [Worker-27: Building] INFO  o.a.m.s.f.DefaultMavenResourcesFiltering - skip non existing resourceDirectory C:\Users\2155644\eclipse-workspace\SeleniumAutomation\SeleniumSessionNov\src\main\resources
2024-11-25 22:19:54,650 [Worker-27: Building] INFO  o.a.m.s.f.DefaultMavenResourcesFiltering - skip non existing resourceDirectory C:\Users\2155644\eclipse-workspace\SeleniumAutomation\SeleniumSessionNov\src\test\resources
2024-11-25 22:21:05,844 [Worker-27: Building] INFO  o.a.m.s.f.DefaultMavenResourcesFiltering - skip non existing resourceDirectory C:\Users\2155644\eclipse-workspace\SeleniumAutomation\SeleniumSessionNov\src\main\resources
2024-11-25 22:21:05,845 [Worker-27: Building] INFO  o.a.m.s.f.DefaultMavenResourcesFiltering - skip non existing resourceDirectory C:\Users\2155644\eclipse-workspace\SeleniumAutomation\SeleniumSessionNov\src\test\resources
2024-11-26 22:19:10,640 [Worker-37: Updating Maven Project] INFO  o.e.m.c.i.p.ProjectConfigurationManager - Update started
2024-11-26 22:19:13,646 [Worker-37: Updating Maven Project] INFO  o.e.m.c.i.l.LifecycleMappingFactory - Using org.eclipse.m2e.jdt.JarLifecycleMapping lifecycle mapping for MavenProject: SeleniumSessionNov:SeleniumSessionNov:0.0.1-SNAPSHOT @ C:\Users\2155644\eclipse-workspace\SeleniumAutomation\SeleniumSessionNov\pom.xml.
2024-11-26 22:19:14,147 [Worker-37: Updating Maven Project] INFO  o.e.m.j.i.AbstractJavaProjectConfigurator - Adding source folder /SeleniumSessionNov/src/main/java
2024-11-26 22:19:14,148 [Worker-37: Updating Maven Project] INFO  o.e.m.j.i.AbstractJavaProjectConfigurator - Adding source folder /SeleniumSessionNov/src/test/java
2024-11-26 22:19:14,526 [Worker-37: Updating Maven Project] INFO  o.e.m.c.i.p.ProjectConfigurationManager - Update completed: 3 sec
2024-11-26 22:19:14,927 [Worker-39: Building] INFO  o.a.m.s.f.DefaultMavenResourcesFiltering - skip non existing resourceDirectory C:\Users\2155644\eclipse-workspace\SeleniumAutomation\SeleniumSessionNov\src\main\resources
2024-11-26 22:19:14,929 [Worker-39: Building] INFO  o.a.m.s.f.DefaultMavenResourcesFiltering - skip non existing resourceDirectory C:\Users\2155644\eclipse-workspace\SeleniumAutomation\SeleniumSessionNov\src\test\resources
2024-12-03 00:00:13,352 [Worker-4: Loading available Gradle versions] INFO  o.e.b.c.i.u.g.PublishedGradleVersions - Gradle version information cache is out-of-date. Trying to update.
2024-12-03 11:29:56,573 [Worker-23: Building] INFO  o.a.m.s.f.DefaultMavenResourcesFiltering - skip non existing resourceDirectory C:\Users\2155644\eclipse-workspace\SeleniumAutomation\CKDJPN\src\main\resources
2024-12-03 11:29:56,662 [Worker-23: Building] INFO  o.a.m.s.f.DefaultMavenResourcesFiltering - skip non existing resourceDirectory C:\Users\2155644\eclipse-workspace\SeleniumAutomation\CKDJPN\src\test\resources
2024-12-03 11:29:56,929 [Worker-23: Building] INFO  o.a.m.s.f.DefaultMavenResourcesFiltering - skip non existing resourceDirectory C:\Users\2155644\eclipse-workspace\SeleniumAutomation\SeleniumSessionNov\src\main\resources
2024-12-03 11:29:56,931 [Worker-23: Building] INFO  o.a.m.s.f.DefaultMavenResourcesFiltering - skip non existing resourceDirectory C:\Users\2155644\eclipse-workspace\SeleniumAutomation\SeleniumSessionNov\src\test\resources
2024-12-03 11:30:23,472 [Worker-0: Building] INFO  o.a.m.s.f.DefaultMavenResourcesFiltering - skip non existing resourceDirectory C:\Users\2155644\eclipse-workspace\SeleniumAutomation\SeleniumSessionNov\src\main\resources
2024-12-03 11:30:23,475 [Worker-0: Building] INFO  o.a.m.s.f.DefaultMavenResourcesFiltering - skip non existing resourceDirectory C:\Users\2155644\eclipse-workspace\SeleniumAutomation\SeleniumSessionNov\src\test\resources
2024-12-03 11:30:44,961 [Worker-23: Building] INFO  o.a.m.s.f.DefaultMavenResourcesFiltering - skip non existing resourceDirectory C:\Users\2155644\eclipse-workspace\SeleniumAutomation\SeleniumSessionNov\src\main\resources
2024-12-03 11:30:44,962 [Worker-23: Building] INFO  o.a.m.s.f.DefaultMavenResourcesFiltering - skip non existing resourceDirectory C:\Users\2155644\eclipse-workspace\SeleniumAutomation\SeleniumSessionNov\src\test\resources
2024-12-03 11:30:54,905 [Worker-0: Building] INFO  o.a.m.s.f.DefaultMavenResourcesFiltering - skip non existing resourceDirectory C:\Users\2155644\eclipse-workspace\SeleniumAutomation\SeleniumSessionNov\src\main\resources
2024-12-03 11:30:54,906 [Worker-0: Building] INFO  o.a.m.s.f.DefaultMavenResourcesFiltering - skip non existing resourceDirectory C:\Users\2155644\eclipse-workspace\SeleniumAutomation\SeleniumSessionNov\src\test\resources
2024-12-04 11:49:41,515 [Worker-35: Building] INFO  o.a.m.s.f.DefaultMavenResourcesFiltering - skip non existing resourceDirectory C:\Users\2155644\eclipse-workspace\SeleniumAutomation\SeleniumSessionNov\src\main\resources
2024-12-04 11:49:41,519 [Worker-35: Building] INFO  o.a.m.s.f.DefaultMavenResourcesFiltering - skip non existing resourceDirectory C:\Users\2155644\eclipse-workspace\SeleniumAutomation\SeleniumSessionNov\src\test\resources
2024-12-04 11:50:51,376 [Worker-37: Building] INFO  o.a.m.s.f.DefaultMavenResourcesFiltering - skip non existing resourceDirectory C:\Users\2155644\eclipse-workspace\SeleniumAutomation\SeleniumSessionNov\src\main\resources
2024-12-04 11:50:51,377 [Worker-37: Building] INFO  o.a.m.s.f.DefaultMavenResourcesFiltering - skip non existing resourceDirectory C:\Users\2155644\eclipse-workspace\SeleniumAutomation\SeleniumSessionNov\src\test\resources
2024-12-04 11:51:29,878 [Worker-34: Building] INFO  o.a.m.s.f.DefaultMavenResourcesFiltering - skip non existing resourceDirectory C:\Users\2155644\eclipse-workspace\SeleniumAutomation\SeleniumSessionNov\src\main\resources
2024-12-04 11:51:29,880 [Worker-34: Building] INFO  o.a.m.s.f.DefaultMavenResourcesFiltering - skip non existing resourceDirectory C:\Users\2155644\eclipse-workspace\SeleniumAutomation\SeleniumSessionNov\src\test\resources
2024-12-04 16:11:04,455 [Worker-42: Building] INFO  o.a.m.s.f.DefaultMavenResourcesFiltering - skip non existing resourceDirectory C:\Users\2155644\eclipse-workspace\SeleniumAutomation\SeleniumSessionNov\src\main\resources
2024-12-04 16:11:04,458 [Worker-42: Building] INFO  o.a.m.s.f.DefaultMavenResourcesFiltering - skip non existing resourceDirectory C:\Users\2155644\eclipse-workspace\SeleniumAutomation\SeleniumSessionNov\src\test\resources
2024-12-06 15:50:27,528 [Worker-43: Building] INFO  o.a.m.s.f.DefaultMavenResourcesFiltering - skip non existing resourceDirectory C:\Users\2155644\eclipse-workspace\SeleniumAutomation\SeleniumSessionNov\src\main\resources
2024-12-06 15:50:27,534 [Worker-43: Building] INFO  o.a.m.s.f.DefaultMavenResourcesFiltering - skip non existing resourceDirectory C:\Users\2155644\eclipse-workspace\SeleniumAutomation\SeleniumSessionNov\src\test\resources
2024-12-06 15:52:28,656 [Worker-57: Building] INFO  o.a.m.s.f.DefaultMavenResourcesFiltering - skip non existing resourceDirectory C:\Users\2155644\eclipse-workspace\SeleniumAutomation\SeleniumSessionNov\src\main\resources
2024-12-06 15:52:28,660 [Worker-57: Building] INFO  o.a.m.s.f.DefaultMavenResourcesFiltering - skip non existing resourceDirectory C:\Users\2155644\eclipse-workspace\SeleniumAutomation\SeleniumSessionNov\src\test\resources
2024-12-06 15:52:39,848 [Worker-43: Building] INFO  o.a.m.s.f.DefaultMavenResourcesFiltering - skip non existing resourceDirectory C:\Users\2155644\eclipse-workspace\SeleniumAutomation\SeleniumSessionNov\src\main\resources
2024-12-06 15:52:39,850 [Worker-43: Building] INFO  o.a.m.s.f.DefaultMavenResourcesFiltering - skip non existing resourceDirectory C:\Users\2155644\eclipse-workspace\SeleniumAutomation\SeleniumSessionNov\src\test\resources
2024-12-06 15:52:51,112 [Worker-57: Building] INFO  o.a.m.s.f.DefaultMavenResourcesFiltering - skip non existing resourceDirectory C:\Users\2155644\eclipse-workspace\SeleniumAutomation\SeleniumSessionNov\src\main\resources
2024-12-06 15:52:51,114 [Worker-57: Building] INFO  o.a.m.s.f.DefaultMavenResourcesFiltering - skip non existing resourceDirectory C:\Users\2155644\eclipse-workspace\SeleniumAutomation\SeleniumSessionNov\src\test\resources
2024-12-06 15:57:06,283 [Worker-58: Building] INFO  o.a.m.s.f.DefaultMavenResourcesFiltering - skip non existing resourceDirectory C:\Users\2155644\eclipse-workspace\SeleniumAutomation\SeleniumSessionNov\src\main\resources
2024-12-06 15:57:06,287 [Worker-58: Building] INFO  o.a.m.s.f.DefaultMavenResourcesFiltering - skip non existing resourceDirectory C:\Users\2155644\eclipse-workspace\SeleniumAutomation\SeleniumSessionNov\src\test\resources
2024-12-06 15:58:38,242 [Worker-60: Building] INFO  o.a.m.s.f.DefaultMavenResourcesFiltering - skip non existing resourceDirectory C:\Users\2155644\eclipse-workspace\SeleniumAutomation\SeleniumSessionNov\src\main\resources
2024-12-06 15:58:38,245 [Worker-60: Building] INFO  o.a.m.s.f.DefaultMavenResourcesFiltering - skip non existing resourceDirectory C:\Users\2155644\eclipse-workspace\SeleniumAutomation\SeleniumSessionNov\src\test\resources
2024-12-06 20:46:46,457 [Worker-69: Building] INFO  o.a.m.s.f.DefaultMavenResourcesFiltering - skip non existing resourceDirectory C:\Users\2155644\eclipse-workspace\SeleniumAutomation\SeleniumSessionNov\src\main\resources
2024-12-06 20:46:46,460 [Worker-69: Building] INFO  o.a.m.s.f.DefaultMavenResourcesFiltering - skip non existing resourceDirectory C:\Users\2155644\eclipse-workspace\SeleniumAutomation\SeleniumSessionNov\src\test\resources
2024-12-12 15:53:09,477 [Worker-4: Loading available Gradle versions] INFO  o.e.b.c.i.u.g.PublishedGradleVersions - Gradle version information cache is out-of-date. Trying to update.
2024-12-12 15:54:06,155 [Worker-7: Building] INFO  o.a.m.s.f.DefaultMavenResourcesFiltering - skip non existing resourceDirectory C:\Users\2155644\eclipse-workspace\SeleniumAutomation\CKDJPN\src\main\resources
2024-12-12 15:54:06,160 [Worker-7: Building] INFO  o.a.m.s.f.DefaultMavenResourcesFiltering - skip non existing resourceDirectory C:\Users\2155644\eclipse-workspace\SeleniumAutomation\CKDJPN\src\test\resources
2024-12-12 15:54:06,600 [Worker-7: Building] INFO  o.a.m.s.f.DefaultMavenResourcesFiltering - skip non existing resourceDirectory C:\Users\2155644\eclipse-workspace\SeleniumAutomation\SeleniumSessionNov\src\main\resources
2024-12-12 15:54:06,601 [Worker-7: Building] INFO  o.a.m.s.f.DefaultMavenResourcesFiltering - skip non existing resourceDirectory C:\Users\2155644\eclipse-workspace\SeleniumAutomation\SeleniumSessionNov\src\test\resources
2024-12-15 14:17:25,203 [Worker-102: Building Workspace] INFO  o.a.m.s.f.DefaultMavenResourcesFiltering - skip non existing resourceDirectory C:\Users\2155644\eclipse-workspace\SeleniumAutomation\SeleniumSessionNov\src\main\resources
2024-12-15 14:17:25,207 [Worker-102: Building Workspace] INFO  o.a.m.s.f.DefaultMavenResourcesFiltering - skip non existing resourceDirectory C:\Users\2155644\eclipse-workspace\SeleniumAutomation\SeleniumSessionNov\src\test\resources
2024-12-15 14:19:06,855 [Worker-98: Building] INFO  o.a.m.s.f.DefaultMavenResourcesFiltering - skip non existing resourceDirectory C:\Users\2155644\eclipse-workspace\SeleniumAutomation\SeleniumSessionNov\src\main\resources
2024-12-15 14:19:06,856 [Worker-98: Building] INFO  o.a.m.s.f.DefaultMavenResourcesFiltering - skip non existing resourceDirectory C:\Users\2155644\eclipse-workspace\SeleniumAutomation\SeleniumSessionNov\src\test\resources
2024-12-15 14:22:35,831 [Worker-98: Building] INFO  o.e.m.c.i.l.LifecycleMappingFactory - Using org.eclipse.m2e.jdt.JarLifecycleMapping lifecycle mapping for MavenProject: SeleniumSessionNov:SeleniumSessionNov:0.0.1-SNAPSHOT @ C:\Users\2155644\eclipse-workspace\SeleniumAutomation\SeleniumSessionNov\pom.xml.
2024-12-15 14:22:36,056 [Worker-98: Building] INFO  o.e.m.c.i.e.AbstractTransferListenerAdapter - Downloading https://repo.maven.apache.org/maven2/org/seleniumhq/selenium/selenium-java/4.27.0/selenium-java-4.27.0.pom
2024-12-15 14:22:36,079 [Worker-98: Building] INFO  o.e.m.c.i.e.AbstractTransferListenerAdapter - Downloaded https://repo.maven.apache.org/maven2/org/seleniumhq/selenium/selenium-java/4.27.0/selenium-java-4.27.0.pom
2024-12-15 14:22:36,098 [Worker-98: Building] INFO  o.e.m.c.i.e.AbstractTransferListenerAdapter - Downloading https://repo.maven.apache.org/maven2/org/seleniumhq/selenium/selenium-api/4.27.0/selenium-api-4.27.0.pom
2024-12-15 14:22:36,114 [Worker-98: Building] INFO  o.e.m.c.i.e.AbstractTransferListenerAdapter - Downloaded https://repo.maven.apache.org/maven2/org/seleniumhq/selenium/selenium-api/4.27.0/selenium-api-4.27.0.pom
2024-12-15 14:22:36,133 [Worker-98: Building] INFO  o.e.m.c.i.e.AbstractTransferListenerAdapter - Downloading https://repo.maven.apache.org/maven2/org/seleniumhq/selenium/selenium-chrome-driver/4.27.0/selenium-chrome-driver-4.27.0.pom
2024-12-15 14:22:36,147 [Worker-98: Building] INFO  o.e.m.c.i.e.AbstractTransferListenerAdapter - Downloaded https://repo.maven.apache.org/maven2/org/seleniumhq/selenium/selenium-chrome-driver/4.27.0/selenium-chrome-driver-4.27.0.pom
2024-12-15 14:22:36,173 [Worker-98: Building] INFO  o.e.m.c.i.e.AbstractTransferListenerAdapter - Downloading https://repo.maven.apache.org/maven2/org/seleniumhq/selenium/selenium-chromium-driver/4.27.0/selenium-chromium-driver-4.27.0.pom
2024-12-15 14:22:36,189 [Worker-98: Building] INFO  o.e.m.c.i.e.AbstractTransferListenerAdapter - Downloaded https://repo.maven.apache.org/maven2/org/seleniumhq/selenium/selenium-chromium-driver/4.27.0/selenium-chromium-driver-4.27.0.pom
2024-12-15 14:22:36,204 [Worker-98: Building] INFO  o.e.m.c.i.e.AbstractTransferListenerAdapter - Downloading https://repo.maven.apache.org/maven2/org/seleniumhq/selenium/selenium-json/4.27.0/selenium-json-4.27.0.pom
2024-12-15 14:22:36,221 [Worker-98: Building] INFO  o.e.m.c.i.e.AbstractTransferListenerAdapter - Downloaded https://repo.maven.apache.org/maven2/org/seleniumhq/selenium/selenium-json/4.27.0/selenium-json-4.27.0.pom
2024-12-15 14:22:36,236 [Worker-98: Building] INFO  o.e.m.c.i.e.AbstractTransferListenerAdapter - Downloading https://repo.maven.apache.org/maven2/org/seleniumhq/selenium/selenium-remote-driver/4.27.0/selenium-remote-driver-4.27.0.pom
2024-12-15 14:22:36,251 [Worker-98: Building] INFO  o.e.m.c.i.e.AbstractTransferListenerAdapter - Downloaded https://repo.maven.apache.org/maven2/org/seleniumhq/selenium/selenium-remote-driver/4.27.0/selenium-remote-driver-4.27.0.pom
2024-12-15 14:22:36,266 [Worker-98: Building] INFO  o.e.m.c.i.e.AbstractTransferListenerAdapter - Downloading https://repo.maven.apache.org/maven2/com/google/guava/guava/33.3.1-jre/guava-33.3.1-jre.pom
2024-12-15 14:22:36,280 [Worker-98: Building] INFO  o.e.m.c.i.e.AbstractTransferListenerAdapter - Downloaded https://repo.maven.apache.org/maven2/com/google/guava/guava/33.3.1-jre/guava-33.3.1-jre.pom
2024-12-15 14:22:36,295 [Worker-98: Building] INFO  o.e.m.c.i.e.AbstractTransferListenerAdapter - Downloading https://repo.maven.apache.org/maven2/com/google/guava/guava-parent/33.3.1-jre/guava-parent-33.3.1-jre.pom
2024-12-15 14:22:36,316 [Worker-98: Building] INFO  o.e.m.c.i.e.AbstractTransferListenerAdapter - Downloaded https://repo.maven.apache.org/maven2/com/google/guava/guava-parent/33.3.1-jre/guava-parent-33.3.1-jre.pom
2024-12-15 14:22:36,366 [Worker-98: Building] INFO  o.e.m.c.i.e.AbstractTransferListenerAdapter - Downloading https://repo.maven.apache.org/maven2/io/opentelemetry/opentelemetry-api/1.44.1/opentelemetry-api-1.44.1.pom
2024-12-15 14:22:36,380 [Worker-98: Building] INFO  o.e.m.c.i.e.AbstractTransferListenerAdapter - Downloaded https://repo.maven.apache.org/maven2/io/opentelemetry/opentelemetry-api/1.44.1/opentelemetry-api-1.44.1.pom
2024-12-15 14:22:36,395 [Worker-98: Building] INFO  o.e.m.c.i.e.AbstractTransferListenerAdapter - Downloading https://repo.maven.apache.org/maven2/io/opentelemetry/opentelemetry-context/1.44.1/opentelemetry-context-1.44.1.pom
2024-12-15 14:22:36,407 [Worker-98: Building] INFO  o.e.m.c.i.e.AbstractTransferListenerAdapter - Downloaded https://repo.maven.apache.org/maven2/io/opentelemetry/opentelemetry-context/1.44.1/opentelemetry-context-1.44.1.pom
2024-12-15 14:22:36,421 [Worker-98: Building] INFO  o.e.m.c.i.e.AbstractTransferListenerAdapter - Downloading https://repo.maven.apache.org/maven2/io/opentelemetry/opentelemetry-exporter-logging/1.44.1/opentelemetry-exporter-logging-1.44.1.pom
2024-12-15 14:22:36,435 [Worker-98: Building] INFO  o.e.m.c.i.e.AbstractTransferListenerAdapter - Downloaded https://repo.maven.apache.org/maven2/io/opentelemetry/opentelemetry-exporter-logging/1.44.1/opentelemetry-exporter-logging-1.44.1.pom
2024-12-15 14:22:36,449 [Worker-98: Building] INFO  o.e.m.c.i.e.AbstractTransferListenerAdapter - Downloading https://repo.maven.apache.org/maven2/io/opentelemetry/opentelemetry-sdk/1.44.1/opentelemetry-sdk-1.44.1.pom
2024-12-15 14:22:36,472 [Worker-98: Building] INFO  o.e.m.c.i.e.AbstractTransferListenerAdapter - Downloaded https://repo.maven.apache.org/maven2/io/opentelemetry/opentelemetry-sdk/1.44.1/opentelemetry-sdk-1.44.1.pom
2024-12-15 14:22:36,486 [Worker-98: Building] INFO  o.e.m.c.i.e.AbstractTransferListenerAdapter - Downloading https://repo.maven.apache.org/maven2/io/opentelemetry/opentelemetry-sdk-common/1.44.1/opentelemetry-sdk-common-1.44.1.pom
2024-12-15 14:22:36,513 [Worker-98: Building] INFO  o.e.m.c.i.e.AbstractTransferListenerAdapter - Downloaded https://repo.maven.apache.org/maven2/io/opentelemetry/opentelemetry-sdk-common/1.44.1/opentelemetry-sdk-common-1.44.1.pom
2024-12-15 14:22:36,530 [Worker-98: Building] INFO  o.e.m.c.i.e.AbstractTransferListenerAdapter - Downloading https://repo.maven.apache.org/maven2/io/opentelemetry/opentelemetry-sdk-trace/1.44.1/opentelemetry-sdk-trace-1.44.1.pom
2024-12-15 14:22:36,553 [Worker-98: Building] INFO  o.e.m.c.i.e.AbstractTransferListenerAdapter - Downloaded https://repo.maven.apache.org/maven2/io/opentelemetry/opentelemetry-sdk-trace/1.44.1/opentelemetry-sdk-trace-1.44.1.pom
2024-12-15 14:22:36,567 [Worker-98: Building] INFO  o.e.m.c.i.e.AbstractTransferListenerAdapter - Downloading https://repo.maven.apache.org/maven2/io/opentelemetry/opentelemetry-api-incubator/1.44.1-alpha/opentelemetry-api-incubator-1.44.1-alpha.pom
2024-12-15 14:22:36,597 [Worker-98: Building] INFO  o.e.m.c.i.e.AbstractTransferListenerAdapter - Downloaded https://repo.maven.apache.org/maven2/io/opentelemetry/opentelemetry-api-incubator/1.44.1-alpha/opentelemetry-api-incubator-1.44.1-alpha.pom
2024-12-15 14:22:36,611 [Worker-98: Building] INFO  o.e.m.c.i.e.AbstractTransferListenerAdapter - Downloading https://repo.maven.apache.org/maven2/io/opentelemetry/opentelemetry-sdk-metrics/1.44.1/opentelemetry-sdk-metrics-1.44.1.pom
2024-12-15 14:22:36,641 [Worker-98: Building] INFO  o.e.m.c.i.e.AbstractTransferListenerAdapter - Downloaded https://repo.maven.apache.org/maven2/io/opentelemetry/opentelemetry-sdk-metrics/1.44.1/opentelemetry-sdk-metrics-1.44.1.pom
2024-12-15 14:22:36,655 [Worker-98: Building] INFO  o.e.m.c.i.e.AbstractTransferListenerAdapter - Downloading https://repo.maven.apache.org/maven2/io/opentelemetry/opentelemetry-sdk-logs/1.44.1/opentelemetry-sdk-logs-1.44.1.pom
2024-12-15 14:22:36,680 [Worker-98: Building] INFO  o.e.m.c.i.e.AbstractTransferListenerAdapter - Downloaded https://repo.maven.apache.org/maven2/io/opentelemetry/opentelemetry-sdk-logs/1.44.1/opentelemetry-sdk-logs-1.44.1.pom
2024-12-15 14:22:36,696 [Worker-98: Building] INFO  o.e.m.c.i.e.AbstractTransferListenerAdapter - Downloading https://repo.maven.apache.org/maven2/io/opentelemetry/opentelemetry-sdk-extension-autoconfigure-spi/1.44.1/opentelemetry-sdk-extension-autoconfigure-spi-1.44.1.pom
2024-12-15 14:22:36,720 [Worker-98: Building] INFO  o.e.m.c.i.e.AbstractTransferListenerAdapter - Downloaded https://repo.maven.apache.org/maven2/io/opentelemetry/opentelemetry-sdk-extension-autoconfigure-spi/1.44.1/opentelemetry-sdk-extension-autoconfigure-spi-1.44.1.pom
2024-12-15 14:22:36,733 [Worker-98: Building] INFO  o.e.m.c.i.e.AbstractTransferListenerAdapter - Downloading https://repo.maven.apache.org/maven2/io/opentelemetry/opentelemetry-sdk-extension-autoconfigure/1.44.1/opentelemetry-sdk-extension-autoconfigure-1.44.1.pom
2024-12-15 14:22:36,756 [Worker-98: Building] INFO  o.e.m.c.i.e.AbstractTransferListenerAdapter - Downloaded https://repo.maven.apache.org/maven2/io/opentelemetry/opentelemetry-sdk-extension-autoconfigure/1.44.1/opentelemetry-sdk-extension-autoconfigure-1.44.1.pom
2024-12-15 14:22:36,770 [Worker-98: Building] INFO  o.e.m.c.i.e.AbstractTransferListenerAdapter - Downloading https://repo.maven.apache.org/maven2/net/bytebuddy/byte-buddy/1.15.10/byte-buddy-1.15.10.pom
2024-12-15 14:22:36,802 [Worker-98: Building] INFO  o.e.m.c.i.e.AbstractTransferListenerAdapter - Downloaded https://repo.maven.apache.org/maven2/net/bytebuddy/byte-buddy/1.15.10/byte-buddy-1.15.10.pom
2024-12-15 14:22:36,818 [Worker-98: Building] INFO  o.e.m.c.i.e.AbstractTransferListenerAdapter - Downloading https://repo.maven.apache.org/maven2/net/bytebuddy/byte-buddy-parent/1.15.10/byte-buddy-parent-1.15.10.pom
2024-12-15 14:22:36,854 [Worker-98: Building] INFO  o.e.m.c.i.e.AbstractTransferListenerAdapter - Downloaded https://repo.maven.apache.org/maven2/net/bytebuddy/byte-buddy-parent/1.15.10/byte-buddy-parent-1.15.10.pom
2024-12-15 14:22:36,873 [Worker-98: Building] INFO  o.e.m.c.i.e.AbstractTransferListenerAdapter - Downloading https://repo.maven.apache.org/maven2/org/seleniumhq/selenium/selenium-http/4.27.0/selenium-http-4.27.0.pom
2024-12-15 14:22:36,894 [Worker-98: Building] INFO  o.e.m.c.i.e.AbstractTransferListenerAdapter - Downloaded https://repo.maven.apache.org/maven2/org/seleniumhq/selenium/selenium-http/4.27.0/selenium-http-4.27.0.pom
2024-12-15 14:22:36,917 [Worker-98: Building] INFO  o.e.m.c.i.e.AbstractTransferListenerAdapter - Downloading https://repo.maven.apache.org/maven2/org/seleniumhq/selenium/selenium-manager/4.27.0/selenium-manager-4.27.0.pom
2024-12-15 14:22:36,945 [Worker-98: Building] INFO  o.e.m.c.i.e.AbstractTransferListenerAdapter - Downloaded https://repo.maven.apache.org/maven2/org/seleniumhq/selenium/selenium-manager/4.27.0/selenium-manager-4.27.0.pom
2024-12-15 14:22:36,962 [Worker-98: Building] INFO  o.e.m.c.i.e.AbstractTransferListenerAdapter - Downloading https://repo.maven.apache.org/maven2/org/seleniumhq/selenium/selenium-os/4.27.0/selenium-os-4.27.0.pom
2024-12-15 14:22:36,997 [Worker-98: Building] INFO  o.e.m.c.i.e.AbstractTransferListenerAdapter - Downloaded https://repo.maven.apache.org/maven2/org/seleniumhq/selenium/selenium-os/4.27.0/selenium-os-4.27.0.pom
2024-12-15 14:22:37,040 [Worker-98: Building] INFO  o.e.m.c.i.e.AbstractTransferListenerAdapter - Downloading https://repo.maven.apache.org/maven2/org/seleniumhq/selenium/selenium-devtools-v129/4.27.0/selenium-devtools-v129-4.27.0.pom
2024-12-15 14:22:37,072 [Worker-98: Building] INFO  o.e.m.c.i.e.AbstractTransferListenerAdapter - Downloaded https://repo.maven.apache.org/maven2/org/seleniumhq/selenium/selenium-devtools-v129/4.27.0/selenium-devtools-v129-4.27.0.pom
2024-12-15 14:22:37,086 [Worker-98: Building] INFO  o.e.m.c.i.e.AbstractTransferListenerAdapter - Downloading https://repo.maven.apache.org/maven2/org/seleniumhq/selenium/selenium-devtools-v130/4.27.0/selenium-devtools-v130-4.27.0.pom
2024-12-15 14:22:37,105 [Worker-98: Building] INFO  o.e.m.c.i.e.AbstractTransferListenerAdapter - Downloaded https://repo.maven.apache.org/maven2/org/seleniumhq/selenium/selenium-devtools-v130/4.27.0/selenium-devtools-v130-4.27.0.pom
2024-12-15 14:22:37,119 [Worker-98: Building] INFO  o.e.m.c.i.e.AbstractTransferListenerAdapter - Downloading https://repo.maven.apache.org/maven2/org/seleniumhq/selenium/selenium-devtools-v131/4.27.0/selenium-devtools-v131-4.27.0.pom
2024-12-15 14:22:37,137 [Worker-98: Building] INFO  o.e.m.c.i.e.AbstractTransferListenerAdapter - Downloaded https://repo.maven.apache.org/maven2/org/seleniumhq/selenium/selenium-devtools-v131/4.27.0/selenium-devtools-v131-4.27.0.pom
2024-12-15 14:22:37,149 [Worker-98: Building] INFO  o.e.m.c.i.e.AbstractTransferListenerAdapter - Downloading https://repo.maven.apache.org/maven2/org/seleniumhq/selenium/selenium-devtools-v85/4.27.0/selenium-devtools-v85-4.27.0.pom
2024-12-15 14:22:37,169 [Worker-98: Building] INFO  o.e.m.c.i.e.AbstractTransferListenerAdapter - Downloaded https://repo.maven.apache.org/maven2/org/seleniumhq/selenium/selenium-devtools-v85/4.27.0/selenium-devtools-v85-4.27.0.pom
2024-12-15 14:22:37,183 [Worker-98: Building] INFO  o.e.m.c.i.e.AbstractTransferListenerAdapter - Downloading https://repo.maven.apache.org/maven2/org/seleniumhq/selenium/selenium-edge-driver/4.27.0/selenium-edge-driver-4.27.0.pom
2024-12-15 14:22:37,203 [Worker-98: Building] INFO  o.e.m.c.i.e.AbstractTransferListenerAdapter - Downloaded https://repo.maven.apache.org/maven2/org/seleniumhq/selenium/selenium-edge-driver/4.27.0/selenium-edge-driver-4.27.0.pom
2024-12-15 14:22:37,217 [Worker-98: Building] INFO  o.e.m.c.i.e.AbstractTransferListenerAdapter - Downloading https://repo.maven.apache.org/maven2/org/seleniumhq/selenium/selenium-firefox-driver/4.27.0/selenium-firefox-driver-4.27.0.pom
2024-12-15 14:22:37,243 [Worker-98: Building] INFO  o.e.m.c.i.e.AbstractTransferListenerAdapter - Downloaded https://repo.maven.apache.org/maven2/org/seleniumhq/selenium/selenium-firefox-driver/4.27.0/selenium-firefox-driver-4.27.0.pom
2024-12-15 14:22:37,258 [Worker-98: Building] INFO  o.e.m.c.i.e.AbstractTransferListenerAdapter - Downloading https://repo.maven.apache.org/maven2/org/seleniumhq/selenium/selenium-ie-driver/4.27.0/selenium-ie-driver-4.27.0.pom
2024-12-15 14:22:37,282 [Worker-98: Building] INFO  o.e.m.c.i.e.AbstractTransferListenerAdapter - Downloaded https://repo.maven.apache.org/maven2/org/seleniumhq/selenium/selenium-ie-driver/4.27.0/selenium-ie-driver-4.27.0.pom
2024-12-15 14:22:37,295 [Worker-98: Building] INFO  o.e.m.c.i.e.AbstractTransferListenerAdapter - Downloading https://repo.maven.apache.org/maven2/org/seleniumhq/selenium/selenium-safari-driver/4.27.0/selenium-safari-driver-4.27.0.pom
2024-12-15 14:22:37,320 [Worker-98: Building] INFO  o.e.m.c.i.e.AbstractTransferListenerAdapter - Downloaded https://repo.maven.apache.org/maven2/org/seleniumhq/selenium/selenium-safari-driver/4.27.0/selenium-safari-driver-4.27.0.pom
2024-12-15 14:22:37,334 [Worker-98: Building] INFO  o.e.m.c.i.e.AbstractTransferListenerAdapter - Downloading https://repo.maven.apache.org/maven2/org/seleniumhq/selenium/selenium-support/4.27.0/selenium-support-4.27.0.pom
2024-12-15 14:22:37,359 [Worker-98: Building] INFO  o.e.m.c.i.e.AbstractTransferListenerAdapter - Downloaded https://repo.maven.apache.org/maven2/org/seleniumhq/selenium/selenium-support/4.27.0/selenium-support-4.27.0.pom
2024-12-15 14:22:37,381 [AetherRepositoryConnector-repo.maven.apache.org-0-1] INFO  o.e.m.c.i.e.AbstractTransferListenerAdapter - Downloading https://repo.maven.apache.org/maven2/org/seleniumhq/selenium/selenium-api/4.27.0/selenium-api-4.27.0.jar
2024-12-15 14:22:37,406 [AetherRepositoryConnector-repo.maven.apache.org-0-4] INFO  o.e.m.c.i.e.AbstractTransferListenerAdapter - Downloading https://repo.maven.apache.org/maven2/org/seleniumhq/selenium/selenium-json/4.27.0/selenium-json-4.27.0.jar
2024-12-15 14:22:37,406 [AetherRepositoryConnector-repo.maven.apache.org-0-0] INFO  o.e.m.c.i.e.AbstractTransferListenerAdapter - Downloading https://repo.maven.apache.org/maven2/org/seleniumhq/selenium/selenium-java/4.27.0/selenium-java-4.27.0.jar
2024-12-15 14:22:37,406 [AetherRepositoryConnector-repo.maven.apache.org-0-2] INFO  o.e.m.c.i.e.AbstractTransferListenerAdapter - Downloading https://repo.maven.apache.org/maven2/org/seleniumhq/selenium/selenium-chrome-driver/4.27.0/selenium-chrome-driver-4.27.0.jar
2024-12-15 14:22:37,406 [AetherRepositoryConnector-repo.maven.apache.org-0-3] INFO  o.e.m.c.i.e.AbstractTransferListenerAdapter - Downloading https://repo.maven.apache.org/maven2/org/seleniumhq/selenium/selenium-chromium-driver/4.27.0/selenium-chromium-driver-4.27.0.jar
2024-12-15 14:22:37,450 [AetherRepositoryConnector-repo.maven.apache.org-0-0] INFO  o.e.m.c.i.e.AbstractTransferListenerAdapter - Downloaded https://repo.maven.apache.org/maven2/org/seleniumhq/selenium/selenium-java/4.27.0/selenium-java-4.27.0.jar
2024-12-15 14:22:37,450 [AetherRepositoryConnector-repo.maven.apache.org-0-2] INFO  o.e.m.c.i.e.AbstractTransferListenerAdapter - Downloaded https://repo.maven.apache.org/maven2/org/seleniumhq/selenium/selenium-chrome-driver/4.27.0/selenium-chrome-driver-4.27.0.jar
2024-12-15 14:22:37,453 [AetherRepositoryConnector-repo.maven.apache.org-0-3] INFO  o.e.m.c.i.e.AbstractTransferListenerAdapter - Downloaded https://repo.maven.apache.org/maven2/org/seleniumhq/selenium/selenium-chromium-driver/4.27.0/selenium-chromium-driver-4.27.0.jar
2024-12-15 14:22:37,460 [AetherRepositoryConnector-repo.maven.apache.org-0-1] INFO  o.e.m.c.i.e.AbstractTransferListenerAdapter - Downloaded https://repo.maven.apache.org/maven2/org/seleniumhq/selenium/selenium-api/4.27.0/selenium-api-4.27.0.jar
2024-12-15 14:22:37,463 [AetherRepositoryConnector-repo.maven.apache.org-0-2] INFO  o.e.m.c.i.e.AbstractTransferListenerAdapter - Downloading https://repo.maven.apache.org/maven2/org/seleniumhq/selenium/selenium-devtools-v129/4.27.0/selenium-devtools-v129-4.27.0.jar
2024-12-15 14:22:37,549 [AetherRepositoryConnector-repo.maven.apache.org-0-3] INFO  o.e.m.c.i.e.AbstractTransferListenerAdapter - Downloading https://repo.maven.apache.org/maven2/org/seleniumhq/selenium/selenium-devtools-v130/4.27.0/selenium-devtools-v130-4.27.0.jar
2024-12-15 14:22:37,549 [AetherRepositoryConnector-repo.maven.apache.org-0-0] INFO  o.e.m.c.i.e.AbstractTransferListenerAdapter - Downloading https://repo.maven.apache.org/maven2/org/seleniumhq/selenium/selenium-manager/4.27.0/selenium-manager-4.27.0.jar
2024-12-15 14:22:37,549 [AetherRepositoryConnector-repo.maven.apache.org-0-1] INFO  o.e.m.c.i.e.AbstractTransferListenerAdapter - Downloading https://repo.maven.apache.org/maven2/org/seleniumhq/selenium/selenium-devtools-v131/4.27.0/selenium-devtools-v131-4.27.0.jar
2024-12-15 14:22:37,563 [AetherRepositoryConnector-repo.maven.apache.org-0-4] INFO  o.e.m.c.i.e.AbstractTransferListenerAdapter - Downloaded https://repo.maven.apache.org/maven2/org/seleniumhq/selenium/selenium-json/4.27.0/selenium-json-4.27.0.jar
2024-12-15 14:22:37,766 [AetherRepositoryConnector-repo.maven.apache.org-0-4] INFO  o.e.m.c.i.e.AbstractTransferListenerAdapter - Downloading https://repo.maven.apache.org/maven2/org/seleniumhq/selenium/selenium-devtools-v85/4.27.0/selenium-devtools-v85-4.27.0.jar
2024-12-15 14:22:39,749 [AetherRepositoryConnector-repo.maven.apache.org-0-4] INFO  o.e.m.c.i.e.AbstractTransferListenerAdapter - Downloaded https://repo.maven.apache.org/maven2/org/seleniumhq/selenium/selenium-devtools-v85/4.27.0/selenium-devtools-v85-4.27.0.jar
2024-12-15 14:22:39,836 [AetherRepositoryConnector-repo.maven.apache.org-0-4] INFO  o.e.m.c.i.e.AbstractTransferListenerAdapter - Downloading https://repo.maven.apache.org/maven2/org/seleniumhq/selenium/selenium-edge-driver/4.27.0/selenium-edge-driver-4.27.0.jar
2024-12-15 14:22:39,935 [AetherRepositoryConnector-repo.maven.apache.org-0-4] INFO  o.e.m.c.i.e.AbstractTransferListenerAdapter - Downloaded https://repo.maven.apache.org/maven2/org/seleniumhq/selenium/selenium-edge-driver/4.27.0/selenium-edge-driver-4.27.0.jar
2024-12-15 14:22:40,039 [AetherRepositoryConnector-repo.maven.apache.org-0-4] INFO  o.e.m.c.i.e.AbstractTransferListenerAdapter - Downloading https://repo.maven.apache.org/maven2/org/seleniumhq/selenium/selenium-firefox-driver/4.27.0/selenium-firefox-driver-4.27.0.jar
2024-12-15 14:22:40,215 [AetherRepositoryConnector-repo.maven.apache.org-0-2] INFO  o.e.m.c.i.e.AbstractTransferListenerAdapter - Downloaded https://repo.maven.apache.org/maven2/org/seleniumhq/selenium/selenium-devtools-v129/4.27.0/selenium-devtools-v129-4.27.0.jar
2024-12-15 14:22:40,322 [AetherRepositoryConnector-repo.maven.apache.org-0-2] INFO  o.e.m.c.i.e.AbstractTransferListenerAdapter - Downloading https://repo.maven.apache.org/maven2/org/seleniumhq/selenium/selenium-http/4.27.0/selenium-http-4.27.0.jar
2024-12-15 14:22:40,337 [AetherRepositoryConnector-repo.maven.apache.org-0-4] INFO  o.e.m.c.i.e.AbstractTransferListenerAdapter - Downloaded https://repo.maven.apache.org/maven2/org/seleniumhq/selenium/selenium-firefox-driver/4.27.0/selenium-firefox-driver-4.27.0.jar
2024-12-15 14:22:40,397 [AetherRepositoryConnector-repo.maven.apache.org-0-4] INFO  o.e.m.c.i.e.AbstractTransferListenerAdapter - Downloading https://repo.maven.apache.org/maven2/org/seleniumhq/selenium/selenium-ie-driver/4.27.0/selenium-ie-driver-4.27.0.jar
2024-12-15 14:22:40,554 [AetherRepositoryConnector-repo.maven.apache.org-0-4] INFO  o.e.m.c.i.e.AbstractTransferListenerAdapter - Downloaded https://repo.maven.apache.org/maven2/org/seleniumhq/selenium/selenium-ie-driver/4.27.0/selenium-ie-driver-4.27.0.jar
2024-12-15 14:22:40,554 [AetherRepositoryConnector-repo.maven.apache.org-0-2] INFO  o.e.m.c.i.e.AbstractTransferListenerAdapter - Downloaded https://repo.maven.apache.org/maven2/org/seleniumhq/selenium/selenium-http/4.27.0/selenium-http-4.27.0.jar
2024-12-15 14:22:40,556 [AetherRepositoryConnector-repo.maven.apache.org-0-3] INFO  o.e.m.c.i.e.AbstractTransferListenerAdapter - Downloaded https://repo.maven.apache.org/maven2/org/seleniumhq/selenium/selenium-devtools-v130/4.27.0/selenium-devtools-v130-4.27.0.jar
2024-12-15 14:22:40,557 [AetherRepositoryConnector-repo.maven.apache.org-0-1] INFO  o.e.m.c.i.e.AbstractTransferListenerAdapter - Downloaded https://repo.maven.apache.org/maven2/org/seleniumhq/selenium/selenium-devtools-v131/4.27.0/selenium-devtools-v131-4.27.0.jar
2024-12-15 14:22:40,637 [AetherRepositoryConnector-repo.maven.apache.org-0-4] INFO  o.e.m.c.i.e.AbstractTransferListenerAdapter - Downloading https://repo.maven.apache.org/maven2/org/seleniumhq/selenium/selenium-remote-driver/4.27.0/selenium-remote-driver-4.27.0.jar
2024-12-15 14:22:40,637 [AetherRepositoryConnector-repo.maven.apache.org-0-2] INFO  o.e.m.c.i.e.AbstractTransferListenerAdapter - Downloading https://repo.maven.apache.org/maven2/com/google/guava/guava/33.3.1-jre/guava-33.3.1-jre.jar
2024-12-15 14:22:40,637 [AetherRepositoryConnector-repo.maven.apache.org-0-1] INFO  o.e.m.c.i.e.AbstractTransferListenerAdapter - Downloading https://repo.maven.apache.org/maven2/io/opentelemetry/opentelemetry-context/1.44.1/opentelemetry-context-1.44.1.jar
2024-12-15 14:22:40,637 [AetherRepositoryConnector-repo.maven.apache.org-0-3] INFO  o.e.m.c.i.e.AbstractTransferListenerAdapter - Downloading https://repo.maven.apache.org/maven2/io/opentelemetry/opentelemetry-api/1.44.1/opentelemetry-api-1.44.1.jar
2024-12-15 14:22:40,936 [AetherRepositoryConnector-repo.maven.apache.org-0-1] INFO  o.e.m.c.i.e.AbstractTransferListenerAdapter - Downloaded https://repo.maven.apache.org/maven2/io/opentelemetry/opentelemetry-context/1.44.1/opentelemetry-context-1.44.1.jar
2024-12-15 14:22:41,036 [AetherRepositoryConnector-repo.maven.apache.org-0-1] INFO  o.e.m.c.i.e.AbstractTransferListenerAdapter - Downloading https://repo.maven.apache.org/maven2/io/opentelemetry/opentelemetry-exporter-logging/1.44.1/opentelemetry-exporter-logging-1.44.1.jar
2024-12-15 14:22:41,194 [AetherRepositoryConnector-repo.maven.apache.org-0-1] INFO  o.e.m.c.i.e.AbstractTransferListenerAdapter - Downloaded https://repo.maven.apache.org/maven2/io/opentelemetry/opentelemetry-exporter-logging/1.44.1/opentelemetry-exporter-logging-1.44.1.jar
2024-12-15 14:22:41,197 [AetherRepositoryConnector-repo.maven.apache.org-0-3] INFO  o.e.m.c.i.e.AbstractTransferListenerAdapter - Downloaded https://repo.maven.apache.org/maven2/io/opentelemetry/opentelemetry-api/1.44.1/opentelemetry-api-1.44.1.jar
2024-12-15 14:22:41,242 [AetherRepositoryConnector-repo.maven.apache.org-0-1] INFO  o.e.m.c.i.e.AbstractTransferListenerAdapter - Downloading https://repo.maven.apache.org/maven2/io/opentelemetry/opentelemetry-sdk-common/1.44.1/opentelemetry-sdk-common-1.44.1.jar
2024-12-15 14:22:41,264 [AetherRepositoryConnector-repo.maven.apache.org-0-3] INFO  o.e.m.c.i.e.AbstractTransferListenerAdapter - Downloading https://repo.maven.apache.org/maven2/io/opentelemetry/opentelemetry-sdk-extension-autoconfigure-spi/1.44.1/opentelemetry-sdk-extension-autoconfigure-spi-1.44.1.jar
2024-12-15 14:22:41,425 [AetherRepositoryConnector-repo.maven.apache.org-0-1] INFO  o.e.m.c.i.e.AbstractTransferListenerAdapter - Downloaded https://repo.maven.apache.org/maven2/io/opentelemetry/opentelemetry-sdk-common/1.44.1/opentelemetry-sdk-common-1.44.1.jar
2024-12-15 14:22:41,425 [AetherRepositoryConnector-repo.maven.apache.org-0-3] INFO  o.e.m.c.i.e.AbstractTransferListenerAdapter - Downloaded https://repo.maven.apache.org/maven2/io/opentelemetry/opentelemetry-sdk-extension-autoconfigure-spi/1.44.1/opentelemetry-sdk-extension-autoconfigure-spi-1.44.1.jar
2024-12-15 14:22:41,494 [AetherRepositoryConnector-repo.maven.apache.org-0-3] INFO  o.e.m.c.i.e.AbstractTransferListenerAdapter - Downloading https://repo.maven.apache.org/maven2/io/opentelemetry/opentelemetry-api-incubator/1.44.1-alpha/opentelemetry-api-incubator-1.44.1-alpha.jar
2024-12-15 14:22:41,494 [AetherRepositoryConnector-repo.maven.apache.org-0-1] INFO  o.e.m.c.i.e.AbstractTransferListenerAdapter - Downloading https://repo.maven.apache.org/maven2/io/opentelemetry/opentelemetry-sdk-extension-autoconfigure/1.44.1/opentelemetry-sdk-extension-autoconfigure-1.44.1.jar
2024-12-15 14:22:41,555 [AetherRepositoryConnector-repo.maven.apache.org-0-4] INFO  o.e.m.c.i.e.AbstractTransferListenerAdapter - Downloaded https://repo.maven.apache.org/maven2/org/seleniumhq/selenium/selenium-remote-driver/4.27.0/selenium-remote-driver-4.27.0.jar
2024-12-15 14:22:41,624 [AetherRepositoryConnector-repo.maven.apache.org-0-4] INFO  o.e.m.c.i.e.AbstractTransferListenerAdapter - Downloading https://repo.maven.apache.org/maven2/io/opentelemetry/opentelemetry-sdk-trace/1.44.1/opentelemetry-sdk-trace-1.44.1.jar
2024-12-15 14:22:41,667 [AetherRepositoryConnector-repo.maven.apache.org-0-1] INFO  o.e.m.c.i.e.AbstractTransferListenerAdapter - Downloaded https://repo.maven.apache.org/maven2/io/opentelemetry/opentelemetry-sdk-extension-autoconfigure/1.44.1/opentelemetry-sdk-extension-autoconfigure-1.44.1.jar
2024-12-15 14:22:41,668 [AetherRepositoryConnector-repo.maven.apache.org-0-3] INFO  o.e.m.c.i.e.AbstractTransferListenerAdapter - Downloaded https://repo.maven.apache.org/maven2/io/opentelemetry/opentelemetry-api-incubator/1.44.1-alpha/opentelemetry-api-incubator-1.44.1-alpha.jar
2024-12-15 14:22:41,757 [AetherRepositoryConnector-repo.maven.apache.org-0-3] INFO  o.e.m.c.i.e.AbstractTransferListenerAdapter - Downloading https://repo.maven.apache.org/maven2/io/opentelemetry/opentelemetry-sdk-metrics/1.44.1/opentelemetry-sdk-metrics-1.44.1.jar
2024-12-15 14:22:41,757 [AetherRepositoryConnector-repo.maven.apache.org-0-1] INFO  o.e.m.c.i.e.AbstractTransferListenerAdapter - Downloading https://repo.maven.apache.org/maven2/io/opentelemetry/opentelemetry-sdk/1.44.1/opentelemetry-sdk-1.44.1.jar
2024-12-15 14:22:41,838 [AetherRepositoryConnector-repo.maven.apache.org-0-1] INFO  o.e.m.c.i.e.AbstractTransferListenerAdapter - Downloaded https://repo.maven.apache.org/maven2/io/opentelemetry/opentelemetry-sdk/1.44.1/opentelemetry-sdk-1.44.1.jar
2024-12-15 14:22:41,881 [AetherRepositoryConnector-repo.maven.apache.org-0-4] INFO  o.e.m.c.i.e.AbstractTransferListenerAdapter - Downloaded https://repo.maven.apache.org/maven2/io/opentelemetry/opentelemetry-sdk-trace/1.44.1/opentelemetry-sdk-trace-1.44.1.jar
2024-12-15 14:22:41,926 [AetherRepositoryConnector-repo.maven.apache.org-0-1] INFO  o.e.m.c.i.e.AbstractTransferListenerAdapter - Downloading https://repo.maven.apache.org/maven2/io/opentelemetry/opentelemetry-sdk-logs/1.44.1/opentelemetry-sdk-logs-1.44.1.jar
2024-12-15 14:22:41,963 [AetherRepositoryConnector-repo.maven.apache.org-0-4] INFO  o.e.m.c.i.e.AbstractTransferListenerAdapter - Downloading https://repo.maven.apache.org/maven2/net/bytebuddy/byte-buddy/1.15.10/byte-buddy-1.15.10.jar
2024-12-15 14:22:42,067 [AetherRepositoryConnector-repo.maven.apache.org-0-1] INFO  o.e.m.c.i.e.AbstractTransferListenerAdapter - Downloaded https://repo.maven.apache.org/maven2/io/opentelemetry/opentelemetry-sdk-logs/1.44.1/opentelemetry-sdk-logs-1.44.1.jar
2024-12-15 14:22:42,142 [AetherRepositoryConnector-repo.maven.apache.org-0-1] INFO  o.e.m.c.i.e.AbstractTransferListenerAdapter - Downloading https://repo.maven.apache.org/maven2/org/seleniumhq/selenium/selenium-os/4.27.0/selenium-os-4.27.0.jar
2024-12-15 14:22:42,181 [AetherRepositoryConnector-repo.maven.apache.org-0-3] INFO  o.e.m.c.i.e.AbstractTransferListenerAdapter - Downloaded https://repo.maven.apache.org/maven2/io/opentelemetry/opentelemetry-sdk-metrics/1.44.1/opentelemetry-sdk-metrics-1.44.1.jar
2024-12-15 14:22:42,223 [AetherRepositoryConnector-repo.maven.apache.org-0-3] INFO  o.e.m.c.i.e.AbstractTransferListenerAdapter - Downloading https://repo.maven.apache.org/maven2/org/seleniumhq/selenium/selenium-safari-driver/4.27.0/selenium-safari-driver-4.27.0.jar
2024-12-15 14:22:42,229 [AetherRepositoryConnector-repo.maven.apache.org-0-1] INFO  o.e.m.c.i.e.AbstractTransferListenerAdapter - Downloaded https://repo.maven.apache.org/maven2/org/seleniumhq/selenium/selenium-os/4.27.0/selenium-os-4.27.0.jar
2024-12-15 14:22:42,276 [AetherRepositoryConnector-repo.maven.apache.org-0-1] INFO  o.e.m.c.i.e.AbstractTransferListenerAdapter - Downloading https://repo.maven.apache.org/maven2/org/seleniumhq/selenium/selenium-support/4.27.0/selenium-support-4.27.0.jar
2024-12-15 14:22:42,333 [AetherRepositoryConnector-repo.maven.apache.org-0-3] INFO  o.e.m.c.i.e.AbstractTransferListenerAdapter - Downloaded https://repo.maven.apache.org/maven2/org/seleniumhq/selenium/selenium-safari-driver/4.27.0/selenium-safari-driver-4.27.0.jar
2024-12-15 14:22:42,500 [AetherRepositoryConnector-repo.maven.apache.org-0-1] INFO  o.e.m.c.i.e.AbstractTransferListenerAdapter - Downloaded https://repo.maven.apache.org/maven2/org/seleniumhq/selenium/selenium-support/4.27.0/selenium-support-4.27.0.jar
2024-12-15 14:22:43,980 [AetherRepositoryConnector-repo.maven.apache.org-0-2] INFO  o.e.m.c.i.e.AbstractTransferListenerAdapter - Downloaded https://repo.maven.apache.org/maven2/com/google/guava/guava/33.3.1-jre/guava-33.3.1-jre.jar
2024-12-15 14:22:45,986 [AetherRepositoryConnector-repo.maven.apache.org-0-0] INFO  o.e.m.c.i.e.AbstractTransferListenerAdapter - Downloaded https://repo.maven.apache.org/maven2/org/seleniumhq/selenium/selenium-manager/4.27.0/selenium-manager-4.27.0.jar
2024-12-15 14:22:47,144 [AetherRepositoryConnector-repo.maven.apache.org-0-4] INFO  o.e.m.c.i.e.AbstractTransferListenerAdapter - Downloaded https://repo.maven.apache.org/maven2/net/bytebuddy/byte-buddy/1.15.10/byte-buddy-1.15.10.jar
2024-12-15 14:22:54,151 [Worker-98: Building] INFO  o.a.m.s.f.DefaultMavenResourcesFiltering - skip non existing resourceDirectory C:\Users\2155644\eclipse-workspace\SeleniumAutomation\SeleniumSessionNov\src\main\resources
2024-12-15 14:22:54,154 [Worker-98: Building] INFO  o.a.m.s.f.DefaultMavenResourcesFiltering - skip non existing resourceDirectory C:\Users\2155644\eclipse-workspace\SeleniumAutomation\SeleniumSessionNov\src\test\resources
2024-12-15 14:22:55,137 [Worker-105: Download sources and javadoc] INFO  o.e.m.c.i.e.AbstractTransferListenerAdapter - Downloading https://repo.maven.apache.org/maven2/org/seleniumhq/selenium/selenium-java/4.27.0/selenium-java-4.27.0-sources.jar
2024-12-15 14:22:55,165 [Worker-105: Download sources and javadoc] INFO  o.e.m.c.i.e.AbstractTransferListenerAdapter - Downloaded https://repo.maven.apache.org/maven2/org/seleniumhq/selenium/selenium-java/4.27.0/selenium-java-4.27.0-sources.jar
2024-12-15 14:22:55,303 [Worker-105: Download sources and javadoc] INFO  o.e.m.j.internal.DownloadSourcesJob - Downloaded sources for org.seleniumhq.selenium:selenium-java:4.27.0
2024-12-15 14:22:55,373 [Worker-105: Download sources and javadoc] INFO  o.e.m.c.i.e.AbstractTransferListenerAdapter - Downloading https://repo.maven.apache.org/maven2/org/seleniumhq/selenium/selenium-api/4.27.0/selenium-api-4.27.0-sources.jar
2024-12-15 14:22:55,415 [Worker-105: Download sources and javadoc] INFO  o.e.m.c.i.e.AbstractTransferListenerAdapter - Downloaded https://repo.maven.apache.org/maven2/org/seleniumhq/selenium/selenium-api/4.27.0/selenium-api-4.27.0-sources.jar
2024-12-15 14:22:55,530 [Worker-105: Download sources and javadoc] INFO  o.e.m.j.internal.DownloadSourcesJob - Downloaded sources for org.seleniumhq.selenium:selenium-api:4.27.0
2024-12-15 14:22:55,582 [Worker-105: Download sources and javadoc] INFO  o.e.m.c.i.e.AbstractTransferListenerAdapter - Downloading https://repo.maven.apache.org/maven2/org/seleniumhq/selenium/selenium-chrome-driver/4.27.0/selenium-chrome-driver-4.27.0-sources.jar
2024-12-15 14:22:55,601 [Worker-105: Download sources and javadoc] INFO  o.e.m.c.i.e.AbstractTransferListenerAdapter - Downloaded https://repo.maven.apache.org/maven2/org/seleniumhq/selenium/selenium-chrome-driver/4.27.0/selenium-chrome-driver-4.27.0-sources.jar
2024-12-15 14:22:55,735 [Worker-105: Download sources and javadoc] INFO  o.e.m.j.internal.DownloadSourcesJob - Downloaded sources for org.seleniumhq.selenium:selenium-chrome-driver:4.27.0
2024-12-15 14:22:55,801 [Worker-105: Download sources and javadoc] INFO  o.e.m.c.i.e.AbstractTransferListenerAdapter - Downloading https://repo.maven.apache.org/maven2/org/seleniumhq/selenium/selenium-chromium-driver/4.27.0/selenium-chromium-driver-4.27.0-sources.jar
2024-12-15 14:22:55,817 [Worker-105: Download sources and javadoc] INFO  o.e.m.c.i.e.AbstractTransferListenerAdapter - Downloaded https://repo.maven.apache.org/maven2/org/seleniumhq/selenium/selenium-chromium-driver/4.27.0/selenium-chromium-driver-4.27.0-sources.jar
2024-12-15 14:22:55,962 [Worker-102: Building] INFO  o.a.m.s.f.DefaultMavenResourcesFiltering - skip non existing resourceDirectory C:\Users\2155644\eclipse-workspace\SeleniumAutomation\SeleniumSessionNov\src\main\resources
2024-12-15 14:22:55,965 [Worker-102: Building] INFO  o.a.m.s.f.DefaultMavenResourcesFiltering - skip non existing resourceDirectory C:\Users\2155644\eclipse-workspace\SeleniumAutomation\SeleniumSessionNov\src\test\resources
2024-12-15 14:22:56,039 [Worker-105: Download sources and javadoc] INFO  o.e.m.j.internal.DownloadSourcesJob - Downloaded sources for org.seleniumhq.selenium:selenium-chromium-driver:4.27.0
2024-12-15 14:22:56,127 [Worker-105: Download sources and javadoc] INFO  o.e.m.c.i.e.AbstractTransferListenerAdapter - Downloading https://repo.maven.apache.org/maven2/org/seleniumhq/selenium/selenium-json/4.27.0/selenium-json-4.27.0-sources.jar
2024-12-15 14:22:56,152 [Worker-105: Download sources and javadoc] INFO  o.e.m.c.i.e.AbstractTransferListenerAdapter - Downloaded https://repo.maven.apache.org/maven2/org/seleniumhq/selenium/selenium-json/4.27.0/selenium-json-4.27.0-sources.jar
2024-12-15 14:22:56,264 [Worker-105: Download sources and javadoc] INFO  o.e.m.j.internal.DownloadSourcesJob - Downloaded sources for org.seleniumhq.selenium:selenium-json:4.27.0
2024-12-15 14:22:56,323 [Worker-105: Download sources and javadoc] INFO  o.e.m.c.i.e.AbstractTransferListenerAdapter - Downloading https://repo.maven.apache.org/maven2/org/seleniumhq/selenium/selenium-manager/4.27.0/selenium-manager-4.27.0-sources.jar
2024-12-15 14:22:56,347 [Worker-105: Download sources and javadoc] INFO  o.e.m.c.i.e.AbstractTransferListenerAdapter - Downloaded https://repo.maven.apache.org/maven2/org/seleniumhq/selenium/selenium-manager/4.27.0/selenium-manager-4.27.0-sources.jar
2024-12-15 14:22:56,462 [Worker-105: Download sources and javadoc] INFO  o.e.m.j.internal.DownloadSourcesJob - Downloaded sources for org.seleniumhq.selenium:selenium-manager:4.27.0
2024-12-15 14:22:56,519 [Worker-105: Download sources and javadoc] INFO  o.e.m.c.i.e.AbstractTransferListenerAdapter - Downloading https://repo.maven.apache.org/maven2/org/seleniumhq/selenium/selenium-devtools-v129/4.27.0/selenium-devtools-v129-4.27.0-sources.jar
2024-12-15 14:22:56,690 [Worker-105: Download sources and javadoc] INFO  o.e.m.c.i.e.AbstractTransferListenerAdapter - Downloaded https://repo.maven.apache.org/maven2/org/seleniumhq/selenium/selenium-devtools-v129/4.27.0/selenium-devtools-v129-4.27.0-sources.jar
2024-12-15 14:22:56,826 [Worker-105: Download sources and javadoc] INFO  o.e.m.j.internal.DownloadSourcesJob - Downloaded sources for org.seleniumhq.selenium:selenium-devtools-v129:4.27.0
2024-12-15 14:22:56,904 [Worker-105: Download sources and javadoc] INFO  o.e.m.c.i.e.AbstractTransferListenerAdapter - Downloading https://repo.maven.apache.org/maven2/org/seleniumhq/selenium/selenium-devtools-v130/4.27.0/selenium-devtools-v130-4.27.0-sources.jar
2024-12-15 14:22:57,007 [Worker-105: Download sources and javadoc] INFO  o.e.m.c.i.e.AbstractTransferListenerAdapter - Downloaded https://repo.maven.apache.org/maven2/org/seleniumhq/selenium/selenium-devtools-v130/4.27.0/selenium-devtools-v130-4.27.0-sources.jar
2024-12-15 14:22:57,131 [Worker-105: Download sources and javadoc] INFO  o.e.m.j.internal.DownloadSourcesJob - Downloaded sources for org.seleniumhq.selenium:selenium-devtools-v130:4.27.0
2024-12-15 14:22:57,184 [Worker-105: Download sources and javadoc] INFO  o.e.m.c.i.e.AbstractTransferListenerAdapter - Downloading https://repo.maven.apache.org/maven2/org/seleniumhq/selenium/selenium-devtools-v131/4.27.0/selenium-devtools-v131-4.27.0-sources.jar
2024-12-15 14:22:57,358 [Worker-105: Download sources and javadoc] INFO  o.e.m.c.i.e.AbstractTransferListenerAdapter - Downloaded https://repo.maven.apache.org/maven2/org/seleniumhq/selenium/selenium-devtools-v131/4.27.0/selenium-devtools-v131-4.27.0-sources.jar
2024-12-15 14:22:57,466 [Worker-105: Download sources and javadoc] INFO  o.e.m.j.internal.DownloadSourcesJob - Downloaded sources for org.seleniumhq.selenium:selenium-devtools-v131:4.27.0
2024-12-15 14:22:57,535 [Worker-105: Download sources and javadoc] INFO  o.e.m.c.i.e.AbstractTransferListenerAdapter - Downloading https://repo.maven.apache.org/maven2/org/seleniumhq/selenium/selenium-devtools-v85/4.27.0/selenium-devtools-v85-4.27.0-sources.jar
2024-12-15 14:22:57,596 [Worker-105: Download sources and javadoc] INFO  o.e.m.c.i.e.AbstractTransferListenerAdapter - Downloaded https://repo.maven.apache.org/maven2/org/seleniumhq/selenium/selenium-devtools-v85/4.27.0/selenium-devtools-v85-4.27.0-sources.jar
2024-12-15 14:22:57,692 [Worker-105: Download sources and javadoc] INFO  o.e.m.j.internal.DownloadSourcesJob - Downloaded sources for org.seleniumhq.selenium:selenium-devtools-v85:4.27.0
2024-12-15 14:22:57,752 [Worker-105: Download sources and javadoc] INFO  o.e.m.c.i.e.AbstractTransferListenerAdapter - Downloading https://repo.maven.apache.org/maven2/org/seleniumhq/selenium/selenium-edge-driver/4.27.0/selenium-edge-driver-4.27.0-sources.jar
2024-12-15 14:22:57,774 [Worker-105: Download sources and javadoc] INFO  o.e.m.c.i.e.AbstractTransferListenerAdapter - Downloaded https://repo.maven.apache.org/maven2/org/seleniumhq/selenium/selenium-edge-driver/4.27.0/selenium-edge-driver-4.27.0-sources.jar
2024-12-15 14:22:57,897 [Worker-105: Download sources and javadoc] INFO  o.e.m.j.internal.DownloadSourcesJob - Downloaded sources for org.seleniumhq.selenium:selenium-edge-driver:4.27.0
2024-12-15 14:22:57,950 [Worker-105: Download sources and javadoc] INFO  o.e.m.c.i.e.AbstractTransferListenerAdapter - Downloading https://repo.maven.apache.org/maven2/org/seleniumhq/selenium/selenium-firefox-driver/4.27.0/selenium-firefox-driver-4.27.0-sources.jar
2024-12-15 14:22:57,976 [Worker-105: Download sources and javadoc] INFO  o.e.m.c.i.e.AbstractTransferListenerAdapter - Downloaded https://repo.maven.apache.org/maven2/org/seleniumhq/selenium/selenium-firefox-driver/4.27.0/selenium-firefox-driver-4.27.0-sources.jar
2024-12-15 14:22:58,121 [Worker-105: Download sources and javadoc] INFO  o.e.m.j.internal.DownloadSourcesJob - Downloaded sources for org.seleniumhq.selenium:selenium-firefox-driver:4.27.0
2024-12-15 14:22:58,188 [Worker-105: Download sources and javadoc] INFO  o.e.m.c.i.e.AbstractTransferListenerAdapter - Downloading https://repo.maven.apache.org/maven2/org/seleniumhq/selenium/selenium-http/4.27.0/selenium-http-4.27.0-sources.jar
2024-12-15 14:22:58,216 [Worker-105: Download sources and javadoc] INFO  o.e.m.c.i.e.AbstractTransferListenerAdapter - Downloaded https://repo.maven.apache.org/maven2/org/seleniumhq/selenium/selenium-http/4.27.0/selenium-http-4.27.0-sources.jar
2024-12-15 14:22:58,481 [Worker-105: Download sources and javadoc] INFO  o.e.m.j.internal.DownloadSourcesJob - Downloaded sources for org.seleniumhq.selenium:selenium-http:4.27.0
2024-12-15 14:22:58,538 [Worker-105: Download sources and javadoc] INFO  o.e.m.c.i.e.AbstractTransferListenerAdapter - Downloading https://repo.maven.apache.org/maven2/org/seleniumhq/selenium/selenium-ie-driver/4.27.0/selenium-ie-driver-4.27.0-sources.jar
2024-12-15 14:22:58,557 [Worker-105: Download sources and javadoc] INFO  o.e.m.c.i.e.AbstractTransferListenerAdapter - Downloaded https://repo.maven.apache.org/maven2/org/seleniumhq/selenium/selenium-ie-driver/4.27.0/selenium-ie-driver-4.27.0-sources.jar
2024-12-15 14:22:58,651 [Worker-105: Download sources and javadoc] INFO  o.e.m.j.internal.DownloadSourcesJob - Downloaded sources for org.seleniumhq.selenium:selenium-ie-driver:4.27.0
2024-12-15 14:22:58,714 [Worker-105: Download sources and javadoc] INFO  o.e.m.c.i.e.AbstractTransferListenerAdapter - Downloading https://repo.maven.apache.org/maven2/org/seleniumhq/selenium/selenium-remote-driver/4.27.0/selenium-remote-driver-4.27.0-sources.jar
2024-12-15 14:22:58,767 [Worker-105: Download sources and javadoc] INFO  o.e.m.c.i.e.AbstractTransferListenerAdapter - Downloaded https://repo.maven.apache.org/maven2/org/seleniumhq/selenium/selenium-remote-driver/4.27.0/selenium-remote-driver-4.27.0-sources.jar
2024-12-15 14:22:58,879 [Worker-105: Download sources and javadoc] INFO  o.e.m.j.internal.DownloadSourcesJob - Downloaded sources for org.seleniumhq.selenium:selenium-remote-driver:4.27.0
2024-12-15 14:22:58,925 [Worker-105: Download sources and javadoc] INFO  o.e.m.c.i.e.AbstractTransferListenerAdapter - Downloading https://repo.maven.apache.org/maven2/com/google/guava/guava/33.3.1-jre/guava-33.3.1-jre-sources.jar
2024-12-15 14:22:59,158 [Worker-105: Download sources and javadoc] INFO  o.e.m.c.i.e.AbstractTransferListenerAdapter - Downloaded https://repo.maven.apache.org/maven2/com/google/guava/guava/33.3.1-jre/guava-33.3.1-jre-sources.jar
2024-12-15 14:22:59,264 [Worker-105: Download sources and javadoc] INFO  o.e.m.j.internal.DownloadSourcesJob - Downloaded sources for com.google.guava:guava:33.3.1-jre
2024-12-15 14:22:59,315 [Worker-105: Download sources and javadoc] INFO  o.e.m.c.i.e.AbstractTransferListenerAdapter - Downloading https://repo.maven.apache.org/maven2/io/opentelemetry/opentelemetry-api/1.44.1/opentelemetry-api-1.44.1-sources.jar
2024-12-15 14:22:59,341 [Worker-105: Download sources and javadoc] INFO  o.e.m.c.i.e.AbstractTransferListenerAdapter - Downloaded https://repo.maven.apache.org/maven2/io/opentelemetry/opentelemetry-api/1.44.1/opentelemetry-api-1.44.1-sources.jar
2024-12-15 14:22:59,426 [Worker-105: Download sources and javadoc] INFO  o.e.m.j.internal.DownloadSourcesJob - Downloaded sources for io.opentelemetry:opentelemetry-api:1.44.1
2024-12-15 14:22:59,477 [Worker-105: Download sources and javadoc] INFO  o.e.m.c.i.e.AbstractTransferListenerAdapter - Downloading https://repo.maven.apache.org/maven2/io/opentelemetry/opentelemetry-context/1.44.1/opentelemetry-context-1.44.1-sources.jar
2024-12-15 14:22:59,494 [Worker-105: Download sources and javadoc] INFO  o.e.m.c.i.e.AbstractTransferListenerAdapter - Downloaded https://repo.maven.apache.org/maven2/io/opentelemetry/opentelemetry-context/1.44.1/opentelemetry-context-1.44.1-sources.jar
2024-12-15 14:22:59,579 [Worker-105: Download sources and javadoc] INFO  o.e.m.j.internal.DownloadSourcesJob - Downloaded sources for io.opentelemetry:opentelemetry-context:1.44.1
2024-12-15 14:22:59,627 [Worker-105: Download sources and javadoc] INFO  o.e.m.c.i.e.AbstractTransferListenerAdapter - Downloading https://repo.maven.apache.org/maven2/io/opentelemetry/opentelemetry-exporter-logging/1.44.1/opentelemetry-exporter-logging-1.44.1-sources.jar
2024-12-15 14:22:59,648 [Worker-105: Download sources and javadoc] INFO  o.e.m.c.i.e.AbstractTransferListenerAdapter - Downloaded https://repo.maven.apache.org/maven2/io/opentelemetry/opentelemetry-exporter-logging/1.44.1/opentelemetry-exporter-logging-1.44.1-sources.jar
2024-12-15 14:22:59,746 [Worker-105: Download sources and javadoc] INFO  o.e.m.j.internal.DownloadSourcesJob - Downloaded sources for io.opentelemetry:opentelemetry-exporter-logging:1.44.1
2024-12-15 14:22:59,799 [Worker-105: Download sources and javadoc] INFO  o.e.m.c.i.e.AbstractTransferListenerAdapter - Downloading https://repo.maven.apache.org/maven2/io/opentelemetry/opentelemetry-sdk-common/1.44.1/opentelemetry-sdk-common-1.44.1-sources.jar
2024-12-15 14:22:59,819 [Worker-105: Download sources and javadoc] INFO  o.e.m.c.i.e.AbstractTransferListenerAdapter - Downloaded https://repo.maven.apache.org/maven2/io/opentelemetry/opentelemetry-sdk-common/1.44.1/opentelemetry-sdk-common-1.44.1-sources.jar
2024-12-15 14:22:59,915 [Worker-105: Download sources and javadoc] INFO  o.e.m.j.internal.DownloadSourcesJob - Downloaded sources for io.opentelemetry:opentelemetry-sdk-common:1.44.1
2024-12-15 14:22:59,979 [Worker-105: Download sources and javadoc] INFO  o.e.m.c.i.e.AbstractTransferListenerAdapter - Downloading https://repo.maven.apache.org/maven2/io/opentelemetry/opentelemetry-sdk-extension-autoconfigure-spi/1.44.1/opentelemetry-sdk-extension-autoconfigure-spi-1.44.1-sources.jar
2024-12-15 14:22:59,995 [Worker-105: Download sources and javadoc] INFO  o.e.m.c.i.e.AbstractTransferListenerAdapter - Downloaded https://repo.maven.apache.org/maven2/io/opentelemetry/opentelemetry-sdk-extension-autoconfigure-spi/1.44.1/opentelemetry-sdk-extension-autoconfigure-spi-1.44.1-sources.jar
2024-12-15 14:23:00,138 [Worker-105: Download sources and javadoc] INFO  o.e.m.j.internal.DownloadSourcesJob - Downloaded sources for io.opentelemetry:opentelemetry-sdk-extension-autoconfigure-spi:1.44.1
2024-12-15 14:23:00,191 [Worker-105: Download sources and javadoc] INFO  o.e.m.c.i.e.AbstractTransferListenerAdapter - Downloading https://repo.maven.apache.org/maven2/io/opentelemetry/opentelemetry-sdk-extension-autoconfigure/1.44.1/opentelemetry-sdk-extension-autoconfigure-1.44.1-sources.jar
2024-12-15 14:23:00,212 [Worker-105: Download sources and javadoc] INFO  o.e.m.c.i.e.AbstractTransferListenerAdapter - Downloaded https://repo.maven.apache.org/maven2/io/opentelemetry/opentelemetry-sdk-extension-autoconfigure/1.44.1/opentelemetry-sdk-extension-autoconfigure-1.44.1-sources.jar
2024-12-15 14:23:00,398 [Worker-105: Download sources and javadoc] INFO  o.e.m.j.internal.DownloadSourcesJob - Downloaded sources for io.opentelemetry:opentelemetry-sdk-extension-autoconfigure:1.44.1
2024-12-15 14:23:00,451 [Worker-105: Download sources and javadoc] INFO  o.e.m.c.i.e.AbstractTransferListenerAdapter - Downloading https://repo.maven.apache.org/maven2/io/opentelemetry/opentelemetry-api-incubator/1.44.1-alpha/opentelemetry-api-incubator-1.44.1-alpha-sources.jar
2024-12-15 14:23:00,469 [Worker-105: Download sources and javadoc] INFO  o.e.m.c.i.e.AbstractTransferListenerAdapter - Downloaded https://repo.maven.apache.org/maven2/io/opentelemetry/opentelemetry-api-incubator/1.44.1-alpha/opentelemetry-api-incubator-1.44.1-alpha-sources.jar
2024-12-15 14:23:00,542 [Worker-105: Download sources and javadoc] INFO  o.e.m.j.internal.DownloadSourcesJob - Downloaded sources for io.opentelemetry:opentelemetry-api-incubator:1.44.1-alpha
2024-12-15 14:23:00,594 [Worker-105: Download sources and javadoc] INFO  o.e.m.c.i.e.AbstractTransferListenerAdapter - Downloading https://repo.maven.apache.org/maven2/io/opentelemetry/opentelemetry-sdk-trace/1.44.1/opentelemetry-sdk-trace-1.44.1-sources.jar
2024-12-15 14:23:00,624 [Worker-105: Download sources and javadoc] INFO  o.e.m.c.i.e.AbstractTransferListenerAdapter - Downloaded https://repo.maven.apache.org/maven2/io/opentelemetry/opentelemetry-sdk-trace/1.44.1/opentelemetry-sdk-trace-1.44.1-sources.jar
2024-12-15 14:23:00,723 [Worker-105: Download sources and javadoc] INFO  o.e.m.j.internal.DownloadSourcesJob - Downloaded sources for io.opentelemetry:opentelemetry-sdk-trace:1.44.1
2024-12-15 14:23:00,823 [Worker-105: Download sources and javadoc] INFO  o.e.m.c.i.e.AbstractTransferListenerAdapter - Downloading https://repo.maven.apache.org/maven2/io/opentelemetry/opentelemetry-sdk/1.44.1/opentelemetry-sdk-1.44.1-sources.jar
2024-12-15 14:23:00,860 [Worker-105: Download sources and javadoc] INFO  o.e.m.c.i.e.AbstractTransferListenerAdapter - Downloaded https://repo.maven.apache.org/maven2/io/opentelemetry/opentelemetry-sdk/1.44.1/opentelemetry-sdk-1.44.1-sources.jar
2024-12-15 14:23:00,945 [Worker-105: Download sources and javadoc] INFO  o.e.m.j.internal.DownloadSourcesJob - Downloaded sources for io.opentelemetry:opentelemetry-sdk:1.44.1
2024-12-15 14:23:00,999 [Worker-105: Download sources and javadoc] INFO  o.e.m.c.i.e.AbstractTransferListenerAdapter - Downloading https://repo.maven.apache.org/maven2/io/opentelemetry/opentelemetry-sdk-metrics/1.44.1/opentelemetry-sdk-metrics-1.44.1-sources.jar
2024-12-15 14:23:01,044 [Worker-105: Download sources and javadoc] INFO  o.e.m.c.i.e.AbstractTransferListenerAdapter - Downloaded https://repo.maven.apache.org/maven2/io/opentelemetry/opentelemetry-sdk-metrics/1.44.1/opentelemetry-sdk-metrics-1.44.1-sources.jar
2024-12-15 14:23:01,122 [Worker-105: Download sources and javadoc] INFO  o.e.m.j.internal.DownloadSourcesJob - Downloaded sources for io.opentelemetry:opentelemetry-sdk-metrics:1.44.1
2024-12-15 14:23:01,181 [Worker-105: Download sources and javadoc] INFO  o.e.m.c.i.e.AbstractTransferListenerAdapter - Downloading https://repo.maven.apache.org/maven2/io/opentelemetry/opentelemetry-sdk-logs/1.44.1/opentelemetry-sdk-logs-1.44.1-sources.jar
2024-12-15 14:23:01,203 [Worker-105: Download sources and javadoc] INFO  o.e.m.c.i.e.AbstractTransferListenerAdapter - Downloaded https://repo.maven.apache.org/maven2/io/opentelemetry/opentelemetry-sdk-logs/1.44.1/opentelemetry-sdk-logs-1.44.1-sources.jar
2024-12-15 14:23:01,301 [Worker-105: Download sources and javadoc] INFO  o.e.m.j.internal.DownloadSourcesJob - Downloaded sources for io.opentelemetry:opentelemetry-sdk-logs:1.44.1
2024-12-15 14:23:01,350 [Worker-105: Download sources and javadoc] INFO  o.e.m.c.i.e.AbstractTransferListenerAdapter - Downloading https://repo.maven.apache.org/maven2/net/bytebuddy/byte-buddy/1.15.10/byte-buddy-1.15.10-sources.jar
2024-12-15 14:23:01,776 [Worker-105: Download sources and javadoc] INFO  o.e.m.c.i.e.AbstractTransferListenerAdapter - Downloaded https://repo.maven.apache.org/maven2/net/bytebuddy/byte-buddy/1.15.10/byte-buddy-1.15.10-sources.jar
2024-12-15 14:23:01,892 [Worker-105: Download sources and javadoc] INFO  o.e.m.j.internal.DownloadSourcesJob - Downloaded sources for net.bytebuddy:byte-buddy:1.15.10
2024-12-15 14:23:01,994 [Worker-105: Download sources and javadoc] INFO  o.e.m.c.i.e.AbstractTransferListenerAdapter - Downloading https://repo.maven.apache.org/maven2/org/seleniumhq/selenium/selenium-os/4.27.0/selenium-os-4.27.0-sources.jar
2024-12-15 14:23:02,035 [Worker-105: Download sources and javadoc] INFO  o.e.m.c.i.e.AbstractTransferListenerAdapter - Downloaded https://repo.maven.apache.org/maven2/org/seleniumhq/selenium/selenium-os/4.27.0/selenium-os-4.27.0-sources.jar
2024-12-15 14:23:02,141 [Worker-105: Download sources and javadoc] INFO  o.e.m.j.internal.DownloadSourcesJob - Downloaded sources for org.seleniumhq.selenium:selenium-os:4.27.0
2024-12-15 14:23:02,192 [Worker-105: Download sources and javadoc] INFO  o.e.m.c.i.e.AbstractTransferListenerAdapter - Downloading https://repo.maven.apache.org/maven2/org/seleniumhq/selenium/selenium-safari-driver/4.27.0/selenium-safari-driver-4.27.0-sources.jar
2024-12-15 14:23:02,208 [Worker-105: Download sources and javadoc] INFO  o.e.m.c.i.e.AbstractTransferListenerAdapter - Downloaded https://repo.maven.apache.org/maven2/org/seleniumhq/selenium/selenium-safari-driver/4.27.0/selenium-safari-driver-4.27.0-sources.jar
2024-12-15 14:23:02,283 [Worker-105: Download sources and javadoc] INFO  o.e.m.j.internal.DownloadSourcesJob - Downloaded sources for org.seleniumhq.selenium:selenium-safari-driver:4.27.0
2024-12-15 14:23:02,336 [Worker-105: Download sources and javadoc] INFO  o.e.m.c.i.e.AbstractTransferListenerAdapter - Downloading https://repo.maven.apache.org/maven2/org/seleniumhq/selenium/selenium-support/4.27.0/selenium-support-4.27.0-sources.jar
2024-12-15 14:23:02,359 [Worker-105: Download sources and javadoc] INFO  o.e.m.c.i.e.AbstractTransferListenerAdapter - Downloaded https://repo.maven.apache.org/maven2/org/seleniumhq/selenium/selenium-support/4.27.0/selenium-support-4.27.0-sources.jar
2024-12-15 14:23:02,533 [Worker-105: Download sources and javadoc] INFO  o.e.m.j.internal.DownloadSourcesJob - Downloaded sources for org.seleniumhq.selenium:selenium-support:4.27.0
2024-12-15 14:23:02,805 [Worker-102: Building] INFO  o.a.m.s.f.DefaultMavenResourcesFiltering - skip non existing resourceDirectory C:\Users\2155644\eclipse-workspace\SeleniumAutomation\SeleniumSessionNov\src\main\resources
2024-12-15 14:23:02,807 [Worker-102: Building] INFO  o.a.m.s.f.DefaultMavenResourcesFiltering - skip non existing resourceDirectory C:\Users\2155644\eclipse-workspace\SeleniumAutomation\SeleniumSessionNov\src\test\resources
2024-12-15 14:24:22,006 [Worker-102: Building] INFO  o.a.m.s.f.DefaultMavenResourcesFiltering - skip non existing resourceDirectory C:\Users\2155644\eclipse-workspace\SeleniumAutomation\SeleniumSessionNov\src\main\resources
2024-12-15 14:24:22,007 [Worker-102: Building] INFO  o.a.m.s.f.DefaultMavenResourcesFiltering - skip non existing resourceDirectory C:\Users\2155644\eclipse-workspace\SeleniumAutomation\SeleniumSessionNov\src\test\resources
2024-12-15 14:27:34,743 [Worker-109: Building] INFO  o.a.m.s.f.DefaultMavenResourcesFiltering - skip non existing resourceDirectory C:\Users\2155644\eclipse-workspace\SeleniumAutomation\SeleniumSessionNov\src\main\resources
2024-12-15 14:27:34,747 [Worker-109: Building] INFO  o.a.m.s.f.DefaultMavenResourcesFiltering - skip non existing resourceDirectory C:\Users\2155644\eclipse-workspace\SeleniumAutomation\SeleniumSessionNov\src\test\resources
2024-12-15 14:32:38,818 [Worker-109: Building] INFO  o.a.m.s.f.DefaultMavenResourcesFiltering - skip non existing resourceDirectory C:\Users\2155644\eclipse-workspace\SeleniumAutomation\SeleniumSessionNov\src\main\resources
2024-12-15 14:32:38,822 [Worker-109: Building] INFO  o.a.m.s.f.DefaultMavenResourcesFiltering - skip non existing resourceDirectory C:\Users\2155644\eclipse-workspace\SeleniumAutomation\SeleniumSessionNov\src\test\resources
2024-12-15 14:33:40,346 [Worker-114: Building] INFO  o.a.m.s.f.DefaultMavenResourcesFiltering - skip non existing resourceDirectory C:\Users\2155644\eclipse-workspace\SeleniumAutomation\SeleniumSessionNov\src\main\resources
2024-12-15 14:33:40,348 [Worker-114: Building] INFO  o.a.m.s.f.DefaultMavenResourcesFiltering - skip non existing resourceDirectory C:\Users\2155644\eclipse-workspace\SeleniumAutomation\SeleniumSessionNov\src\test\resources
2024-12-15 15:16:32,277 [Worker-116: Building] INFO  o.a.m.s.f.DefaultMavenResourcesFiltering - skip non existing resourceDirectory C:\Users\2155644\eclipse-workspace\SeleniumAutomation\SeleniumSessionNov\src\main\resources
2024-12-15 15:16:32,280 [Worker-116: Building] INFO  o.a.m.s.f.DefaultMavenResourcesFiltering - skip non existing resourceDirectory C:\Users\2155644\eclipse-workspace\SeleniumAutomation\SeleniumSessionNov\src\test\resources
2024-12-15 15:17:18,867 [Worker-109: Building] INFO  o.a.m.s.f.DefaultMavenResourcesFiltering - skip non existing resourceDirectory C:\Users\2155644\eclipse-workspace\SeleniumAutomation\SeleniumSessionNov\src\main\resources
2024-12-15 15:17:18,868 [Worker-109: Building] INFO  o.a.m.s.f.DefaultMavenResourcesFiltering - skip non existing resourceDirectory C:\Users\2155644\eclipse-workspace\SeleniumAutomation\SeleniumSessionNov\src\test\resources
2024-12-15 15:19:20,258 [Worker-117: Building] INFO  o.a.m.s.f.DefaultMavenResourcesFiltering - skip non existing resourceDirectory C:\Users\2155644\eclipse-workspace\SeleniumAutomation\SeleniumSessionNov\src\main\resources
2024-12-15 15:19:20,260 [Worker-117: Building] INFO  o.a.m.s.f.DefaultMavenResourcesFiltering - skip non existing resourceDirectory C:\Users\2155644\eclipse-workspace\SeleniumAutomation\SeleniumSessionNov\src\test\resources
2024-12-15 15:23:16,172 [Worker-123: Building] INFO  o.a.m.s.f.DefaultMavenResourcesFiltering - skip non existing resourceDirectory C:\Users\2155644\eclipse-workspace\SeleniumAutomation\SeleniumSessionNov\src\main\resources
2024-12-15 15:23:16,173 [Worker-123: Building] INFO  o.a.m.s.f.DefaultMavenResourcesFiltering - skip non existing resourceDirectory C:\Users\2155644\eclipse-workspace\SeleniumAutomation\SeleniumSessionNov\src\test\resources
2024-12-15 16:45:37,008 [Worker-127: Building] INFO  o.a.m.s.f.DefaultMavenResourcesFiltering - skip non existing resourceDirectory C:\Users\2155644\eclipse-workspace\SeleniumAutomation\SeleniumSessionNov\src\main\resources
2024-12-15 16:45:37,010 [Worker-127: Building] INFO  o.a.m.s.f.DefaultMavenResourcesFiltering - skip non existing resourceDirectory C:\Users\2155644\eclipse-workspace\SeleniumAutomation\SeleniumSessionNov\src\test\resources
2024-12-15 16:45:58,242 [Worker-126: Building] INFO  o.a.m.s.f.DefaultMavenResourcesFiltering - skip non existing resourceDirectory C:\Users\2155644\eclipse-workspace\SeleniumAutomation\SeleniumSessionNov\src\main\resources
2024-12-15 16:45:58,244 [Worker-126: Building] INFO  o.a.m.s.f.DefaultMavenResourcesFiltering - skip non existing resourceDirectory C:\Users\2155644\eclipse-workspace\SeleniumAutomation\SeleniumSessionNov\src\test\resources
2024-12-15 16:46:36,276 [Worker-129: Building] INFO  o.a.m.s.f.DefaultMavenResourcesFiltering - skip non existing resourceDirectory C:\Users\2155644\eclipse-workspace\SeleniumAutomation\SeleniumSessionNov\src\main\resources
2024-12-15 16:46:36,278 [Worker-129: Building] INFO  o.a.m.s.f.DefaultMavenResourcesFiltering - skip non existing resourceDirectory C:\Users\2155644\eclipse-workspace\SeleniumAutomation\SeleniumSessionNov\src\test\resources
2024-12-15 16:48:38,150 [Worker-129: Building] INFO  o.a.m.s.f.DefaultMavenResourcesFiltering - skip non existing resourceDirectory C:\Users\2155644\eclipse-workspace\SeleniumAutomation\SeleniumSessionNov\src\main\resources
2024-12-15 16:48:38,152 [Worker-129: Building] INFO  o.a.m.s.f.DefaultMavenResourcesFiltering - skip non existing resourceDirectory C:\Users\2155644\eclipse-workspace\SeleniumAutomation\SeleniumSessionNov\src\test\resources
2024-12-15 16:50:51,418 [Worker-130: Building] INFO  o.a.m.s.f.DefaultMavenResourcesFiltering - skip non existing resourceDirectory C:\Users\2155644\eclipse-workspace\SeleniumAutomation\SeleniumSessionNov\src\main\resources
2024-12-15 16:50:51,419 [Worker-130: Building] INFO  o.a.m.s.f.DefaultMavenResourcesFiltering - skip non existing resourceDirectory C:\Users\2155644\eclipse-workspace\SeleniumAutomation\SeleniumSessionNov\src\test\resources
2024-12-15 16:51:32,258 [Worker-125: Building] INFO  o.a.m.s.f.DefaultMavenResourcesFiltering - skip non existing resourceDirectory C:\Users\2155644\eclipse-workspace\SeleniumAutomation\SeleniumSessionNov\src\main\resources
2024-12-15 16:51:32,259 [Worker-125: Building] INFO  o.a.m.s.f.DefaultMavenResourcesFiltering - skip non existing resourceDirectory C:\Users\2155644\eclipse-workspace\SeleniumAutomation\SeleniumSessionNov\src\test\resources
2024-12-15 16:58:12,901 [Worker-131: Building] INFO  o.a.m.s.f.DefaultMavenResourcesFiltering - skip non existing resourceDirectory C:\Users\2155644\eclipse-workspace\SeleniumAutomation\SeleniumSessionNov\src\main\resources
2024-12-15 16:58:12,902 [Worker-131: Building] INFO  o.a.m.s.f.DefaultMavenResourcesFiltering - skip non existing resourceDirectory C:\Users\2155644\eclipse-workspace\SeleniumAutomation\SeleniumSessionNov\src\test\resources
2024-12-15 16:58:24,737 [Worker-125: Building] INFO  o.a.m.s.f.DefaultMavenResourcesFiltering - skip non existing resourceDirectory C:\Users\2155644\eclipse-workspace\SeleniumAutomation\SeleniumSessionNov\src\main\resources
2024-12-15 16:58:24,739 [Worker-125: Building] INFO  o.a.m.s.f.DefaultMavenResourcesFiltering - skip non existing resourceDirectory C:\Users\2155644\eclipse-workspace\SeleniumAutomation\SeleniumSessionNov\src\test\resources
2024-12-15 16:59:07,306 [Worker-133: Launching BrowserWindowPopUp] INFO  o.a.m.s.f.DefaultMavenResourcesFiltering - skip non existing resourceDirectory C:\Users\2155644\eclipse-workspace\SeleniumAutomation\SeleniumSessionNov\src\main\resources
2024-12-15 16:59:07,308 [Worker-133: Launching BrowserWindowPopUp] INFO  o.a.m.s.f.DefaultMavenResourcesFiltering - skip non existing resourceDirectory C:\Users\2155644\eclipse-workspace\SeleniumAutomation\SeleniumSessionNov\src\test\resources
2024-12-15 17:04:49,118 [Worker-131: Building] INFO  o.a.m.s.f.DefaultMavenResourcesFiltering - skip non existing resourceDirectory C:\Users\2155644\eclipse-workspace\SeleniumAutomation\SeleniumSessionNov\src\main\resources
2024-12-15 17:04:49,120 [Worker-131: Building] INFO  o.a.m.s.f.DefaultMavenResourcesFiltering - skip non existing resourceDirectory C:\Users\2155644\eclipse-workspace\SeleniumAutomation\SeleniumSessionNov\src\test\resources
2024-12-15 17:06:31,309 [Worker-131: Building] INFO  o.a.m.s.f.DefaultMavenResourcesFiltering - skip non existing resourceDirectory C:\Users\2155644\eclipse-workspace\SeleniumAutomation\SeleniumSessionNov\src\main\resources
2024-12-15 17:06:31,310 [Worker-131: Building] INFO  o.a.m.s.f.DefaultMavenResourcesFiltering - skip non existing resourceDirectory C:\Users\2155644\eclipse-workspace\SeleniumAutomation\SeleniumSessionNov\src\test\resources
2024-12-15 17:06:59,732 [Worker-135: Building] INFO  o.a.m.s.f.DefaultMavenResourcesFiltering - skip non existing resourceDirectory C:\Users\2155644\eclipse-workspace\SeleniumAutomation\SeleniumSessionNov\src\main\resources
2024-12-15 17:06:59,734 [Worker-135: Building] INFO  o.a.m.s.f.DefaultMavenResourcesFiltering - skip non existing resourceDirectory C:\Users\2155644\eclipse-workspace\SeleniumAutomation\SeleniumSessionNov\src\test\resources
2024-12-15 17:07:50,130 [Worker-131: Building] INFO  o.a.m.s.f.DefaultMavenResourcesFiltering - skip non existing resourceDirectory C:\Users\2155644\eclipse-workspace\SeleniumAutomation\SeleniumSessionNov\src\main\resources
2024-12-15 17:07:50,150 [Worker-131: Building] INFO  o.a.m.s.f.DefaultMavenResourcesFiltering - skip non existing resourceDirectory C:\Users\2155644\eclipse-workspace\SeleniumAutomation\SeleniumSessionNov\src\test\resources
2024-12-15 17:08:06,353 [Worker-136: Building] INFO  o.a.m.s.f.DefaultMavenResourcesFiltering - skip non existing resourceDirectory C:\Users\2155644\eclipse-workspace\SeleniumAutomation\SeleniumSessionNov\src\main\resources
2024-12-15 17:08:06,354 [Worker-136: Building] INFO  o.a.m.s.f.DefaultMavenResourcesFiltering - skip non existing resourceDirectory C:\Users\2155644\eclipse-workspace\SeleniumAutomation\SeleniumSessionNov\src\test\resources
2024-12-15 23:23:20,061 [Worker-143: Building] INFO  o.a.m.s.f.DefaultMavenResourcesFiltering - skip non existing resourceDirectory C:\Users\2155644\eclipse-workspace\SeleniumAutomation\SeleniumSessionNov\src\main\resources
2024-12-15 23:23:20,064 [Worker-143: Building] INFO  o.a.m.s.f.DefaultMavenResourcesFiltering - skip non existing resourceDirectory C:\Users\2155644\eclipse-workspace\SeleniumAutomation\SeleniumSessionNov\src\test\resources
2024-12-15 23:30:55,925 [Worker-144: Building] INFO  o.a.m.s.f.DefaultMavenResourcesFiltering - skip non existing resourceDirectory C:\Users\2155644\eclipse-workspace\SeleniumAutomation\SeleniumSessionNov\src\main\resources
2024-12-15 23:30:55,928 [Worker-144: Building] INFO  o.a.m.s.f.DefaultMavenResourcesFiltering - skip non existing resourceDirectory C:\Users\2155644\eclipse-workspace\SeleniumAutomation\SeleniumSessionNov\src\test\resources
2024-12-15 23:33:15,823 [Worker-146: Building] INFO  o.a.m.s.f.DefaultMavenResourcesFiltering - skip non existing resourceDirectory C:\Users\2155644\eclipse-workspace\SeleniumAutomation\SeleniumSessionNov\src\main\resources
2024-12-15 23:33:15,826 [Worker-146: Building] INFO  o.a.m.s.f.DefaultMavenResourcesFiltering - skip non existing resourceDirectory C:\Users\2155644\eclipse-workspace\SeleniumAutomation\SeleniumSessionNov\src\test\resources
2024-12-15 23:38:05,297 [Worker-150: Building] INFO  o.a.m.s.f.DefaultMavenResourcesFiltering - skip non existing resourceDirectory C:\Users\2155644\eclipse-workspace\SeleniumAutomation\SeleniumSessionNov\src\main\resources
2024-12-15 23:38:05,299 [Worker-150: Building] INFO  o.a.m.s.f.DefaultMavenResourcesFiltering - skip non existing resourceDirectory C:\Users\2155644\eclipse-workspace\SeleniumAutomation\SeleniumSessionNov\src\test\resources
2024-12-16 11:18:11,782 [Worker-152: Building] INFO  o.a.m.s.f.DefaultMavenResourcesFiltering - skip non existing resourceDirectory C:\Users\2155644\eclipse-workspace\SeleniumAutomation\SeleniumSessionNov\src\main\resources
2024-12-16 11:18:11,785 [Worker-152: Building] INFO  o.a.m.s.f.DefaultMavenResourcesFiltering - skip non existing resourceDirectory C:\Users\2155644\eclipse-workspace\SeleniumAutomation\SeleniumSessionNov\src\test\resources
2024-12-16 11:18:23,964 [Worker-151: Building] INFO  o.a.m.s.f.DefaultMavenResourcesFiltering - skip non existing resourceDirectory C:\Users\2155644\eclipse-workspace\SeleniumAutomation\SeleniumSessionNov\src\main\resources
2024-12-16 11:18:23,967 [Worker-151: Building] INFO  o.a.m.s.f.DefaultMavenResourcesFiltering - skip non existing resourceDirectory C:\Users\2155644\eclipse-workspace\SeleniumAutomation\SeleniumSessionNov\src\test\resources
2024-12-16 11:18:31,215 [Worker-153: Building] INFO  o.a.m.s.f.DefaultMavenResourcesFiltering - skip non existing resourceDirectory C:\Users\2155644\eclipse-workspace\SeleniumAutomation\SeleniumSessionNov\src\main\resources
2024-12-16 11:18:31,216 [Worker-153: Building] INFO  o.a.m.s.f.DefaultMavenResourcesFiltering - skip non existing resourceDirectory C:\Users\2155644\eclipse-workspace\SeleniumAutomation\SeleniumSessionNov\src\test\resources
2024-12-16 11:18:37,782 [Worker-151: Launching CalendarHandling] INFO  o.a.m.s.f.DefaultMavenResourcesFiltering - skip non existing resourceDirectory C:\Users\2155644\eclipse-workspace\SeleniumAutomation\SeleniumSessionNov\src\main\resources
2024-12-16 11:18:37,783 [Worker-151: Launching CalendarHandling] INFO  o.a.m.s.f.DefaultMavenResourcesFiltering - skip non existing resourceDirectory C:\Users\2155644\eclipse-workspace\SeleniumAutomation\SeleniumSessionNov\src\test\resources
2024-12-16 11:19:12,537 [Worker-152: Building] INFO  o.a.m.s.f.DefaultMavenResourcesFiltering - skip non existing resourceDirectory C:\Users\2155644\eclipse-workspace\SeleniumAutomation\SeleniumSessionNov\src\main\resources
2024-12-16 11:19:12,538 [Worker-152: Building] INFO  o.a.m.s.f.DefaultMavenResourcesFiltering - skip non existing resourceDirectory C:\Users\2155644\eclipse-workspace\SeleniumAutomation\SeleniumSessionNov\src\test\resources
2024-12-16 11:19:55,661 [Worker-153: Building] INFO  o.a.m.s.f.DefaultMavenResourcesFiltering - skip non existing resourceDirectory C:\Users\2155644\eclipse-workspace\SeleniumAutomation\SeleniumSessionNov\src\main\resources
2024-12-16 11:19:55,663 [Worker-153: Building] INFO  o.a.m.s.f.DefaultMavenResourcesFiltering - skip non existing resourceDirectory C:\Users\2155644\eclipse-workspace\SeleniumAutomation\SeleniumSessionNov\src\test\resources
2024-12-16 11:24:36,873 [Worker-153: Building] INFO  o.a.m.s.f.DefaultMavenResourcesFiltering - skip non existing resourceDirectory C:\Users\2155644\eclipse-workspace\SeleniumAutomation\SeleniumSessionNov\src\main\resources
2024-12-16 11:24:36,875 [Worker-153: Building] INFO  o.a.m.s.f.DefaultMavenResourcesFiltering - skip non existing resourceDirectory C:\Users\2155644\eclipse-workspace\SeleniumAutomation\SeleniumSessionNov\src\test\resources
2024-12-16 11:39:01,660 [Worker-161: Building] INFO  o.a.m.s.f.DefaultMavenResourcesFiltering - skip non existing resourceDirectory C:\Users\2155644\eclipse-workspace\SeleniumAutomation\SeleniumSessionNov\src\main\resources
2024-12-16 11:39:01,662 [Worker-161: Building] INFO  o.a.m.s.f.DefaultMavenResourcesFiltering - skip non existing resourceDirectory C:\Users\2155644\eclipse-workspace\SeleniumAutomation\SeleniumSessionNov\src\test\resources
2024-12-16 11:39:05,842 [Worker-161: Building] INFO  o.a.m.s.f.DefaultMavenResourcesFiltering - skip non existing resourceDirectory C:\Users\2155644\eclipse-workspace\SeleniumAutomation\SeleniumSessionNov\src\main\resources
2024-12-16 11:39:05,843 [Worker-161: Building] INFO  o.a.m.s.f.DefaultMavenResourcesFiltering - skip non existing resourceDirectory C:\Users\2155644\eclipse-workspace\SeleniumAutomation\SeleniumSessionNov\src\test\resources
2024-12-16 11:43:10,623 [Worker-164: Building] INFO  o.a.m.s.f.DefaultMavenResourcesFiltering - skip non existing resourceDirectory C:\Users\2155644\eclipse-workspace\SeleniumAutomation\SeleniumSessionNov\src\main\resources
2024-12-16 11:43:10,625 [Worker-164: Building] INFO  o.a.m.s.f.DefaultMavenResourcesFiltering - skip non existing resourceDirectory C:\Users\2155644\eclipse-workspace\SeleniumAutomation\SeleniumSessionNov\src\test\resources
2024-12-16 11:43:23,013 [Worker-164: Building] INFO  o.a.m.s.f.DefaultMavenResourcesFiltering - skip non existing resourceDirectory C:\Users\2155644\eclipse-workspace\SeleniumAutomation\SeleniumSessionNov\src\main\resources
2024-12-16 11:43:23,015 [Worker-164: Building] INFO  o.a.m.s.f.DefaultMavenResourcesFiltering - skip non existing resourceDirectory C:\Users\2155644\eclipse-workspace\SeleniumAutomation\SeleniumSessionNov\src\test\resources
2024-12-16 14:47:13,695 [Worker-167: Building] INFO  o.e.m.c.i.l.LifecycleMappingFactory - Using org.eclipse.m2e.jdt.JarLifecycleMapping lifecycle mapping for MavenProject: SeleniumSessionNov:SeleniumSessionNov:0.0.1-SNAPSHOT @ C:\Users\2155644\eclipse-workspace\SeleniumAutomation\SeleniumSessionNov\pom.xml.
2024-12-16 14:47:14,417 [Worker-167: Building] INFO  o.a.m.s.f.DefaultMavenResourcesFiltering - skip non existing resourceDirectory C:\Users\2155644\eclipse-workspace\SeleniumAutomation\SeleniumSessionNov\src\main\resources
2024-12-16 14:47:14,420 [Worker-167: Building] INFO  o.a.m.s.f.DefaultMavenResourcesFiltering - skip non existing resourceDirectory C:\Users\2155644\eclipse-workspace\SeleniumAutomation\SeleniumSessionNov\src\test\resources
2024-12-16 14:47:16,575 [Worker-167: Building] INFO  o.a.m.s.f.DefaultMavenResourcesFiltering - skip non existing resourceDirectory C:\Users\2155644\eclipse-workspace\SeleniumAutomation\SeleniumSessionNov\src\main\resources
2024-12-16 14:47:16,577 [Worker-167: Building] INFO  o.a.m.s.f.DefaultMavenResourcesFiltering - skip non existing resourceDirectory C:\Users\2155644\eclipse-workspace\SeleniumAutomation\SeleniumSessionNov\src\test\resources
2024-12-18 11:21:37,729 [Worker-171: Building] INFO  o.e.m.c.i.l.LifecycleMappingFactory - Using org.eclipse.m2e.jdt.JarLifecycleMapping lifecycle mapping for MavenProject: SeleniumSessionNov:SeleniumSessionNov:0.0.1-SNAPSHOT @ C:\Users\2155644\eclipse-workspace\SeleniumAutomation\SeleniumSessionNov\pom.xml.
2024-12-18 11:21:38,637 [Worker-171: Building] INFO  o.a.m.s.f.DefaultMavenResourcesFiltering - skip non existing resourceDirectory C:\Users\2155644\eclipse-workspace\SeleniumAutomation\SeleniumSessionNov\src\main\resources
2024-12-18 11:21:38,641 [Worker-171: Building] INFO  o.a.m.s.f.DefaultMavenResourcesFiltering - skip non existing resourceDirectory C:\Users\2155644\eclipse-workspace\SeleniumAutomation\SeleniumSessionNov\src\test\resources
2024-12-19 11:25:44,955 [Worker-197: Building] INFO  o.a.m.s.f.DefaultMavenResourcesFiltering - skip non existing resourceDirectory C:\Users\2155644\eclipse-workspace\SeleniumAutomation\SeleniumSessionNov\src\main\resources
2024-12-19 11:25:44,964 [Worker-197: Building] INFO  o.a.m.s.f.DefaultMavenResourcesFiltering - skip non existing resourceDirectory C:\Users\2155644\eclipse-workspace\SeleniumAutomation\SeleniumSessionNov\src\test\resources
2024-12-19 11:28:36,073 [Worker-195: Building] INFO  o.a.m.s.f.DefaultMavenResourcesFiltering - skip non existing resourceDirectory C:\Users\2155644\eclipse-workspace\SeleniumAutomation\SeleniumSessionNov\src\main\resources
2024-12-19 11:28:36,076 [Worker-195: Building] INFO  o.a.m.s.f.DefaultMavenResourcesFiltering - skip non existing resourceDirectory C:\Users\2155644\eclipse-workspace\SeleniumAutomation\SeleniumSessionNov\src\test\resources
2024-12-19 11:30:11,003 [Worker-198: Building] INFO  o.a.m.s.f.DefaultMavenResourcesFiltering - skip non existing resourceDirectory C:\Users\2155644\eclipse-workspace\SeleniumAutomation\SeleniumSessionNov\src\main\resources
2024-12-19 11:30:11,005 [Worker-198: Building] INFO  o.a.m.s.f.DefaultMavenResourcesFiltering - skip non existing resourceDirectory C:\Users\2155644\eclipse-workspace\SeleniumAutomation\SeleniumSessionNov\src\test\resources
2024-12-19 11:30:20,333 [Worker-196: Building] INFO  o.a.m.s.f.DefaultMavenResourcesFiltering - skip non existing resourceDirectory C:\Users\2155644\eclipse-workspace\SeleniumAutomation\SeleniumSessionNov\src\main\resources
2024-12-19 11:30:20,335 [Worker-196: Building] INFO  o.a.m.s.f.DefaultMavenResourcesFiltering - skip non existing resourceDirectory C:\Users\2155644\eclipse-workspace\SeleniumAutomation\SeleniumSessionNov\src\test\resources
2024-12-19 11:31:19,254 [Worker-200: Building] INFO  o.a.m.s.f.DefaultMavenResourcesFiltering - skip non existing resourceDirectory C:\Users\2155644\eclipse-workspace\SeleniumAutomation\SeleniumSessionNov\src\main\resources
2024-12-19 11:31:19,255 [Worker-200: Building] INFO  o.a.m.s.f.DefaultMavenResourcesFiltering - skip non existing resourceDirectory C:\Users\2155644\eclipse-workspace\SeleniumAutomation\SeleniumSessionNov\src\test\resources
2024-12-19 11:32:56,878 [Worker-196: Building] INFO  o.a.m.s.f.DefaultMavenResourcesFiltering - skip non existing resourceDirectory C:\Users\2155644\eclipse-workspace\SeleniumAutomation\SeleniumSessionNov\src\main\resources
2024-12-19 11:32:56,879 [Worker-196: Building] INFO  o.a.m.s.f.DefaultMavenResourcesFiltering - skip non existing resourceDirectory C:\Users\2155644\eclipse-workspace\SeleniumAutomation\SeleniumSessionNov\src\test\resources
2024-12-19 11:34:07,151 [Worker-195: Building] INFO  o.a.m.s.f.DefaultMavenResourcesFiltering - skip non existing resourceDirectory C:\Users\2155644\eclipse-workspace\SeleniumAutomation\SeleniumSessionNov\src\main\resources
2024-12-19 11:34:07,152 [Worker-195: Building] INFO  o.a.m.s.f.DefaultMavenResourcesFiltering - skip non existing resourceDirectory C:\Users\2155644\eclipse-workspace\SeleniumAutomation\SeleniumSessionNov\src\test\resources
2024-12-19 11:44:12,109 [Worker-204: Building] INFO  o.a.m.s.f.DefaultMavenResourcesFiltering - skip non existing resourceDirectory C:\Users\2155644\eclipse-workspace\SeleniumAutomation\SeleniumSessionNov\src\main\resources
2024-12-19 11:44:12,111 [Worker-204: Building] INFO  o.a.m.s.f.DefaultMavenResourcesFiltering - skip non existing resourceDirectory C:\Users\2155644\eclipse-workspace\SeleniumAutomation\SeleniumSessionNov\src\test\resources
2024-12-25 19:37:16,178 [Worker-1: Loading available Gradle versions] INFO  o.e.b.c.i.u.g.PublishedGradleVersions - Gradle version information cache is out-of-date. Trying to update.
2024-12-25 19:41:27,446 [Worker-15: Building] INFO  o.a.m.s.f.DefaultMavenResourcesFiltering - skip non existing resourceDirectory C:\Users\2155644\eclipse-workspace\SeleniumAutomation\CKDJPN\src\main\resources
2024-12-25 19:41:27,452 [Worker-15: Building] INFO  o.a.m.s.f.DefaultMavenResourcesFiltering - skip non existing resourceDirectory C:\Users\2155644\eclipse-workspace\SeleniumAutomation\CKDJPN\src\test\resources
2024-12-25 19:41:27,836 [Worker-15: Building] INFO  o.a.m.s.f.DefaultMavenResourcesFiltering - skip non existing resourceDirectory C:\Users\2155644\eclipse-workspace\SeleniumAutomation\SeleniumSessionNov\src\main\resources
2024-12-25 19:41:27,844 [Worker-15: Building] INFO  o.a.m.s.f.DefaultMavenResourcesFiltering - skip non existing resourceDirectory C:\Users\2155644\eclipse-workspace\SeleniumAutomation\SeleniumSessionNov\src\test\resources
2024-12-25 19:47:03,884 [Worker-15: Building] INFO  o.a.m.s.f.DefaultMavenResourcesFiltering - skip non existing resourceDirectory C:\Users\2155644\eclipse-workspace\SeleniumAutomation\SeleniumSessionNov\src\main\resources
2024-12-25 19:47:03,885 [Worker-15: Building] INFO  o.a.m.s.f.DefaultMavenResourcesFiltering - skip non existing resourceDirectory C:\Users\2155644\eclipse-workspace\SeleniumAutomation\SeleniumSessionNov\src\test\resources
2024-12-25 19:48:42,137 [Worker-1: Building] INFO  o.a.m.s.f.DefaultMavenResourcesFiltering - skip non existing resourceDirectory C:\Users\2155644\eclipse-workspace\SeleniumAutomation\SeleniumSessionNov\src\main\resources
2024-12-25 19:48:42,139 [Worker-1: Building] INFO  o.a.m.s.f.DefaultMavenResourcesFiltering - skip non existing resourceDirectory C:\Users\2155644\eclipse-workspace\SeleniumAutomation\SeleniumSessionNov\src\test\resources
2024-12-25 19:48:56,609 [Worker-15: Building] INFO  o.a.m.s.f.DefaultMavenResourcesFiltering - skip non existing resourceDirectory C:\Users\2155644\eclipse-workspace\SeleniumAutomation\SeleniumSessionNov\src\main\resources
2024-12-25 19:48:56,610 [Worker-15: Building] INFO  o.a.m.s.f.DefaultMavenResourcesFiltering - skip non existing resourceDirectory C:\Users\2155644\eclipse-workspace\SeleniumAutomation\SeleniumSessionNov\src\test\resources
2024-12-25 19:50:03,196 [Worker-1: Building] INFO  o.a.m.s.f.DefaultMavenResourcesFiltering - skip non existing resourceDirectory C:\Users\2155644\eclipse-workspace\SeleniumAutomation\SeleniumSessionNov\src\main\resources
2024-12-25 19:50:03,198 [Worker-1: Building] INFO  o.a.m.s.f.DefaultMavenResourcesFiltering - skip non existing resourceDirectory C:\Users\2155644\eclipse-workspace\SeleniumAutomation\SeleniumSessionNov\src\test\resources
2024-12-25 19:50:06,686 [Worker-23: Building] INFO  o.a.m.s.f.DefaultMavenResourcesFiltering - skip non existing resourceDirectory C:\Users\2155644\eclipse-workspace\SeleniumAutomation\SeleniumSessionNov\src\main\resources
2024-12-25 19:50:06,688 [Worker-23: Building] INFO  o.a.m.s.f.DefaultMavenResourcesFiltering - skip non existing resourceDirectory C:\Users\2155644\eclipse-workspace\SeleniumAutomation\SeleniumSessionNov\src\test\resources
2024-12-25 19:51:18,116 [Worker-24: Building] INFO  o.a.m.s.f.DefaultMavenResourcesFiltering - skip non existing resourceDirectory C:\Users\2155644\eclipse-workspace\SeleniumAutomation\SeleniumSessionNov\src\main\resources
2024-12-25 19:51:18,119 [Worker-24: Building] INFO  o.a.m.s.f.DefaultMavenResourcesFiltering - skip non existing resourceDirectory C:\Users\2155644\eclipse-workspace\SeleniumAutomation\SeleniumSessionNov\src\test\resources
2024-12-25 19:52:11,799 [Worker-1: Building] INFO  o.a.m.s.f.DefaultMavenResourcesFiltering - skip non existing resourceDirectory C:\Users\2155644\eclipse-workspace\SeleniumAutomation\SeleniumSessionNov\src\main\resources
2024-12-25 19:52:11,801 [Worker-1: Building] INFO  o.a.m.s.f.DefaultMavenResourcesFiltering - skip non existing resourceDirectory C:\Users\2155644\eclipse-workspace\SeleniumAutomation\SeleniumSessionNov\src\test\resources
2024-12-25 20:00:26,496 [Worker-24: Building] INFO  o.a.m.s.f.DefaultMavenResourcesFiltering - skip non existing resourceDirectory C:\Users\2155644\eclipse-workspace\SeleniumAutomation\SeleniumSessionNov\src\main\resources
2024-12-25 20:00:26,498 [Worker-24: Building] INFO  o.a.m.s.f.DefaultMavenResourcesFiltering - skip non existing resourceDirectory C:\Users\2155644\eclipse-workspace\SeleniumAutomation\SeleniumSessionNov\src\test\resources
2024-12-25 20:00:34,998 [Worker-24: Building] INFO  o.a.m.s.f.DefaultMavenResourcesFiltering - skip non existing resourceDirectory C:\Users\2155644\eclipse-workspace\SeleniumAutomation\SeleniumSessionNov\src\main\resources
2024-12-25 20:00:35,000 [Worker-24: Building] INFO  o.a.m.s.f.DefaultMavenResourcesFiltering - skip non existing resourceDirectory C:\Users\2155644\eclipse-workspace\SeleniumAutomation\SeleniumSessionNov\src\test\resources
2024-12-25 20:01:12,447 [Worker-29: Building] INFO  o.a.m.s.f.DefaultMavenResourcesFiltering - skip non existing resourceDirectory C:\Users\2155644\eclipse-workspace\SeleniumAutomation\SeleniumSessionNov\src\main\resources
2024-12-25 20:01:12,449 [Worker-29: Building] INFO  o.a.m.s.f.DefaultMavenResourcesFiltering - skip non existing resourceDirectory C:\Users\2155644\eclipse-workspace\SeleniumAutomation\SeleniumSessionNov\src\test\resources
2024-12-25 20:01:29,157 [Worker-29: Building] INFO  o.a.m.s.f.DefaultMavenResourcesFiltering - skip non existing resourceDirectory C:\Users\2155644\eclipse-workspace\SeleniumAutomation\SeleniumSessionNov\src\main\resources
2024-12-25 20:01:29,159 [Worker-29: Building] INFO  o.a.m.s.f.DefaultMavenResourcesFiltering - skip non existing resourceDirectory C:\Users\2155644\eclipse-workspace\SeleniumAutomation\SeleniumSessionNov\src\test\resources
2024-12-25 20:01:55,386 [Worker-29: Building] INFO  o.a.m.s.f.DefaultMavenResourcesFiltering - skip non existing resourceDirectory C:\Users\2155644\eclipse-workspace\SeleniumAutomation\SeleniumSessionNov\src\main\resources
2024-12-25 20:01:55,388 [Worker-29: Building] INFO  o.a.m.s.f.DefaultMavenResourcesFiltering - skip non existing resourceDirectory C:\Users\2155644\eclipse-workspace\SeleniumAutomation\SeleniumSessionNov\src\test\resources
2024-12-25 20:02:10,775 [Worker-24: Building] INFO  o.a.m.s.f.DefaultMavenResourcesFiltering - skip non existing resourceDirectory C:\Users\2155644\eclipse-workspace\SeleniumAutomation\SeleniumSessionNov\src\main\resources
2024-12-25 20:02:10,777 [Worker-24: Building] INFO  o.a.m.s.f.DefaultMavenResourcesFiltering - skip non existing resourceDirectory C:\Users\2155644\eclipse-workspace\SeleniumAutomation\SeleniumSessionNov\src\test\resources
2024-12-25 20:02:32,799 [Worker-30: Building] INFO  o.a.m.s.f.DefaultMavenResourcesFiltering - skip non existing resourceDirectory C:\Users\2155644\eclipse-workspace\SeleniumAutomation\SeleniumSessionNov\src\main\resources
2024-12-25 20:02:32,801 [Worker-30: Building] INFO  o.a.m.s.f.DefaultMavenResourcesFiltering - skip non existing resourceDirectory C:\Users\2155644\eclipse-workspace\SeleniumAutomation\SeleniumSessionNov\src\test\resources
2024-12-25 20:03:46,506 [Worker-28: Building] INFO  o.a.m.s.f.DefaultMavenResourcesFiltering - skip non existing resourceDirectory C:\Users\2155644\eclipse-workspace\SeleniumAutomation\SeleniumSessionNov\src\main\resources
2024-12-25 20:03:46,507 [Worker-28: Building] INFO  o.a.m.s.f.DefaultMavenResourcesFiltering - skip non existing resourceDirectory C:\Users\2155644\eclipse-workspace\SeleniumAutomation\SeleniumSessionNov\src\test\resources
2024-12-25 20:04:31,921 [Worker-30: Building] INFO  o.a.m.s.f.DefaultMavenResourcesFiltering - skip non existing resourceDirectory C:\Users\2155644\eclipse-workspace\SeleniumAutomation\SeleniumSessionNov\src\main\resources
2024-12-25 20:04:31,923 [Worker-30: Building] INFO  o.a.m.s.f.DefaultMavenResourcesFiltering - skip non existing resourceDirectory C:\Users\2155644\eclipse-workspace\SeleniumAutomation\SeleniumSessionNov\src\test\resources
2024-12-25 20:06:26,812 [Worker-31: Building] INFO  o.a.m.s.f.DefaultMavenResourcesFiltering - skip non existing resourceDirectory C:\Users\2155644\eclipse-workspace\SeleniumAutomation\SeleniumSessionNov\src\main\resources
2024-12-25 20:06:26,813 [Worker-31: Building] INFO  o.a.m.s.f.DefaultMavenResourcesFiltering - skip non existing resourceDirectory C:\Users\2155644\eclipse-workspace\SeleniumAutomation\SeleniumSessionNov\src\test\resources
2024-12-25 20:06:49,471 [Worker-30: Building] INFO  o.a.m.s.f.DefaultMavenResourcesFiltering - skip non existing resourceDirectory C:\Users\2155644\eclipse-workspace\SeleniumAutomation\SeleniumSessionNov\src\main\resources
2024-12-25 20:06:49,473 [Worker-30: Building] INFO  o.a.m.s.f.DefaultMavenResourcesFiltering - skip non existing resourceDirectory C:\Users\2155644\eclipse-workspace\SeleniumAutomation\SeleniumSessionNov\src\test\resources
2024-12-25 20:06:56,025 [Worker-30: Building] INFO  o.a.m.s.f.DefaultMavenResourcesFiltering - skip non existing resourceDirectory C:\Users\2155644\eclipse-workspace\SeleniumAutomation\SeleniumSessionNov\src\main\resources
2024-12-25 20:06:56,026 [Worker-30: Building] INFO  o.a.m.s.f.DefaultMavenResourcesFiltering - skip non existing resourceDirectory C:\Users\2155644\eclipse-workspace\SeleniumAutomation\SeleniumSessionNov\src\test\resources
2024-12-25 20:07:20,876 [Worker-33: Building] INFO  o.a.m.s.f.DefaultMavenResourcesFiltering - skip non existing resourceDirectory C:\Users\2155644\eclipse-workspace\SeleniumAutomation\SeleniumSessionNov\src\main\resources
2024-12-25 20:07:20,877 [Worker-33: Building] INFO  o.a.m.s.f.DefaultMavenResourcesFiltering - skip non existing resourceDirectory C:\Users\2155644\eclipse-workspace\SeleniumAutomation\SeleniumSessionNov\src\test\resources
2024-12-25 20:07:36,755 [Worker-35: Building] INFO  o.a.m.s.f.DefaultMavenResourcesFiltering - skip non existing resourceDirectory C:\Users\2155644\eclipse-workspace\SeleniumAutomation\SeleniumSessionNov\src\main\resources
2024-12-25 20:07:36,757 [Worker-35: Building] INFO  o.a.m.s.f.DefaultMavenResourcesFiltering - skip non existing resourceDirectory C:\Users\2155644\eclipse-workspace\SeleniumAutomation\SeleniumSessionNov\src\test\resources
2024-12-25 20:07:44,350 [Worker-31: Building] INFO  o.a.m.s.f.DefaultMavenResourcesFiltering - skip non existing resourceDirectory C:\Users\2155644\eclipse-workspace\SeleniumAutomation\SeleniumSessionNov\src\main\resources
2024-12-25 20:07:44,351 [Worker-31: Building] INFO  o.a.m.s.f.DefaultMavenResourcesFiltering - skip non existing resourceDirectory C:\Users\2155644\eclipse-workspace\SeleniumAutomation\SeleniumSessionNov\src\test\resources
2024-12-25 20:09:11,890 [Worker-33: Building] INFO  o.a.m.s.f.DefaultMavenResourcesFiltering - skip non existing resourceDirectory C:\Users\2155644\eclipse-workspace\SeleniumAutomation\SeleniumSessionNov\src\main\resources
2024-12-25 20:09:11,892 [Worker-33: Building] INFO  o.a.m.s.f.DefaultMavenResourcesFiltering - skip non existing resourceDirectory C:\Users\2155644\eclipse-workspace\SeleniumAutomation\SeleniumSessionNov\src\test\resources
2024-12-25 20:09:46,823 [Worker-33: Building] INFO  o.a.m.s.f.DefaultMavenResourcesFiltering - skip non existing resourceDirectory C:\Users\2155644\eclipse-workspace\SeleniumAutomation\SeleniumSessionNov\src\main\resources
2024-12-25 20:09:46,825 [Worker-33: Building] INFO  o.a.m.s.f.DefaultMavenResourcesFiltering - skip non existing resourceDirectory C:\Users\2155644\eclipse-workspace\SeleniumAutomation\SeleniumSessionNov\src\test\resources
2024-12-25 20:11:04,134 [Worker-31: Building] INFO  o.a.m.s.f.DefaultMavenResourcesFiltering - skip non existing resourceDirectory C:\Users\2155644\eclipse-workspace\SeleniumAutomation\SeleniumSessionNov\src\main\resources
2024-12-25 20:11:04,136 [Worker-31: Building] INFO  o.a.m.s.f.DefaultMavenResourcesFiltering - skip non existing resourceDirectory C:\Users\2155644\eclipse-workspace\SeleniumAutomation\SeleniumSessionNov\src\test\resources
2024-12-25 20:12:19,277 [Worker-31: Building] INFO  o.a.m.s.f.DefaultMavenResourcesFiltering - skip non existing resourceDirectory C:\Users\2155644\eclipse-workspace\SeleniumAutomation\SeleniumSessionNov\src\main\resources
2024-12-25 20:12:19,283 [Worker-31: Building] INFO  o.a.m.s.f.DefaultMavenResourcesFiltering - skip non existing resourceDirectory C:\Users\2155644\eclipse-workspace\SeleniumAutomation\SeleniumSessionNov\src\test\resources
2024-12-25 20:13:08,414 [Worker-34: Building] INFO  o.a.m.s.f.DefaultMavenResourcesFiltering - skip non existing resourceDirectory C:\Users\2155644\eclipse-workspace\SeleniumAutomation\SeleniumSessionNov\src\main\resources
2024-12-25 20:13:08,416 [Worker-34: Building] INFO  o.a.m.s.f.DefaultMavenResourcesFiltering - skip non existing resourceDirectory C:\Users\2155644\eclipse-workspace\SeleniumAutomation\SeleniumSessionNov\src\test\resources
2024-12-25 20:13:44,953 [Worker-31: Building] INFO  o.a.m.s.f.DefaultMavenResourcesFiltering - skip non existing resourceDirectory C:\Users\2155644\eclipse-workspace\SeleniumAutomation\SeleniumSessionNov\src\main\resources
2024-12-25 20:13:44,955 [Worker-31: Building] INFO  o.a.m.s.f.DefaultMavenResourcesFiltering - skip non existing resourceDirectory C:\Users\2155644\eclipse-workspace\SeleniumAutomation\SeleniumSessionNov\src\test\resources
2024-12-25 20:14:21,618 [Worker-31: Building] INFO  o.a.m.s.f.DefaultMavenResourcesFiltering - skip non existing resourceDirectory C:\Users\2155644\eclipse-workspace\SeleniumAutomation\SeleniumSessionNov\src\main\resources
2024-12-25 20:14:21,620 [Worker-31: Building] INFO  o.a.m.s.f.DefaultMavenResourcesFiltering - skip non existing resourceDirectory C:\Users\2155644\eclipse-workspace\SeleniumAutomation\SeleniumSessionNov\src\test\resources
2024-12-25 20:15:46,675 [Worker-36: Building] INFO  o.a.m.s.f.DefaultMavenResourcesFiltering - skip non existing resourceDirectory C:\Users\2155644\eclipse-workspace\SeleniumAutomation\SeleniumSessionNov\src\main\resources
2024-12-25 20:15:46,677 [Worker-36: Building] INFO  o.a.m.s.f.DefaultMavenResourcesFiltering - skip non existing resourceDirectory C:\Users\2155644\eclipse-workspace\SeleniumAutomation\SeleniumSessionNov\src\test\resources
2024-12-25 20:17:03,483 [Worker-31: Building] INFO  o.a.m.s.f.DefaultMavenResourcesFiltering - skip non existing resourceDirectory C:\Users\2155644\eclipse-workspace\SeleniumAutomation\SeleniumSessionNov\src\main\resources
2024-12-25 20:17:03,484 [Worker-31: Building] INFO  o.a.m.s.f.DefaultMavenResourcesFiltering - skip non existing resourceDirectory C:\Users\2155644\eclipse-workspace\SeleniumAutomation\SeleniumSessionNov\src\test\resources
2024-12-25 20:17:31,140 [Worker-38: Building] INFO  o.a.m.s.f.DefaultMavenResourcesFiltering - skip non existing resourceDirectory C:\Users\2155644\eclipse-workspace\SeleniumAutomation\SeleniumSessionNov\src\main\resources
2024-12-25 20:17:31,141 [Worker-38: Building] INFO  o.a.m.s.f.DefaultMavenResourcesFiltering - skip non existing resourceDirectory C:\Users\2155644\eclipse-workspace\SeleniumAutomation\SeleniumSessionNov\src\test\resources
2024-12-25 20:18:07,520 [Worker-33: Building] INFO  o.a.m.s.f.DefaultMavenResourcesFiltering - skip non existing resourceDirectory C:\Users\2155644\eclipse-workspace\SeleniumAutomation\SeleniumSessionNov\src\main\resources
2024-12-25 20:18:07,521 [Worker-33: Building] INFO  o.a.m.s.f.DefaultMavenResourcesFiltering - skip non existing resourceDirectory C:\Users\2155644\eclipse-workspace\SeleniumAutomation\SeleniumSessionNov\src\test\resources
2024-12-25 20:18:38,947 [Worker-36: Building] INFO  o.a.m.s.f.DefaultMavenResourcesFiltering - skip non existing resourceDirectory C:\Users\2155644\eclipse-workspace\SeleniumAutomation\SeleniumSessionNov\src\main\resources
2024-12-25 20:18:38,949 [Worker-36: Building] INFO  o.a.m.s.f.DefaultMavenResourcesFiltering - skip non existing resourceDirectory C:\Users\2155644\eclipse-workspace\SeleniumAutomation\SeleniumSessionNov\src\test\resources
2024-12-26 12:00:06,235 [Worker-39: Building] INFO  o.a.m.s.f.DefaultMavenResourcesFiltering - skip non existing resourceDirectory C:\Users\2155644\eclipse-workspace\SeleniumAutomation\SeleniumSessionNov\src\main\resources
2024-12-26 12:00:06,238 [Worker-39: Building] INFO  o.a.m.s.f.DefaultMavenResourcesFiltering - skip non existing resourceDirectory C:\Users\2155644\eclipse-workspace\SeleniumAutomation\SeleniumSessionNov\src\test\resources
2024-12-26 14:56:11,682 [Worker-43: Building] INFO  o.a.m.s.f.DefaultMavenResourcesFiltering - skip non existing resourceDirectory C:\Users\2155644\eclipse-workspace\SeleniumAutomation\SeleniumSessionNov\src\main\resources
2024-12-26 14:56:11,684 [Worker-43: Building] INFO  o.a.m.s.f.DefaultMavenResourcesFiltering - skip non existing resourceDirectory C:\Users\2155644\eclipse-workspace\SeleniumAutomation\SeleniumSessionNov\src\test\resources
2024-12-26 14:56:18,663 [Worker-44: Building] INFO  o.a.m.s.f.DefaultMavenResourcesFiltering - skip non existing resourceDirectory C:\Users\2155644\eclipse-workspace\SeleniumAutomation\SeleniumSessionNov\src\main\resources
2024-12-26 14:56:18,666 [Worker-44: Building] INFO  o.a.m.s.f.DefaultMavenResourcesFiltering - skip non existing resourceDirectory C:\Users\2155644\eclipse-workspace\SeleniumAutomation\SeleniumSessionNov\src\test\resources
2024-12-26 16:57:11,682 [Worker-51: Building] INFO  o.a.m.s.f.DefaultMavenResourcesFiltering - skip non existing resourceDirectory C:\Users\2155644\eclipse-workspace\SeleniumAutomation\SeleniumSessionNov\src\main\resources
2024-12-26 16:57:11,685 [Worker-51: Building] INFO  o.a.m.s.f.DefaultMavenResourcesFiltering - skip non existing resourceDirectory C:\Users\2155644\eclipse-workspace\SeleniumAutomation\SeleniumSessionNov\src\test\resources
2024-12-26 18:14:07,404 [Worker-60: Building] INFO  o.a.m.s.f.DefaultMavenResourcesFiltering - skip non existing resourceDirectory C:\Users\2155644\eclipse-workspace\SeleniumAutomation\SeleniumSessionNov\src\main\resources
2024-12-26 18:14:07,406 [Worker-60: Building] INFO  o.a.m.s.f.DefaultMavenResourcesFiltering - skip non existing resourceDirectory C:\Users\2155644\eclipse-workspace\SeleniumAutomation\SeleniumSessionNov\src\test\resources
2024-12-26 18:14:13,720 [Worker-50: Building] INFO  o.a.m.s.f.DefaultMavenResourcesFiltering - skip non existing resourceDirectory C:\Users\2155644\eclipse-workspace\SeleniumAutomation\SeleniumSessionNov\src\main\resources
2024-12-26 18:14:13,721 [Worker-50: Building] INFO  o.a.m.s.f.DefaultMavenResourcesFiltering - skip non existing resourceDirectory C:\Users\2155644\eclipse-workspace\SeleniumAutomation\SeleniumSessionNov\src\test\resources
2024-12-26 18:28:55,834 [Worker-60: Building] INFO  o.a.m.s.f.DefaultMavenResourcesFiltering - skip non existing resourceDirectory C:\Users\2155644\eclipse-workspace\SeleniumAutomation\SeleniumSessionNov\src\main\resources
2024-12-26 18:28:55,836 [Worker-60: Building] INFO  o.a.m.s.f.DefaultMavenResourcesFiltering - skip non existing resourceDirectory C:\Users\2155644\eclipse-workspace\SeleniumAutomation\SeleniumSessionNov\src\test\resources
2024-12-26 18:29:57,238 [Worker-62: Building] INFO  o.a.m.s.f.DefaultMavenResourcesFiltering - skip non existing resourceDirectory C:\Users\2155644\eclipse-workspace\SeleniumAutomation\SeleniumSessionNov\src\main\resources
2024-12-26 18:29:57,239 [Worker-62: Building] INFO  o.a.m.s.f.DefaultMavenResourcesFiltering - skip non existing resourceDirectory C:\Users\2155644\eclipse-workspace\SeleniumAutomation\SeleniumSessionNov\src\test\resources
2024-12-26 18:30:29,605 [Worker-61: Building] INFO  o.a.m.s.f.DefaultMavenResourcesFiltering - skip non existing resourceDirectory C:\Users\2155644\eclipse-workspace\SeleniumAutomation\SeleniumSessionNov\src\main\resources
2024-12-26 18:30:29,606 [Worker-61: Building] INFO  o.a.m.s.f.DefaultMavenResourcesFiltering - skip non existing resourceDirectory C:\Users\2155644\eclipse-workspace\SeleniumAutomation\SeleniumSessionNov\src\test\resources
2024-12-26 18:30:35,778 [Worker-63: Building] INFO  o.a.m.s.f.DefaultMavenResourcesFiltering - skip non existing resourceDirectory C:\Users\2155644\eclipse-workspace\SeleniumAutomation\SeleniumSessionNov\src\main\resources
2024-12-26 18:30:35,779 [Worker-63: Building] INFO  o.a.m.s.f.DefaultMavenResourcesFiltering - skip non existing resourceDirectory C:\Users\2155644\eclipse-workspace\SeleniumAutomation\SeleniumSessionNov\src\test\resources
2024-12-26 18:31:54,883 [Worker-62: Building] INFO  o.a.m.s.f.DefaultMavenResourcesFiltering - skip non existing resourceDirectory C:\Users\2155644\eclipse-workspace\SeleniumAutomation\SeleniumSessionNov\src\main\resources
2024-12-26 18:31:54,885 [Worker-62: Building] INFO  o.a.m.s.f.DefaultMavenResourcesFiltering - skip non existing resourceDirectory C:\Users\2155644\eclipse-workspace\SeleniumAutomation\SeleniumSessionNov\src\test\resources
2024-12-26 18:33:12,041 [Worker-61: Building] INFO  o.a.m.s.f.DefaultMavenResourcesFiltering - skip non existing resourceDirectory C:\Users\2155644\eclipse-workspace\SeleniumAutomation\SeleniumSessionNov\src\main\resources
2024-12-26 18:33:12,045 [Worker-61: Building] INFO  o.a.m.s.f.DefaultMavenResourcesFiltering - skip non existing resourceDirectory C:\Users\2155644\eclipse-workspace\SeleniumAutomation\SeleniumSessionNov\src\test\resources
2024-12-26 18:33:44,816 [Worker-64: Building] INFO  o.a.m.s.f.DefaultMavenResourcesFiltering - skip non existing resourceDirectory C:\Users\2155644\eclipse-workspace\SeleniumAutomation\SeleniumSessionNov\src\main\resources
2024-12-26 18:33:44,819 [Worker-64: Building] INFO  o.a.m.s.f.DefaultMavenResourcesFiltering - skip non existing resourceDirectory C:\Users\2155644\eclipse-workspace\SeleniumAutomation\SeleniumSessionNov\src\test\resources
2024-12-26 18:34:51,142 [Worker-61: Building] INFO  o.a.m.s.f.DefaultMavenResourcesFiltering - skip non existing resourceDirectory C:\Users\2155644\eclipse-workspace\SeleniumAutomation\SeleniumSessionNov\src\main\resources
2024-12-26 18:34:51,143 [Worker-61: Building] INFO  o.a.m.s.f.DefaultMavenResourcesFiltering - skip non existing resourceDirectory C:\Users\2155644\eclipse-workspace\SeleniumAutomation\SeleniumSessionNov\src\test\resources
2024-12-26 18:35:54,836 [Worker-62: Building] INFO  o.a.m.s.f.DefaultMavenResourcesFiltering - skip non existing resourceDirectory C:\Users\2155644\eclipse-workspace\SeleniumAutomation\SeleniumSessionNov\src\main\resources
2024-12-26 18:35:54,837 [Worker-62: Building] INFO  o.a.m.s.f.DefaultMavenResourcesFiltering - skip non existing resourceDirectory C:\Users\2155644\eclipse-workspace\SeleniumAutomation\SeleniumSessionNov\src\test\resources
2024-12-26 18:37:05,948 [Worker-64: Building] INFO  o.a.m.s.f.DefaultMavenResourcesFiltering - skip non existing resourceDirectory C:\Users\2155644\eclipse-workspace\SeleniumAutomation\SeleniumSessionNov\src\main\resources
2024-12-26 18:37:05,949 [Worker-64: Building] INFO  o.a.m.s.f.DefaultMavenResourcesFiltering - skip non existing resourceDirectory C:\Users\2155644\eclipse-workspace\SeleniumAutomation\SeleniumSessionNov\src\test\resources
2024-12-26 18:37:17,817 [Worker-62: Building] INFO  o.a.m.s.f.DefaultMavenResourcesFiltering - skip non existing resourceDirectory C:\Users\2155644\eclipse-workspace\SeleniumAutomation\SeleniumSessionNov\src\main\resources
2024-12-26 18:37:17,819 [Worker-62: Building] INFO  o.a.m.s.f.DefaultMavenResourcesFiltering - skip non existing resourceDirectory C:\Users\2155644\eclipse-workspace\SeleniumAutomation\SeleniumSessionNov\src\test\resources
2024-12-26 18:38:02,134 [Worker-62: Building] INFO  o.a.m.s.f.DefaultMavenResourcesFiltering - skip non existing resourceDirectory C:\Users\2155644\eclipse-workspace\SeleniumAutomation\SeleniumSessionNov\src\main\resources
2024-12-26 18:38:02,135 [Worker-62: Building] INFO  o.a.m.s.f.DefaultMavenResourcesFiltering - skip non existing resourceDirectory C:\Users\2155644\eclipse-workspace\SeleniumAutomation\SeleniumSessionNov\src\test\resources
2024-12-26 18:38:53,471 [Worker-64: Building] INFO  o.a.m.s.f.DefaultMavenResourcesFiltering - skip non existing resourceDirectory C:\Users\2155644\eclipse-workspace\SeleniumAutomation\SeleniumSessionNov\src\main\resources
2024-12-26 18:38:53,472 [Worker-64: Building] INFO  o.a.m.s.f.DefaultMavenResourcesFiltering - skip non existing resourceDirectory C:\Users\2155644\eclipse-workspace\SeleniumAutomation\SeleniumSessionNov\src\test\resources
2024-12-26 18:39:18,550 [Worker-65: Building] INFO  o.a.m.s.f.DefaultMavenResourcesFiltering - skip non existing resourceDirectory C:\Users\2155644\eclipse-workspace\SeleniumAutomation\SeleniumSessionNov\src\main\resources
2024-12-26 18:39:18,552 [Worker-65: Building] INFO  o.a.m.s.f.DefaultMavenResourcesFiltering - skip non existing resourceDirectory C:\Users\2155644\eclipse-workspace\SeleniumAutomation\SeleniumSessionNov\src\test\resources
2024-12-26 18:40:53,053 [Worker-62: Building] INFO  o.a.m.s.f.DefaultMavenResourcesFiltering - skip non existing resourceDirectory C:\Users\2155644\eclipse-workspace\SeleniumAutomation\SeleniumSessionNov\src\main\resources
2024-12-26 18:40:53,054 [Worker-62: Building] INFO  o.a.m.s.f.DefaultMavenResourcesFiltering - skip non existing resourceDirectory C:\Users\2155644\eclipse-workspace\SeleniumAutomation\SeleniumSessionNov\src\test\resources
2024-12-26 18:41:54,735 [Worker-64: Building] INFO  o.a.m.s.f.DefaultMavenResourcesFiltering - skip non existing resourceDirectory C:\Users\2155644\eclipse-workspace\SeleniumAutomation\SeleniumSessionNov\src\main\resources
2024-12-26 18:41:54,737 [Worker-64: Building] INFO  o.a.m.s.f.DefaultMavenResourcesFiltering - skip non existing resourceDirectory C:\Users\2155644\eclipse-workspace\SeleniumAutomation\SeleniumSessionNov\src\test\resources
2024-12-26 19:16:33,248 [Worker-64: Building] INFO  o.a.m.s.f.DefaultMavenResourcesFiltering - skip non existing resourceDirectory C:\Users\2155644\eclipse-workspace\SeleniumAutomation\SeleniumSessionNov\src\main\resources
2024-12-26 19:16:33,250 [Worker-64: Building] INFO  o.a.m.s.f.DefaultMavenResourcesFiltering - skip non existing resourceDirectory C:\Users\2155644\eclipse-workspace\SeleniumAutomation\SeleniumSessionNov\src\test\resources
2024-12-26 19:17:31,832 [Worker-66: Building] INFO  o.a.m.s.f.DefaultMavenResourcesFiltering - skip non existing resourceDirectory C:\Users\2155644\eclipse-workspace\SeleniumAutomation\SeleniumSessionNov\src\main\resources
2024-12-26 19:17:31,833 [Worker-66: Building] INFO  o.a.m.s.f.DefaultMavenResourcesFiltering - skip non existing resourceDirectory C:\Users\2155644\eclipse-workspace\SeleniumAutomation\SeleniumSessionNov\src\test\resources
2024-12-26 19:18:00,859 [Worker-67: Building] INFO  o.a.m.s.f.DefaultMavenResourcesFiltering - skip non existing resourceDirectory C:\Users\2155644\eclipse-workspace\SeleniumAutomation\SeleniumSessionNov\src\main\resources
2024-12-26 19:18:00,861 [Worker-67: Building] INFO  o.a.m.s.f.DefaultMavenResourcesFiltering - skip non existing resourceDirectory C:\Users\2155644\eclipse-workspace\SeleniumAutomation\SeleniumSessionNov\src\test\resources
2024-12-26 19:28:12,924 [Worker-68: Building] INFO  o.a.m.s.f.DefaultMavenResourcesFiltering - skip non existing resourceDirectory C:\Users\2155644\eclipse-workspace\SeleniumAutomation\SeleniumSessionNov\src\main\resources
2024-12-26 19:28:12,925 [Worker-68: Building] INFO  o.a.m.s.f.DefaultMavenResourcesFiltering - skip non existing resourceDirectory C:\Users\2155644\eclipse-workspace\SeleniumAutomation\SeleniumSessionNov\src\test\resources
2024-12-26 19:30:31,776 [Worker-68: Building] INFO  o.a.m.s.f.DefaultMavenResourcesFiltering - skip non existing resourceDirectory C:\Users\2155644\eclipse-workspace\SeleniumAutomation\SeleniumSessionNov\src\main\resources
2024-12-26 19:30:31,778 [Worker-68: Building] INFO  o.a.m.s.f.DefaultMavenResourcesFiltering - skip non existing resourceDirectory C:\Users\2155644\eclipse-workspace\SeleniumAutomation\SeleniumSessionNov\src\test\resources
2024-12-26 19:31:13,319 [Worker-68: Building] INFO  o.a.m.s.f.DefaultMavenResourcesFiltering - skip non existing resourceDirectory C:\Users\2155644\eclipse-workspace\SeleniumAutomation\SeleniumSessionNov\src\main\resources
2024-12-26 19:31:13,321 [Worker-68: Building] INFO  o.a.m.s.f.DefaultMavenResourcesFiltering - skip non existing resourceDirectory C:\Users\2155644\eclipse-workspace\SeleniumAutomation\SeleniumSessionNov\src\test\resources
2024-12-26 19:31:58,796 [Worker-69: Building] INFO  o.a.m.s.f.DefaultMavenResourcesFiltering - skip non existing resourceDirectory C:\Users\2155644\eclipse-workspace\SeleniumAutomation\SeleniumSessionNov\src\main\resources
2024-12-26 19:31:58,809 [Worker-69: Building] INFO  o.a.m.s.f.DefaultMavenResourcesFiltering - skip non existing resourceDirectory C:\Users\2155644\eclipse-workspace\SeleniumAutomation\SeleniumSessionNov\src\test\resources
2024-12-26 19:32:39,979 [Worker-64: Building] INFO  o.a.m.s.f.DefaultMavenResourcesFiltering - skip non existing resourceDirectory C:\Users\2155644\eclipse-workspace\SeleniumAutomation\SeleniumSessionNov\src\main\resources
2024-12-26 19:32:39,980 [Worker-64: Building] INFO  o.a.m.s.f.DefaultMavenResourcesFiltering - skip non existing resourceDirectory C:\Users\2155644\eclipse-workspace\SeleniumAutomation\SeleniumSessionNov\src\test\resources
2024-12-26 19:32:54,596 [Worker-64: Building] INFO  o.a.m.s.f.DefaultMavenResourcesFiltering - skip non existing resourceDirectory C:\Users\2155644\eclipse-workspace\SeleniumAutomation\SeleniumSessionNov\src\main\resources
2024-12-26 19:32:54,597 [Worker-64: Building] INFO  o.a.m.s.f.DefaultMavenResourcesFiltering - skip non existing resourceDirectory C:\Users\2155644\eclipse-workspace\SeleniumAutomation\SeleniumSessionNov\src\test\resources
2024-12-26 19:34:05,595 [Worker-68: Building] INFO  o.a.m.s.f.DefaultMavenResourcesFiltering - skip non existing resourceDirectory C:\Users\2155644\eclipse-workspace\SeleniumAutomation\SeleniumSessionNov\src\main\resources
2024-12-26 19:34:05,597 [Worker-68: Building] INFO  o.a.m.s.f.DefaultMavenResourcesFiltering - skip non existing resourceDirectory C:\Users\2155644\eclipse-workspace\SeleniumAutomation\SeleniumSessionNov\src\test\resources
2024-12-26 19:34:48,064 [Worker-68: Building] INFO  o.a.m.s.f.DefaultMavenResourcesFiltering - skip non existing resourceDirectory C:\Users\2155644\eclipse-workspace\SeleniumAutomation\SeleniumSessionNov\src\main\resources
2024-12-26 19:34:48,065 [Worker-68: Building] INFO  o.a.m.s.f.DefaultMavenResourcesFiltering - skip non existing resourceDirectory C:\Users\2155644\eclipse-workspace\SeleniumAutomation\SeleniumSessionNov\src\test\resources
2024-12-26 19:42:43,904 [Worker-71: Building] INFO  o.a.m.s.f.DefaultMavenResourcesFiltering - skip non existing resourceDirectory C:\Users\2155644\eclipse-workspace\SeleniumAutomation\SeleniumSessionNov\src\main\resources
2024-12-26 19:42:43,906 [Worker-71: Building] INFO  o.a.m.s.f.DefaultMavenResourcesFiltering - skip non existing resourceDirectory C:\Users\2155644\eclipse-workspace\SeleniumAutomation\SeleniumSessionNov\src\test\resources
2024-12-26 19:43:33,845 [Worker-73: Building] INFO  o.a.m.s.f.DefaultMavenResourcesFiltering - skip non existing resourceDirectory C:\Users\2155644\eclipse-workspace\SeleniumAutomation\SeleniumSessionNov\src\main\resources
2024-12-26 19:43:33,846 [Worker-73: Building] INFO  o.a.m.s.f.DefaultMavenResourcesFiltering - skip non existing resourceDirectory C:\Users\2155644\eclipse-workspace\SeleniumAutomation\SeleniumSessionNov\src\test\resources
2024-12-26 19:45:28,767 [Worker-70: Building] INFO  o.a.m.s.f.DefaultMavenResourcesFiltering - skip non existing resourceDirectory C:\Users\2155644\eclipse-workspace\SeleniumAutomation\SeleniumSessionNov\src\main\resources
2024-12-26 19:45:28,769 [Worker-70: Building] INFO  o.a.m.s.f.DefaultMavenResourcesFiltering - skip non existing resourceDirectory C:\Users\2155644\eclipse-workspace\SeleniumAutomation\SeleniumSessionNov\src\test\resources
2024-12-26 19:47:29,753 [Worker-76: Building] INFO  o.a.m.s.f.DefaultMavenResourcesFiltering - skip non existing resourceDirectory C:\Users\2155644\eclipse-workspace\SeleniumAutomation\SeleniumSessionNov\src\main\resources
2024-12-26 19:47:29,755 [Worker-76: Building] INFO  o.a.m.s.f.DefaultMavenResourcesFiltering - skip non existing resourceDirectory C:\Users\2155644\eclipse-workspace\SeleniumAutomation\SeleniumSessionNov\src\test\resources
2024-12-26 19:49:29,876 [Worker-70: Building] INFO  o.a.m.s.f.DefaultMavenResourcesFiltering - skip non existing resourceDirectory C:\Users\2155644\eclipse-workspace\SeleniumAutomation\SeleniumSessionNov\src\main\resources
2024-12-26 19:49:29,876 [Worker-70: Building] INFO  o.a.m.s.f.DefaultMavenResourcesFiltering - skip non existing resourceDirectory C:\Users\2155644\eclipse-workspace\SeleniumAutomation\SeleniumSessionNov\src\test\resources
2024-12-26 19:49:45,791 [Worker-70: Building] INFO  o.a.m.s.f.DefaultMavenResourcesFiltering - skip non existing resourceDirectory C:\Users\2155644\eclipse-workspace\SeleniumAutomation\SeleniumSessionNov\src\main\resources
2024-12-26 19:49:45,793 [Worker-70: Building] INFO  o.a.m.s.f.DefaultMavenResourcesFiltering - skip non existing resourceDirectory C:\Users\2155644\eclipse-workspace\SeleniumAutomation\SeleniumSessionNov\src\test\resources
2024-12-26 19:49:51,409 [Worker-73: Building] INFO  o.a.m.s.f.DefaultMavenResourcesFiltering - skip non existing resourceDirectory C:\Users\2155644\eclipse-workspace\SeleniumAutomation\SeleniumSessionNov\src\main\resources
2024-12-26 19:49:51,413 [Worker-73: Building] INFO  o.a.m.s.f.DefaultMavenResourcesFiltering - skip non existing resourceDirectory C:\Users\2155644\eclipse-workspace\SeleniumAutomation\SeleniumSessionNov\src\test\resources
2024-12-26 19:50:15,161 [Worker-76: Building] INFO  o.a.m.s.f.DefaultMavenResourcesFiltering - skip non existing resourceDirectory C:\Users\2155644\eclipse-workspace\SeleniumAutomation\SeleniumSessionNov\src\main\resources
2024-12-26 19:50:15,162 [Worker-76: Building] INFO  o.a.m.s.f.DefaultMavenResourcesFiltering - skip non existing resourceDirectory C:\Users\2155644\eclipse-workspace\SeleniumAutomation\SeleniumSessionNov\src\test\resources
2024-12-26 19:51:59,647 [Worker-75: Building] INFO  o.a.m.s.f.DefaultMavenResourcesFiltering - skip non existing resourceDirectory C:\Users\2155644\eclipse-workspace\SeleniumAutomation\SeleniumSessionNov\src\main\resources
2024-12-26 19:51:59,649 [Worker-75: Building] INFO  o.a.m.s.f.DefaultMavenResourcesFiltering - skip non existing resourceDirectory C:\Users\2155644\eclipse-workspace\SeleniumAutomation\SeleniumSessionNov\src\test\resources
2024-12-26 19:52:08,462 [Worker-72: Building] INFO  o.a.m.s.f.DefaultMavenResourcesFiltering - skip non existing resourceDirectory C:\Users\2155644\eclipse-workspace\SeleniumAutomation\SeleniumSessionNov\src\main\resources
2024-12-26 19:52:08,462 [Worker-72: Building] INFO  o.a.m.s.f.DefaultMavenResourcesFiltering - skip non existing resourceDirectory C:\Users\2155644\eclipse-workspace\SeleniumAutomation\SeleniumSessionNov\src\test\resources
2024-12-26 19:57:08,307 [Worker-78: Building] INFO  o.a.m.s.f.DefaultMavenResourcesFiltering - skip non existing resourceDirectory C:\Users\2155644\eclipse-workspace\SeleniumAutomation\SeleniumSessionNov\src\main\resources
2024-12-26 19:57:08,309 [Worker-78: Building] INFO  o.a.m.s.f.DefaultMavenResourcesFiltering - skip non existing resourceDirectory C:\Users\2155644\eclipse-workspace\SeleniumAutomation\SeleniumSessionNov\src\test\resources
2024-12-26 19:57:24,552 [Worker-78: Building] INFO  o.a.m.s.f.DefaultMavenResourcesFiltering - skip non existing resourceDirectory C:\Users\2155644\eclipse-workspace\SeleniumAutomation\SeleniumSessionNov\src\main\resources
2024-12-26 19:57:24,554 [Worker-78: Building] INFO  o.a.m.s.f.DefaultMavenResourcesFiltering - skip non existing resourceDirectory C:\Users\2155644\eclipse-workspace\SeleniumAutomation\SeleniumSessionNov\src\test\resources
2024-12-26 19:58:53,641 [Worker-78: Building] INFO  o.a.m.s.f.DefaultMavenResourcesFiltering - skip non existing resourceDirectory C:\Users\2155644\eclipse-workspace\SeleniumAutomation\SeleniumSessionNov\src\main\resources
2024-12-26 19:58:53,642 [Worker-78: Building] INFO  o.a.m.s.f.DefaultMavenResourcesFiltering - skip non existing resourceDirectory C:\Users\2155644\eclipse-workspace\SeleniumAutomation\SeleniumSessionNov\src\test\resources
2024-12-26 19:59:32,261 [Worker-76: Building] INFO  o.a.m.s.f.DefaultMavenResourcesFiltering - skip non existing resourceDirectory C:\Users\2155644\eclipse-workspace\SeleniumAutomation\SeleniumSessionNov\src\main\resources
2024-12-26 19:59:32,262 [Worker-76: Building] INFO  o.a.m.s.f.DefaultMavenResourcesFiltering - skip non existing resourceDirectory C:\Users\2155644\eclipse-workspace\SeleniumAutomation\SeleniumSessionNov\src\test\resources
2024-12-26 20:00:21,436 [Worker-77: Building] INFO  o.a.m.s.f.DefaultMavenResourcesFiltering - skip non existing resourceDirectory C:\Users\2155644\eclipse-workspace\SeleniumAutomation\SeleniumSessionNov\src\main\resources
2024-12-26 20:00:21,437 [Worker-77: Building] INFO  o.a.m.s.f.DefaultMavenResourcesFiltering - skip non existing resourceDirectory C:\Users\2155644\eclipse-workspace\SeleniumAutomation\SeleniumSessionNov\src\test\resources
2024-12-26 20:00:26,829 [Worker-78: Building] INFO  o.a.m.s.f.DefaultMavenResourcesFiltering - skip non existing resourceDirectory C:\Users\2155644\eclipse-workspace\SeleniumAutomation\SeleniumSessionNov\src\main\resources
2024-12-26 20:00:26,830 [Worker-78: Building] INFO  o.a.m.s.f.DefaultMavenResourcesFiltering - skip non existing resourceDirectory C:\Users\2155644\eclipse-workspace\SeleniumAutomation\SeleniumSessionNov\src\test\resources
2024-12-26 20:00:59,264 [Worker-70: Building] INFO  o.a.m.s.f.DefaultMavenResourcesFiltering - skip non existing resourceDirectory C:\Users\2155644\eclipse-workspace\SeleniumAutomation\SeleniumSessionNov\src\main\resources
2024-12-26 20:00:59,265 [Worker-70: Building] INFO  o.a.m.s.f.DefaultMavenResourcesFiltering - skip non existing resourceDirectory C:\Users\2155644\eclipse-workspace\SeleniumAutomation\SeleniumSessionNov\src\test\resources
2024-12-26 20:01:32,630 [Worker-76: Building] INFO  o.a.m.s.f.DefaultMavenResourcesFiltering - skip non existing resourceDirectory C:\Users\2155644\eclipse-workspace\SeleniumAutomation\SeleniumSessionNov\src\main\resources
2024-12-26 20:01:32,632 [Worker-76: Building] INFO  o.a.m.s.f.DefaultMavenResourcesFiltering - skip non existing resourceDirectory C:\Users\2155644\eclipse-workspace\SeleniumAutomation\SeleniumSessionNov\src\test\resources
2024-12-26 20:09:43,114 [Worker-77: Building] INFO  o.a.m.s.f.DefaultMavenResourcesFiltering - skip non existing resourceDirectory C:\Users\2155644\eclipse-workspace\SeleniumAutomation\SeleniumSessionNov\src\main\resources
2024-12-26 20:09:43,116 [Worker-77: Building] INFO  o.a.m.s.f.DefaultMavenResourcesFiltering - skip non existing resourceDirectory C:\Users\2155644\eclipse-workspace\SeleniumAutomation\SeleniumSessionNov\src\test\resources
2024-12-26 20:10:41,453 [Worker-80: Building] INFO  o.a.m.s.f.DefaultMavenResourcesFiltering - skip non existing resourceDirectory C:\Users\2155644\eclipse-workspace\SeleniumAutomation\SeleniumSessionNov\src\main\resources
2024-12-26 20:10:41,454 [Worker-80: Building] INFO  o.a.m.s.f.DefaultMavenResourcesFiltering - skip non existing resourceDirectory C:\Users\2155644\eclipse-workspace\SeleniumAutomation\SeleniumSessionNov\src\test\resources
2024-12-27 11:47:01,818 [Worker-83: Building] INFO  o.a.m.s.f.DefaultMavenResourcesFiltering - skip non existing resourceDirectory C:\Users\2155644\eclipse-workspace\SeleniumAutomation\SeleniumSessionNov\src\main\resources
2024-12-27 11:47:01,820 [Worker-83: Building] INFO  o.a.m.s.f.DefaultMavenResourcesFiltering - skip non existing resourceDirectory C:\Users\2155644\eclipse-workspace\SeleniumAutomation\SeleniumSessionNov\src\test\resources
2024-12-27 11:47:29,539 [Worker-85: Building] INFO  o.a.m.s.f.DefaultMavenResourcesFiltering - skip non existing resourceDirectory C:\Users\2155644\eclipse-workspace\SeleniumAutomation\SeleniumSessionNov\src\main\resources
2024-12-27 11:47:29,540 [Worker-85: Building] INFO  o.a.m.s.f.DefaultMavenResourcesFiltering - skip non existing resourceDirectory C:\Users\2155644\eclipse-workspace\SeleniumAutomation\SeleniumSessionNov\src\test\resources
2025-01-22 16:39:58,873 [Worker-3: Loading available Gradle versions] INFO  o.e.b.c.i.u.g.PublishedGradleVersions - Gradle version information cache is out-of-date. Trying to update.
2025-01-22 16:51:42,072 [Worker-16: Building] INFO  o.a.m.s.f.DefaultMavenResourcesFiltering - skip non existing resourceDirectory C:\Users\2155644\eclipse-workspace\SeleniumAutomation\CKDJPN\src\main\resources
2025-01-22 16:51:42,077 [Worker-16: Building] INFO  o.a.m.s.f.DefaultMavenResourcesFiltering - skip non existing resourceDirectory C:\Users\2155644\eclipse-workspace\SeleniumAutomation\CKDJPN\src\test\resources
2025-01-22 16:51:42,653 [Worker-16: Building] INFO  o.a.m.s.f.DefaultMavenResourcesFiltering - skip non existing resourceDirectory C:\Users\2155644\eclipse-workspace\SeleniumAutomation\SeleniumSessionNov\src\main\resources
2025-01-22 16:51:42,656 [Worker-16: Building] INFO  o.a.m.s.f.DefaultMavenResourcesFiltering - skip non existing resourceDirectory C:\Users\2155644\eclipse-workspace\SeleniumAutomation\SeleniumSessionNov\src\test\resources
2025-01-22 16:51:59,503 [Worker-24: Building] INFO  o.a.m.s.f.DefaultMavenResourcesFiltering - skip non existing resourceDirectory C:\Users\2155644\eclipse-workspace\SeleniumAutomation\SeleniumSessionNov\src\main\resources
2025-01-22 16:51:59,508 [Worker-24: Building] INFO  o.a.m.s.f.DefaultMavenResourcesFiltering - skip non existing resourceDirectory C:\Users\2155644\eclipse-workspace\SeleniumAutomation\SeleniumSessionNov\src\test\resources
2025-01-22 16:55:45,561 [Worker-26: Building] INFO  o.a.m.s.f.DefaultMavenResourcesFiltering - skip non existing resourceDirectory C:\Users\2155644\eclipse-workspace\SeleniumAutomation\SeleniumSessionNov\src\main\resources
2025-01-22 16:55:45,562 [Worker-26: Building] INFO  o.a.m.s.f.DefaultMavenResourcesFiltering - skip non existing resourceDirectory C:\Users\2155644\eclipse-workspace\SeleniumAutomation\SeleniumSessionNov\src\test\resources
2025-01-22 16:58:19,324 [Worker-23: Building] INFO  o.a.m.s.f.DefaultMavenResourcesFiltering - skip non existing resourceDirectory C:\Users\2155644\eclipse-workspace\SeleniumAutomation\SeleniumSessionNov\src\main\resources
2025-01-22 16:58:19,325 [Worker-23: Building] INFO  o.a.m.s.f.DefaultMavenResourcesFiltering - skip non existing resourceDirectory C:\Users\2155644\eclipse-workspace\SeleniumAutomation\SeleniumSessionNov\src\test\resources
2025-01-22 17:01:40,628 [Worker-26: Building] INFO  o.a.m.s.f.DefaultMavenResourcesFiltering - skip non existing resourceDirectory C:\Users\2155644\eclipse-workspace\SeleniumAutomation\SeleniumSessionNov\src\main\resources
2025-01-22 17:01:40,630 [Worker-26: Building] INFO  o.a.m.s.f.DefaultMavenResourcesFiltering - skip non existing resourceDirectory C:\Users\2155644\eclipse-workspace\SeleniumAutomation\SeleniumSessionNov\src\test\resources
2025-01-22 17:21:30,102 [Worker-29: Launching LocatorsConcept] INFO  o.a.m.s.f.DefaultMavenResourcesFiltering - skip non existing resourceDirectory C:\Users\2155644\eclipse-workspace\SeleniumAutomation\SeleniumSessionNov\src\main\resources
2025-01-22 17:21:30,104 [Worker-29: Launching LocatorsConcept] INFO  o.a.m.s.f.DefaultMavenResourcesFiltering - skip non existing resourceDirectory C:\Users\2155644\eclipse-workspace\SeleniumAutomation\SeleniumSessionNov\src\test\resources
2025-01-22 17:24:30,744 [Worker-34: Building] INFO  o.a.m.s.f.DefaultMavenResourcesFiltering - skip non existing resourceDirectory C:\Users\2155644\eclipse-workspace\SeleniumAutomation\SeleniumSessionNov\src\main\resources
2025-01-22 17:24:30,747 [Worker-34: Building] INFO  o.a.m.s.f.DefaultMavenResourcesFiltering - skip non existing resourceDirectory C:\Users\2155644\eclipse-workspace\SeleniumAutomation\SeleniumSessionNov\src\test\resources
2025-01-22 17:34:52,104 [Worker-34: Building] INFO  o.a.m.s.f.DefaultMavenResourcesFiltering - skip non existing resourceDirectory C:\Users\2155644\eclipse-workspace\SeleniumAutomation\SeleniumSessionNov\src\main\resources
2025-01-22 17:34:52,106 [Worker-34: Building] INFO  o.a.m.s.f.DefaultMavenResourcesFiltering - skip non existing resourceDirectory C:\Users\2155644\eclipse-workspace\SeleniumAutomation\SeleniumSessionNov\src\test\resources
2025-01-23 13:54:03,786 [Worker-36: Building] INFO  o.a.m.s.f.DefaultMavenResourcesFiltering - skip non existing resourceDirectory C:\Users\2155644\eclipse-workspace\SeleniumAutomation\SeleniumSessionNov\src\main\resources
2025-01-23 13:54:03,789 [Worker-36: Building] INFO  o.a.m.s.f.DefaultMavenResourcesFiltering - skip non existing resourceDirectory C:\Users\2155644\eclipse-workspace\SeleniumAutomation\SeleniumSessionNov\src\test\resources
2025-01-27 10:46:45,028 [Worker-44: Building] INFO  o.a.m.s.f.DefaultMavenResourcesFiltering - skip non existing resourceDirectory C:\Users\2155644\eclipse-workspace\SeleniumAutomation\SeleniumSessionNov\src\main\resources
2025-01-27 10:46:45,040 [Worker-44: Building] INFO  o.a.m.s.f.DefaultMavenResourcesFiltering - skip non existing resourceDirectory C:\Users\2155644\eclipse-workspace\SeleniumAutomation\SeleniumSessionNov\src\test\resources
2025-01-29 11:37:17,435 [Worker-4: Loading available Gradle versions] INFO  o.e.b.c.i.u.g.PublishedGradleVersions - Gradle version information cache is out-of-date. Trying to update.
2025-01-29 11:52:51,506 [Worker-21: Building] INFO  o.a.m.s.f.DefaultMavenResourcesFiltering - skip non existing resourceDirectory C:\Users\2155644\eclipse-workspace\SeleniumAutomation\CKDJPN\src\main\resources
2025-01-29 11:52:51,733 [Worker-21: Building] INFO  o.a.m.s.f.DefaultMavenResourcesFiltering - skip non existing resourceDirectory C:\Users\2155644\eclipse-workspace\SeleniumAutomation\CKDJPN\src\test\resources
2025-01-29 11:52:52,657 [Worker-21: Building] INFO  o.a.m.s.f.DefaultMavenResourcesFiltering - skip non existing resourceDirectory C:\Users\2155644\eclipse-workspace\SeleniumAutomation\SeleniumSessionNov\src\main\resources
2025-01-29 11:52:52,660 [Worker-21: Building] INFO  o.a.m.s.f.DefaultMavenResourcesFiltering - skip non existing resourceDirectory C:\Users\2155644\eclipse-workspace\SeleniumAutomation\SeleniumSessionNov\src\test\resources
2025-01-29 15:06:15,284 [Worker-25: Building] INFO  o.a.m.s.f.DefaultMavenResourcesFiltering - skip non existing resourceDirectory C:\Users\2155644\eclipse-workspace\SeleniumAutomation\SeleniumSessionNov\src\main\resources
2025-01-29 15:06:15,286 [Worker-25: Building] INFO  o.a.m.s.f.DefaultMavenResourcesFiltering - skip non existing resourceDirectory C:\Users\2155644\eclipse-workspace\SeleniumAutomation\SeleniumSessionNov\src\test\resources
2025-01-29 15:07:21,067 [Worker-23: Building] INFO  o.a.m.s.f.DefaultMavenResourcesFiltering - skip non existing resourceDirectory C:\Users\2155644\eclipse-workspace\SeleniumAutomation\SeleniumSessionNov\src\main\resources
2025-01-29 15:07:21,069 [Worker-23: Building] INFO  o.a.m.s.f.DefaultMavenResourcesFiltering - skip non existing resourceDirectory C:\Users\2155644\eclipse-workspace\SeleniumAutomation\SeleniumSessionNov\src\test\resources
2025-01-29 15:07:26,884 [Worker-25: Building] INFO  o.a.m.s.f.DefaultMavenResourcesFiltering - skip non existing resourceDirectory C:\Users\2155644\eclipse-workspace\SeleniumAutomation\SeleniumSessionNov\src\main\resources
2025-01-29 15:07:26,886 [Worker-25: Building] INFO  o.a.m.s.f.DefaultMavenResourcesFiltering - skip non existing resourceDirectory C:\Users\2155644\eclipse-workspace\SeleniumAutomation\SeleniumSessionNov\src\test\resources
2025-01-30 11:31:48,983 [Worker-30: Building] INFO  o.a.m.s.f.DefaultMavenResourcesFiltering - skip non existing resourceDirectory C:\Users\2155644\eclipse-workspace\SeleniumAutomation\SeleniumSessionNov\src\main\resources
2025-01-30 11:31:48,986 [Worker-30: Building] INFO  o.a.m.s.f.DefaultMavenResourcesFiltering - skip non existing resourceDirectory C:\Users\2155644\eclipse-workspace\SeleniumAutomation\SeleniumSessionNov\src\test\resources
2025-01-30 11:31:56,708 [Worker-28: Building] INFO  o.a.m.s.f.DefaultMavenResourcesFiltering - skip non existing resourceDirectory C:\Users\2155644\eclipse-workspace\SeleniumAutomation\SeleniumSessionNov\src\main\resources
2025-01-30 11:31:56,709 [Worker-28: Building] INFO  o.a.m.s.f.DefaultMavenResourcesFiltering - skip non existing resourceDirectory C:\Users\2155644\eclipse-workspace\SeleniumAutomation\SeleniumSessionNov\src\test\resources
2025-01-30 11:32:14,467 [Worker-28: Building] INFO  o.a.m.s.f.DefaultMavenResourcesFiltering - skip non existing resourceDirectory C:\Users\2155644\eclipse-workspace\SeleniumAutomation\SeleniumSessionNov\src\main\resources
2025-01-30 11:32:14,475 [Worker-28: Building] INFO  o.a.m.s.f.DefaultMavenResourcesFiltering - skip non existing resourceDirectory C:\Users\2155644\eclipse-workspace\SeleniumAutomation\SeleniumSessionNov\src\test\resources
2025-01-30 11:32:22,109 [Worker-29: Building] INFO  o.a.m.s.f.DefaultMavenResourcesFiltering - skip non existing resourceDirectory C:\Users\2155644\eclipse-workspace\SeleniumAutomation\SeleniumSessionNov\src\main\resources
2025-01-30 11:32:22,111 [Worker-29: Building] INFO  o.a.m.s.f.DefaultMavenResourcesFiltering - skip non existing resourceDirectory C:\Users\2155644\eclipse-workspace\SeleniumAutomation\SeleniumSessionNov\src\test\resources
2025-01-30 11:35:02,414 [Worker-30: Building] INFO  o.a.m.s.f.DefaultMavenResourcesFiltering - skip non existing resourceDirectory C:\Users\2155644\eclipse-workspace\SeleniumAutomation\SeleniumSessionNov\src\main\resources
2025-01-30 11:35:02,416 [Worker-30: Building] INFO  o.a.m.s.f.DefaultMavenResourcesFiltering - skip non existing resourceDirectory C:\Users\2155644\eclipse-workspace\SeleniumAutomation\SeleniumSessionNov\src\test\resources
2025-01-30 11:35:43,346 [Worker-32: Building] INFO  o.a.m.s.f.DefaultMavenResourcesFiltering - skip non existing resourceDirectory C:\Users\2155644\eclipse-workspace\SeleniumAutomation\SeleniumSessionNov\src\main\resources
2025-01-30 11:35:43,348 [Worker-32: Building] INFO  o.a.m.s.f.DefaultMavenResourcesFiltering - skip non existing resourceDirectory C:\Users\2155644\eclipse-workspace\SeleniumAutomation\SeleniumSessionNov\src\test\resources
2025-01-30 11:35:51,136 [Worker-28: Building] INFO  o.a.m.s.f.DefaultMavenResourcesFiltering - skip non existing resourceDirectory C:\Users\2155644\eclipse-workspace\SeleniumAutomation\SeleniumSessionNov\src\main\resources
2025-01-30 11:35:51,138 [Worker-28: Building] INFO  o.a.m.s.f.DefaultMavenResourcesFiltering - skip non existing resourceDirectory C:\Users\2155644\eclipse-workspace\SeleniumAutomation\SeleniumSessionNov\src\test\resources
2025-01-30 11:40:12,131 [Worker-30: Building] INFO  o.a.m.s.f.DefaultMavenResourcesFiltering - skip non existing resourceDirectory C:\Users\2155644\eclipse-workspace\SeleniumAutomation\SeleniumSessionNov\src\main\resources
2025-01-30 11:40:12,133 [Worker-30: Building] INFO  o.a.m.s.f.DefaultMavenResourcesFiltering - skip non existing resourceDirectory C:\Users\2155644\eclipse-workspace\SeleniumAutomation\SeleniumSessionNov\src\test\resources
2025-01-30 11:45:38,942 [Worker-36: Building] INFO  o.a.m.s.f.DefaultMavenResourcesFiltering - skip non existing resourceDirectory C:\Users\2155644\eclipse-workspace\SeleniumAutomation\SeleniumSessionNov\src\main\resources
2025-01-30 11:45:38,944 [Worker-36: Building] INFO  o.a.m.s.f.DefaultMavenResourcesFiltering - skip non existing resourceDirectory C:\Users\2155644\eclipse-workspace\SeleniumAutomation\SeleniumSessionNov\src\test\resources
2025-01-30 11:48:48,874 [Worker-37: Building] INFO  o.a.m.s.f.DefaultMavenResourcesFiltering - skip non existing resourceDirectory C:\Users\2155644\eclipse-workspace\SeleniumAutomation\SeleniumSessionNov\src\main\resources
2025-01-30 11:48:48,876 [Worker-37: Building] INFO  o.a.m.s.f.DefaultMavenResourcesFiltering - skip non existing resourceDirectory C:\Users\2155644\eclipse-workspace\SeleniumAutomation\SeleniumSessionNov\src\test\resources
2025-01-30 11:52:12,139 [Worker-36: Building] INFO  o.a.m.s.f.DefaultMavenResourcesFiltering - skip non existing resourceDirectory C:\Users\2155644\eclipse-workspace\SeleniumAutomation\SeleniumSessionNov\src\main\resources
2025-01-30 11:52:12,142 [Worker-36: Building] INFO  o.a.m.s.f.DefaultMavenResourcesFiltering - skip non existing resourceDirectory C:\Users\2155644\eclipse-workspace\SeleniumAutomation\SeleniumSessionNov\src\test\resources
2025-01-30 16:42:19,078 [Worker-47: Building] INFO  o.a.m.s.f.DefaultMavenResourcesFiltering - skip non existing resourceDirectory C:\Users\2155644\eclipse-workspace\SeleniumAutomation\SeleniumSessionNov\src\main\resources
2025-01-30 16:42:19,084 [Worker-47: Building] INFO  o.a.m.s.f.DefaultMavenResourcesFiltering - skip non existing resourceDirectory C:\Users\2155644\eclipse-workspace\SeleniumAutomation\SeleniumSessionNov\src\test\resources
2025-01-30 16:42:24,595 [Worker-47: Building] INFO  o.a.m.s.f.DefaultMavenResourcesFiltering - skip non existing resourceDirectory C:\Users\2155644\eclipse-workspace\SeleniumAutomation\SeleniumSessionNov\src\main\resources
2025-01-30 16:42:24,599 [Worker-47: Building] INFO  o.a.m.s.f.DefaultMavenResourcesFiltering - skip non existing resourceDirectory C:\Users\2155644\eclipse-workspace\SeleniumAutomation\SeleniumSessionNov\src\test\resources
2025-01-30 23:05:02,249 [Worker-51: Building] INFO  o.a.m.s.f.DefaultMavenResourcesFiltering - skip non existing resourceDirectory C:\Users\2155644\eclipse-workspace\SeleniumAutomation\SeleniumSessionNov\src\main\resources
2025-01-30 23:05:02,251 [Worker-51: Building] INFO  o.a.m.s.f.DefaultMavenResourcesFiltering - skip non existing resourceDirectory C:\Users\2155644\eclipse-workspace\SeleniumAutomation\SeleniumSessionNov\src\test\resources
2025-01-30 23:10:50,062 [Worker-51: Building] INFO  o.a.m.s.f.DefaultMavenResourcesFiltering - skip non existing resourceDirectory C:\Users\2155644\eclipse-workspace\SeleniumAutomation\SeleniumSessionNov\src\main\resources
2025-01-30 23:10:50,064 [Worker-51: Building] INFO  o.a.m.s.f.DefaultMavenResourcesFiltering - skip non existing resourceDirectory C:\Users\2155644\eclipse-workspace\SeleniumAutomation\SeleniumSessionNov\src\test\resources
2025-02-03 11:28:17,034 [Worker-55: Building] INFO  o.a.m.s.f.DefaultMavenResourcesFiltering - skip non existing resourceDirectory C:\Users\2155644\eclipse-workspace\SeleniumAutomation\SeleniumSessionNov\src\main\resources
2025-02-03 11:28:17,047 [Worker-55: Building] INFO  o.a.m.s.f.DefaultMavenResourcesFiltering - skip non existing resourceDirectory C:\Users\2155644\eclipse-workspace\SeleniumAutomation\SeleniumSessionNov\src\test\resources
2025-02-03 11:31:07,434 [Worker-55: Building] INFO  o.a.m.s.f.DefaultMavenResourcesFiltering - skip non existing resourceDirectory C:\Users\2155644\eclipse-workspace\SeleniumAutomation\SeleniumSessionNov\src\main\resources
2025-02-03 11:31:07,437 [Worker-55: Building] INFO  o.a.m.s.f.DefaultMavenResourcesFiltering - skip non existing resourceDirectory C:\Users\2155644\eclipse-workspace\SeleniumAutomation\SeleniumSessionNov\src\test\resources
2025-02-03 11:33:05,016 [Worker-59: Building] INFO  o.a.m.s.f.DefaultMavenResourcesFiltering - skip non existing resourceDirectory C:\Users\2155644\eclipse-workspace\SeleniumAutomation\SeleniumSessionNov\src\main\resources
2025-02-03 11:33:05,018 [Worker-59: Building] INFO  o.a.m.s.f.DefaultMavenResourcesFiltering - skip non existing resourceDirectory C:\Users\2155644\eclipse-workspace\SeleniumAutomation\SeleniumSessionNov\src\test\resources
2025-02-03 11:35:52,181 [Worker-59: Building] INFO  o.a.m.s.f.DefaultMavenResourcesFiltering - skip non existing resourceDirectory C:\Users\2155644\eclipse-workspace\SeleniumAutomation\SeleniumSessionNov\src\main\resources
2025-02-03 11:35:52,182 [Worker-59: Building] INFO  o.a.m.s.f.DefaultMavenResourcesFiltering - skip non existing resourceDirectory C:\Users\2155644\eclipse-workspace\SeleniumAutomation\SeleniumSessionNov\src\test\resources
2025-02-03 11:36:43,310 [Worker-57: Building] INFO  o.a.m.s.f.DefaultMavenResourcesFiltering - skip non existing resourceDirectory C:\Users\2155644\eclipse-workspace\SeleniumAutomation\SeleniumSessionNov\src\main\resources
2025-02-03 11:36:43,312 [Worker-57: Building] INFO  o.a.m.s.f.DefaultMavenResourcesFiltering - skip non existing resourceDirectory C:\Users\2155644\eclipse-workspace\SeleniumAutomation\SeleniumSessionNov\src\test\resources
2025-02-03 11:37:44,241 [Worker-57: Building] INFO  o.a.m.s.f.DefaultMavenResourcesFiltering - skip non existing resourceDirectory C:\Users\2155644\eclipse-workspace\SeleniumAutomation\SeleniumSessionNov\src\main\resources
2025-02-03 11:37:44,243 [Worker-57: Building] INFO  o.a.m.s.f.DefaultMavenResourcesFiltering - skip non existing resourceDirectory C:\Users\2155644\eclipse-workspace\SeleniumAutomation\SeleniumSessionNov\src\test\resources
2025-02-03 11:41:53,646 [Worker-58: Building] INFO  o.a.m.s.f.DefaultMavenResourcesFiltering - skip non existing resourceDirectory C:\Users\2155644\eclipse-workspace\SeleniumAutomation\SeleniumSessionNov\src\main\resources
2025-02-03 11:41:53,648 [Worker-58: Building] INFO  o.a.m.s.f.DefaultMavenResourcesFiltering - skip non existing resourceDirectory C:\Users\2155644\eclipse-workspace\SeleniumAutomation\SeleniumSessionNov\src\test\resources
2025-02-03 11:42:19,833 [Worker-61: Building] INFO  o.a.m.s.f.DefaultMavenResourcesFiltering - skip non existing resourceDirectory C:\Users\2155644\eclipse-workspace\SeleniumAutomation\SeleniumSessionNov\src\main\resources
2025-02-03 11:42:19,835 [Worker-61: Building] INFO  o.a.m.s.f.DefaultMavenResourcesFiltering - skip non existing resourceDirectory C:\Users\2155644\eclipse-workspace\SeleniumAutomation\SeleniumSessionNov\src\test\resources
2025-02-03 11:42:22,706 [Worker-59: Building] INFO  o.a.m.s.f.DefaultMavenResourcesFiltering - skip non existing resourceDirectory C:\Users\2155644\eclipse-workspace\SeleniumAutomation\SeleniumSessionNov\src\main\resources
2025-02-03 11:42:22,709 [Worker-59: Building] INFO  o.a.m.s.f.DefaultMavenResourcesFiltering - skip non existing resourceDirectory C:\Users\2155644\eclipse-workspace\SeleniumAutomation\SeleniumSessionNov\src\test\resources
2025-02-03 11:42:34,402 [Worker-61: Building] INFO  o.a.m.s.f.DefaultMavenResourcesFiltering - skip non existing resourceDirectory C:\Users\2155644\eclipse-workspace\SeleniumAutomation\SeleniumSessionNov\src\main\resources
2025-02-03 11:42:34,406 [Worker-61: Building] INFO  o.a.m.s.f.DefaultMavenResourcesFiltering - skip non existing resourceDirectory C:\Users\2155644\eclipse-workspace\SeleniumAutomation\SeleniumSessionNov\src\test\resources
2025-02-03 11:43:44,845 [Worker-61: Building] INFO  o.a.m.s.f.DefaultMavenResourcesFiltering - skip non existing resourceDirectory C:\Users\2155644\eclipse-workspace\SeleniumAutomation\SeleniumSessionNov\src\main\resources
2025-02-03 11:43:44,848 [Worker-61: Building] INFO  o.a.m.s.f.DefaultMavenResourcesFiltering - skip non existing resourceDirectory C:\Users\2155644\eclipse-workspace\SeleniumAutomation\SeleniumSessionNov\src\test\resources
2025-02-03 11:44:51,425 [Worker-63: Building] INFO  o.a.m.s.f.DefaultMavenResourcesFiltering - skip non existing resourceDirectory C:\Users\2155644\eclipse-workspace\SeleniumAutomation\SeleniumSessionNov\src\main\resources
2025-02-03 11:44:51,426 [Worker-63: Building] INFO  o.a.m.s.f.DefaultMavenResourcesFiltering - skip non existing resourceDirectory C:\Users\2155644\eclipse-workspace\SeleniumAutomation\SeleniumSessionNov\src\test\resources
2025-02-03 11:45:22,087 [Worker-59: Building] INFO  o.a.m.s.f.DefaultMavenResourcesFiltering - skip non existing resourceDirectory C:\Users\2155644\eclipse-workspace\SeleniumAutomation\SeleniumSessionNov\src\main\resources
2025-02-03 11:45:22,088 [Worker-59: Building] INFO  o.a.m.s.f.DefaultMavenResourcesFiltering - skip non existing resourceDirectory C:\Users\2155644\eclipse-workspace\SeleniumAutomation\SeleniumSessionNov\src\test\resources
2025-02-03 12:14:28,060 [Worker-63: Building] INFO  o.a.m.s.f.DefaultMavenResourcesFiltering - skip non existing resourceDirectory C:\Users\2155644\eclipse-workspace\SeleniumAutomation\SeleniumSessionNov\src\main\resources
2025-02-03 12:14:28,061 [Worker-63: Building] INFO  o.a.m.s.f.DefaultMavenResourcesFiltering - skip non existing resourceDirectory C:\Users\2155644\eclipse-workspace\SeleniumAutomation\SeleniumSessionNov\src\test\resources
2025-02-03 12:14:39,864 [Worker-63: Building] INFO  o.a.m.s.f.DefaultMavenResourcesFiltering - skip non existing resourceDirectory C:\Users\2155644\eclipse-workspace\SeleniumAutomation\SeleniumSessionNov\src\main\resources
2025-02-03 12:14:39,865 [Worker-63: Building] INFO  o.a.m.s.f.DefaultMavenResourcesFiltering - skip non existing resourceDirectory C:\Users\2155644\eclipse-workspace\SeleniumAutomation\SeleniumSessionNov\src\test\resources
2025-02-03 12:14:46,399 [Worker-59: Building] INFO  o.a.m.s.f.DefaultMavenResourcesFiltering - skip non existing resourceDirectory C:\Users\2155644\eclipse-workspace\SeleniumAutomation\SeleniumSessionNov\src\main\resources
2025-02-03 12:14:46,401 [Worker-59: Building] INFO  o.a.m.s.f.DefaultMavenResourcesFiltering - skip non existing resourceDirectory C:\Users\2155644\eclipse-workspace\SeleniumAutomation\SeleniumSessionNov\src\test\resources
2025-02-03 12:14:54,534 [Worker-59: Building] INFO  o.a.m.s.f.DefaultMavenResourcesFiltering - skip non existing resourceDirectory C:\Users\2155644\eclipse-workspace\SeleniumAutomation\SeleniumSessionNov\src\main\resources
2025-02-03 12:14:54,537 [Worker-59: Building] INFO  o.a.m.s.f.DefaultMavenResourcesFiltering - skip non existing resourceDirectory C:\Users\2155644\eclipse-workspace\SeleniumAutomation\SeleniumSessionNov\src\test\resources
2025-02-03 12:17:26,631 [Worker-65: Building] INFO  o.a.m.s.f.DefaultMavenResourcesFiltering - skip non existing resourceDirectory C:\Users\2155644\eclipse-workspace\SeleniumAutomation\SeleniumSessionNov\src\main\resources
2025-02-03 12:17:26,633 [Worker-65: Building] INFO  o.a.m.s.f.DefaultMavenResourcesFiltering - skip non existing resourceDirectory C:\Users\2155644\eclipse-workspace\SeleniumAutomation\SeleniumSessionNov\src\test\resources
2025-02-03 12:18:20,811 [Worker-59: Building] INFO  o.a.m.s.f.DefaultMavenResourcesFiltering - skip non existing resourceDirectory C:\Users\2155644\eclipse-workspace\SeleniumAutomation\SeleniumSessionNov\src\main\resources
2025-02-03 12:18:20,813 [Worker-59: Building] INFO  o.a.m.s.f.DefaultMavenResourcesFiltering - skip non existing resourceDirectory C:\Users\2155644\eclipse-workspace\SeleniumAutomation\SeleniumSessionNov\src\test\resources
2025-02-03 12:19:33,009 [Worker-59: Building] INFO  o.a.m.s.f.DefaultMavenResourcesFiltering - skip non existing resourceDirectory C:\Users\2155644\eclipse-workspace\SeleniumAutomation\SeleniumSessionNov\src\main\resources
2025-02-03 12:19:33,023 [Worker-59: Building] INFO  o.a.m.s.f.DefaultMavenResourcesFiltering - skip non existing resourceDirectory C:\Users\2155644\eclipse-workspace\SeleniumAutomation\SeleniumSessionNov\src\test\resources
2025-02-03 12:20:19,144 [Worker-67: Building] INFO  o.a.m.s.f.DefaultMavenResourcesFiltering - skip non existing resourceDirectory C:\Users\2155644\eclipse-workspace\SeleniumAutomation\SeleniumSessionNov\src\main\resources
2025-02-03 12:20:19,147 [Worker-67: Building] INFO  o.a.m.s.f.DefaultMavenResourcesFiltering - skip non existing resourceDirectory C:\Users\2155644\eclipse-workspace\SeleniumAutomation\SeleniumSessionNov\src\test\resources
2025-02-03 12:23:05,298 [Worker-59: Building] INFO  o.a.m.s.f.DefaultMavenResourcesFiltering - skip non existing resourceDirectory C:\Users\2155644\eclipse-workspace\SeleniumAutomation\SeleniumSessionNov\src\main\resources
2025-02-03 12:23:05,300 [Worker-59: Building] INFO  o.a.m.s.f.DefaultMavenResourcesFiltering - skip non existing resourceDirectory C:\Users\2155644\eclipse-workspace\SeleniumAutomation\SeleniumSessionNov\src\test\resources
2025-02-03 12:23:31,870 [Worker-65: Building] INFO  o.a.m.s.f.DefaultMavenResourcesFiltering - skip non existing resourceDirectory C:\Users\2155644\eclipse-workspace\SeleniumAutomation\SeleniumSessionNov\src\main\resources
2025-02-03 12:23:31,872 [Worker-65: Building] INFO  o.a.m.s.f.DefaultMavenResourcesFiltering - skip non existing resourceDirectory C:\Users\2155644\eclipse-workspace\SeleniumAutomation\SeleniumSessionNov\src\test\resources
2025-02-03 12:30:04,114 [Worker-69: Building] INFO  o.a.m.s.f.DefaultMavenResourcesFiltering - skip non existing resourceDirectory C:\Users\2155644\eclipse-workspace\SeleniumAutomation\SeleniumSessionNov\src\main\resources
2025-02-03 12:30:04,116 [Worker-69: Building] INFO  o.a.m.s.f.DefaultMavenResourcesFiltering - skip non existing resourceDirectory C:\Users\2155644\eclipse-workspace\SeleniumAutomation\SeleniumSessionNov\src\test\resources
2025-02-03 12:32:20,657 [Worker-59: Launching AttributeConcept] INFO  o.a.m.s.f.DefaultMavenResourcesFiltering - skip non existing resourceDirectory C:\Users\2155644\eclipse-workspace\SeleniumAutomation\SeleniumSessionNov\src\main\resources
2025-02-03 12:32:20,659 [Worker-59: Launching AttributeConcept] INFO  o.a.m.s.f.DefaultMavenResourcesFiltering - skip non existing resourceDirectory C:\Users\2155644\eclipse-workspace\SeleniumAutomation\SeleniumSessionNov\src\test\resources
2025-02-03 12:32:53,745 [Worker-70: Building] INFO  o.a.m.s.f.DefaultMavenResourcesFiltering - skip non existing resourceDirectory C:\Users\2155644\eclipse-workspace\SeleniumAutomation\SeleniumSessionNov\src\main\resources
2025-02-03 12:32:53,747 [Worker-70: Building] INFO  o.a.m.s.f.DefaultMavenResourcesFiltering - skip non existing resourceDirectory C:\Users\2155644\eclipse-workspace\SeleniumAutomation\SeleniumSessionNov\src\test\resources
2025-02-03 12:34:14,615 [Worker-74: Building] INFO  o.a.m.s.f.DefaultMavenResourcesFiltering - skip non existing resourceDirectory C:\Users\2155644\eclipse-workspace\SeleniumAutomation\SeleniumSessionNov\src\main\resources
2025-02-03 12:34:14,617 [Worker-74: Building] INFO  o.a.m.s.f.DefaultMavenResourcesFiltering - skip non existing resourceDirectory C:\Users\2155644\eclipse-workspace\SeleniumAutomation\SeleniumSessionNov\src\test\resources
2025-02-03 12:40:25,806 [Worker-79: Building] INFO  o.a.m.s.f.DefaultMavenResourcesFiltering - skip non existing resourceDirectory C:\Users\2155644\eclipse-workspace\SeleniumAutomation\SeleniumSessionNov\src\main\resources
2025-02-03 12:40:25,809 [Worker-79: Building] INFO  o.a.m.s.f.DefaultMavenResourcesFiltering - skip non existing resourceDirectory C:\Users\2155644\eclipse-workspace\SeleniumAutomation\SeleniumSessionNov\src\test\resources
2025-02-03 12:42:20,958 [Worker-80: Building] INFO  o.a.m.s.f.DefaultMavenResourcesFiltering - skip non existing resourceDirectory C:\Users\2155644\eclipse-workspace\SeleniumAutomation\SeleniumSessionNov\src\main\resources
2025-02-03 12:42:20,961 [Worker-80: Building] INFO  o.a.m.s.f.DefaultMavenResourcesFiltering - skip non existing resourceDirectory C:\Users\2155644\eclipse-workspace\SeleniumAutomation\SeleniumSessionNov\src\test\resources
2025-02-03 12:42:45,932 [Worker-80: Building] INFO  o.a.m.s.f.DefaultMavenResourcesFiltering - skip non existing resourceDirectory C:\Users\2155644\eclipse-workspace\SeleniumAutomation\SeleniumSessionNov\src\main\resources
2025-02-03 12:42:45,934 [Worker-80: Building] INFO  o.a.m.s.f.DefaultMavenResourcesFiltering - skip non existing resourceDirectory C:\Users\2155644\eclipse-workspace\SeleniumAutomation\SeleniumSessionNov\src\test\resources
2025-02-03 12:43:21,760 [Worker-80: Building] INFO  o.a.m.s.f.DefaultMavenResourcesFiltering - skip non existing resourceDirectory C:\Users\2155644\eclipse-workspace\SeleniumAutomation\SeleniumSessionNov\src\main\resources
2025-02-03 12:43:21,762 [Worker-80: Building] INFO  o.a.m.s.f.DefaultMavenResourcesFiltering - skip non existing resourceDirectory C:\Users\2155644\eclipse-workspace\SeleniumAutomation\SeleniumSessionNov\src\test\resources
2025-02-03 12:44:03,539 [Worker-73: Building] INFO  o.a.m.s.f.DefaultMavenResourcesFiltering - skip non existing resourceDirectory C:\Users\2155644\eclipse-workspace\SeleniumAutomation\SeleniumSessionNov\src\main\resources
2025-02-03 12:44:03,540 [Worker-73: Building] INFO  o.a.m.s.f.DefaultMavenResourcesFiltering - skip non existing resourceDirectory C:\Users\2155644\eclipse-workspace\SeleniumAutomation\SeleniumSessionNov\src\test\resources
2025-02-03 12:44:44,404 [Worker-79: Building] INFO  o.a.m.s.f.DefaultMavenResourcesFiltering - skip non existing resourceDirectory C:\Users\2155644\eclipse-workspace\SeleniumAutomation\SeleniumSessionNov\src\main\resources
2025-02-03 12:44:44,406 [Worker-79: Building] INFO  o.a.m.s.f.DefaultMavenResourcesFiltering - skip non existing resourceDirectory C:\Users\2155644\eclipse-workspace\SeleniumAutomation\SeleniumSessionNov\src\test\resources
2025-02-03 12:48:43,247 [Worker-79: Building] INFO  o.a.m.s.f.DefaultMavenResourcesFiltering - skip non existing resourceDirectory C:\Users\2155644\eclipse-workspace\SeleniumAutomation\SeleniumSessionNov\src\main\resources
2025-02-03 12:48:43,248 [Worker-79: Building] INFO  o.a.m.s.f.DefaultMavenResourcesFiltering - skip non existing resourceDirectory C:\Users\2155644\eclipse-workspace\SeleniumAutomation\SeleniumSessionNov\src\test\resources
2025-02-03 12:49:16,605 [Worker-73: Building] INFO  o.a.m.s.f.DefaultMavenResourcesFiltering - skip non existing resourceDirectory C:\Users\2155644\eclipse-workspace\SeleniumAutomation\SeleniumSessionNov\src\main\resources
2025-02-03 12:49:16,607 [Worker-73: Building] INFO  o.a.m.s.f.DefaultMavenResourcesFiltering - skip non existing resourceDirectory C:\Users\2155644\eclipse-workspace\SeleniumAutomation\SeleniumSessionNov\src\test\resources
2025-02-03 12:50:09,291 [Worker-79: Building] INFO  o.a.m.s.f.DefaultMavenResourcesFiltering - skip non existing resourceDirectory C:\Users\2155644\eclipse-workspace\SeleniumAutomation\SeleniumSessionNov\src\main\resources
2025-02-03 12:50:09,293 [Worker-79: Building] INFO  o.a.m.s.f.DefaultMavenResourcesFiltering - skip non existing resourceDirectory C:\Users\2155644\eclipse-workspace\SeleniumAutomation\SeleniumSessionNov\src\test\resources
2025-02-03 12:51:07,914 [Worker-79: Building] INFO  o.a.m.s.f.DefaultMavenResourcesFiltering - skip non existing resourceDirectory C:\Users\2155644\eclipse-workspace\SeleniumAutomation\SeleniumSessionNov\src\main\resources
2025-02-03 12:51:07,916 [Worker-79: Building] INFO  o.a.m.s.f.DefaultMavenResourcesFiltering - skip non existing resourceDirectory C:\Users\2155644\eclipse-workspace\SeleniumAutomation\SeleniumSessionNov\src\test\resources
2025-02-03 12:51:52,209 [Worker-79: Building] INFO  o.a.m.s.f.DefaultMavenResourcesFiltering - skip non existing resourceDirectory C:\Users\2155644\eclipse-workspace\SeleniumAutomation\SeleniumSessionNov\src\main\resources
2025-02-03 12:51:52,211 [Worker-79: Building] INFO  o.a.m.s.f.DefaultMavenResourcesFiltering - skip non existing resourceDirectory C:\Users\2155644\eclipse-workspace\SeleniumAutomation\SeleniumSessionNov\src\test\resources
2025-02-03 12:52:49,616 [Worker-82: Building] INFO  o.a.m.s.f.DefaultMavenResourcesFiltering - skip non existing resourceDirectory C:\Users\2155644\eclipse-workspace\SeleniumAutomation\SeleniumSessionNov\src\main\resources
2025-02-03 12:52:49,618 [Worker-82: Building] INFO  o.a.m.s.f.DefaultMavenResourcesFiltering - skip non existing resourceDirectory C:\Users\2155644\eclipse-workspace\SeleniumAutomation\SeleniumSessionNov\src\test\resources
2025-02-03 12:53:27,089 [Worker-79: Building] INFO  o.a.m.s.f.DefaultMavenResourcesFiltering - skip non existing resourceDirectory C:\Users\2155644\eclipse-workspace\SeleniumAutomation\SeleniumSessionNov\src\main\resources
2025-02-03 12:53:27,090 [Worker-79: Building] INFO  o.a.m.s.f.DefaultMavenResourcesFiltering - skip non existing resourceDirectory C:\Users\2155644\eclipse-workspace\SeleniumAutomation\SeleniumSessionNov\src\test\resources
2025-02-03 12:53:33,481 [Worker-83: Launching AttributeConcept] INFO  o.a.m.s.f.DefaultMavenResourcesFiltering - skip non existing resourceDirectory C:\Users\2155644\eclipse-workspace\SeleniumAutomation\SeleniumSessionNov\src\main\resources
2025-02-03 12:53:33,482 [Worker-83: Launching AttributeConcept] INFO  o.a.m.s.f.DefaultMavenResourcesFiltering - skip non existing resourceDirectory C:\Users\2155644\eclipse-workspace\SeleniumAutomation\SeleniumSessionNov\src\test\resources
2025-02-03 12:56:05,759 [Worker-83: Building] INFO  o.a.m.s.f.DefaultMavenResourcesFiltering - skip non existing resourceDirectory C:\Users\2155644\eclipse-workspace\SeleniumAutomation\SeleniumSessionNov\src\main\resources
2025-02-03 12:56:05,760 [Worker-83: Building] INFO  o.a.m.s.f.DefaultMavenResourcesFiltering - skip non existing resourceDirectory C:\Users\2155644\eclipse-workspace\SeleniumAutomation\SeleniumSessionNov\src\test\resources
2025-02-03 12:57:33,657 [Worker-85: Building] INFO  o.a.m.s.f.DefaultMavenResourcesFiltering - skip non existing resourceDirectory C:\Users\2155644\eclipse-workspace\SeleniumAutomation\SeleniumSessionNov\src\main\resources
2025-02-03 12:57:33,658 [Worker-85: Building] INFO  o.a.m.s.f.DefaultMavenResourcesFiltering - skip non existing resourceDirectory C:\Users\2155644\eclipse-workspace\SeleniumAutomation\SeleniumSessionNov\src\test\resources
2025-02-03 12:57:45,029 [Worker-85: Building] INFO  o.a.m.s.f.DefaultMavenResourcesFiltering - skip non existing resourceDirectory C:\Users\2155644\eclipse-workspace\SeleniumAutomation\SeleniumSessionNov\src\main\resources
2025-02-03 12:57:45,033 [Worker-85: Building] INFO  o.a.m.s.f.DefaultMavenResourcesFiltering - skip non existing resourceDirectory C:\Users\2155644\eclipse-workspace\SeleniumAutomation\SeleniumSessionNov\src\test\resources
2025-02-03 13:00:17,373 [Worker-89: Building] INFO  o.a.m.s.f.DefaultMavenResourcesFiltering - skip non existing resourceDirectory C:\Users\2155644\eclipse-workspace\SeleniumAutomation\SeleniumSessionNov\src\main\resources
2025-02-03 13:00:17,374 [Worker-89: Building] INFO  o.a.m.s.f.DefaultMavenResourcesFiltering - skip non existing resourceDirectory C:\Users\2155644\eclipse-workspace\SeleniumAutomation\SeleniumSessionNov\src\test\resources
2025-02-03 15:22:06,540 [Worker-89: Building] INFO  o.a.m.s.f.DefaultMavenResourcesFiltering - skip non existing resourceDirectory C:\Users\2155644\eclipse-workspace\SeleniumAutomation\SeleniumSessionNov\src\main\resources
2025-02-03 15:22:06,544 [Worker-89: Building] INFO  o.a.m.s.f.DefaultMavenResourcesFiltering - skip non existing resourceDirectory C:\Users\2155644\eclipse-workspace\SeleniumAutomation\SeleniumSessionNov\src\test\resources
2025-02-03 15:22:17,489 [Worker-89: Building] INFO  o.a.m.s.f.DefaultMavenResourcesFiltering - skip non existing resourceDirectory C:\Users\2155644\eclipse-workspace\SeleniumAutomation\SeleniumSessionNov\src\main\resources
2025-02-03 15:22:17,490 [Worker-89: Building] INFO  o.a.m.s.f.DefaultMavenResourcesFiltering - skip non existing resourceDirectory C:\Users\2155644\eclipse-workspace\SeleniumAutomation\SeleniumSessionNov\src\test\resources
2025-02-03 17:25:27,224 [Worker-91: Building] INFO  o.a.m.s.f.DefaultMavenResourcesFiltering - skip non existing resourceDirectory C:\Users\2155644\eclipse-workspace\SeleniumAutomation\SeleniumSessionNov\src\main\resources
2025-02-03 17:25:27,235 [Worker-91: Building] INFO  o.a.m.s.f.DefaultMavenResourcesFiltering - skip non existing resourceDirectory C:\Users\2155644\eclipse-workspace\SeleniumAutomation\SeleniumSessionNov\src\test\resources
2025-02-03 17:26:24,033 [Worker-90: Building] INFO  o.a.m.s.f.DefaultMavenResourcesFiltering - skip non existing resourceDirectory C:\Users\2155644\eclipse-workspace\SeleniumAutomation\SeleniumSessionNov\src\main\resources
2025-02-03 17:26:24,034 [Worker-90: Building] INFO  o.a.m.s.f.DefaultMavenResourcesFiltering - skip non existing resourceDirectory C:\Users\2155644\eclipse-workspace\SeleniumAutomation\SeleniumSessionNov\src\test\resources
2025-02-03 17:27:55,661 [Worker-91: Building] INFO  o.a.m.s.f.DefaultMavenResourcesFiltering - skip non existing resourceDirectory C:\Users\2155644\eclipse-workspace\SeleniumAutomation\SeleniumSessionNov\src\main\resources
2025-02-03 17:27:55,662 [Worker-91: Building] INFO  o.a.m.s.f.DefaultMavenResourcesFiltering - skip non existing resourceDirectory C:\Users\2155644\eclipse-workspace\SeleniumAutomation\SeleniumSessionNov\src\test\resources
2025-02-03 17:33:06,271 [Worker-97: Building] INFO  o.a.m.s.f.DefaultMavenResourcesFiltering - skip non existing resourceDirectory C:\Users\2155644\eclipse-workspace\SeleniumAutomation\SeleniumSessionNov\src\main\resources
2025-02-03 17:33:06,273 [Worker-97: Building] INFO  o.a.m.s.f.DefaultMavenResourcesFiltering - skip non existing resourceDirectory C:\Users\2155644\eclipse-workspace\SeleniumAutomation\SeleniumSessionNov\src\test\resources
2025-02-03 17:36:36,924 [Worker-101: Building] INFO  o.a.m.s.f.DefaultMavenResourcesFiltering - skip non existing resourceDirectory C:\Users\2155644\eclipse-workspace\SeleniumAutomation\SeleniumSessionNov\src\main\resources
2025-02-03 17:36:36,927 [Worker-101: Building] INFO  o.a.m.s.f.DefaultMavenResourcesFiltering - skip non existing resourceDirectory C:\Users\2155644\eclipse-workspace\SeleniumAutomation\SeleniumSessionNov\src\test\resources
2025-02-03 19:29:57,791 [Worker-106: Building] INFO  o.a.m.s.f.DefaultMavenResourcesFiltering - skip non existing resourceDirectory C:\Users\2155644\eclipse-workspace\SeleniumAutomation\SeleniumSessionNov\src\main\resources
2025-02-03 19:29:57,794 [Worker-106: Building] INFO  o.a.m.s.f.DefaultMavenResourcesFiltering - skip non existing resourceDirectory C:\Users\2155644\eclipse-workspace\SeleniumAutomation\SeleniumSessionNov\src\test\resources
2025-02-03 19:41:25,932 [Worker-107: Building] INFO  o.a.m.s.f.DefaultMavenResourcesFiltering - skip non existing resourceDirectory C:\Users\2155644\eclipse-workspace\SeleniumAutomation\SeleniumSessionNov\src\main\resources
2025-02-03 19:41:25,934 [Worker-107: Building] INFO  o.a.m.s.f.DefaultMavenResourcesFiltering - skip non existing resourceDirectory C:\Users\2155644\eclipse-workspace\SeleniumAutomation\SeleniumSessionNov\src\test\resources
2025-02-03 19:50:04,877 [Worker-110: Building] INFO  o.a.m.s.f.DefaultMavenResourcesFiltering - skip non existing resourceDirectory C:\Users\2155644\eclipse-workspace\SeleniumAutomation\SeleniumSessionNov\src\main\resources
2025-02-03 19:50:04,878 [Worker-110: Building] INFO  o.a.m.s.f.DefaultMavenResourcesFiltering - skip non existing resourceDirectory C:\Users\2155644\eclipse-workspace\SeleniumAutomation\SeleniumSessionNov\src\test\resources
2025-02-03 19:51:27,556 [Worker-110: Building] INFO  o.a.m.s.f.DefaultMavenResourcesFiltering - skip non existing resourceDirectory C:\Users\2155644\eclipse-workspace\SeleniumAutomation\SeleniumSessionNov\src\main\resources
2025-02-03 19:51:27,557 [Worker-110: Building] INFO  o.a.m.s.f.DefaultMavenResourcesFiltering - skip non existing resourceDirectory C:\Users\2155644\eclipse-workspace\SeleniumAutomation\SeleniumSessionNov\src\test\resources
2025-02-03 19:52:16,390 [Worker-110: Building] INFO  o.a.m.s.f.DefaultMavenResourcesFiltering - skip non existing resourceDirectory C:\Users\2155644\eclipse-workspace\SeleniumAutomation\SeleniumSessionNov\src\main\resources
2025-02-03 19:52:16,393 [Worker-110: Building] INFO  o.a.m.s.f.DefaultMavenResourcesFiltering - skip non existing resourceDirectory C:\Users\2155644\eclipse-workspace\SeleniumAutomation\SeleniumSessionNov\src\test\resources
2025-02-03 19:53:42,744 [Worker-115: Building] INFO  o.a.m.s.f.DefaultMavenResourcesFiltering - skip non existing resourceDirectory C:\Users\2155644\eclipse-workspace\SeleniumAutomation\SeleniumSessionNov\src\main\resources
2025-02-03 19:53:42,745 [Worker-115: Building] INFO  o.a.m.s.f.DefaultMavenResourcesFiltering - skip non existing resourceDirectory C:\Users\2155644\eclipse-workspace\SeleniumAutomation\SeleniumSessionNov\src\test\resources
2025-02-03 20:10:59,175 [Worker-117: Building] INFO  o.a.m.s.f.DefaultMavenResourcesFiltering - skip non existing resourceDirectory C:\Users\2155644\eclipse-workspace\SeleniumAutomation\SeleniumSessionNov\src\main\resources
2025-02-03 20:10:59,177 [Worker-117: Building] INFO  o.a.m.s.f.DefaultMavenResourcesFiltering - skip non existing resourceDirectory C:\Users\2155644\eclipse-workspace\SeleniumAutomation\SeleniumSessionNov\src\test\resources
2025-02-04 11:44:53,986 [Worker-117: Building] INFO  o.a.m.s.f.DefaultMavenResourcesFiltering - skip non existing resourceDirectory C:\Users\2155644\eclipse-workspace\SeleniumAutomation\SeleniumSessionNov\src\main\resources
2025-02-04 11:44:53,989 [Worker-117: Building] INFO  o.a.m.s.f.DefaultMavenResourcesFiltering - skip non existing resourceDirectory C:\Users\2155644\eclipse-workspace\SeleniumAutomation\SeleniumSessionNov\src\test\resources
2025-02-04 11:45:31,627 [Worker-121: Building] INFO  o.a.m.s.f.DefaultMavenResourcesFiltering - skip non existing resourceDirectory C:\Users\2155644\eclipse-workspace\SeleniumAutomation\SeleniumSessionNov\src\main\resources
2025-02-04 11:45:31,628 [Worker-121: Building] INFO  o.a.m.s.f.DefaultMavenResourcesFiltering - skip non existing resourceDirectory C:\Users\2155644\eclipse-workspace\SeleniumAutomation\SeleniumSessionNov\src\test\resources
2025-02-04 11:46:46,858 [Worker-122: Building] INFO  o.a.m.s.f.DefaultMavenResourcesFiltering - skip non existing resourceDirectory C:\Users\2155644\eclipse-workspace\SeleniumAutomation\SeleniumSessionNov\src\main\resources
2025-02-04 11:46:46,860 [Worker-122: Building] INFO  o.a.m.s.f.DefaultMavenResourcesFiltering - skip non existing resourceDirectory C:\Users\2155644\eclipse-workspace\SeleniumAutomation\SeleniumSessionNov\src\test\resources
2025-02-04 12:34:14,945 [Worker-122: Building] INFO  o.a.m.s.f.DefaultMavenResourcesFiltering - skip non existing resourceDirectory C:\Users\2155644\eclipse-workspace\SeleniumAutomation\SeleniumSessionNov\src\main\resources
2025-02-04 12:34:14,946 [Worker-122: Building] INFO  o.a.m.s.f.DefaultMavenResourcesFiltering - skip non existing resourceDirectory C:\Users\2155644\eclipse-workspace\SeleniumAutomation\SeleniumSessionNov\src\test\resources
2025-02-04 12:35:24,079 [Worker-124: Building] INFO  o.a.m.s.f.DefaultMavenResourcesFiltering - skip non existing resourceDirectory C:\Users\2155644\eclipse-workspace\SeleniumAutomation\SeleniumSessionNov\src\main\resources
2025-02-04 12:35:24,081 [Worker-124: Building] INFO  o.a.m.s.f.DefaultMavenResourcesFiltering - skip non existing resourceDirectory C:\Users\2155644\eclipse-workspace\SeleniumAutomation\SeleniumSessionNov\src\test\resources
2025-02-04 12:36:17,587 [Worker-124: Building] INFO  o.a.m.s.f.DefaultMavenResourcesFiltering - skip non existing resourceDirectory C:\Users\2155644\eclipse-workspace\SeleniumAutomation\SeleniumSessionNov\src\main\resources
2025-02-04 12:36:17,591 [Worker-124: Building] INFO  o.a.m.s.f.DefaultMavenResourcesFiltering - skip non existing resourceDirectory C:\Users\2155644\eclipse-workspace\SeleniumAutomation\SeleniumSessionNov\src\test\resources
2025-02-04 12:36:24,238 [Worker-115: Building] INFO  o.a.m.s.f.DefaultMavenResourcesFiltering - skip non existing resourceDirectory C:\Users\2155644\eclipse-workspace\SeleniumAutomation\SeleniumSessionNov\src\main\resources
2025-02-04 12:36:24,240 [Worker-115: Building] INFO  o.a.m.s.f.DefaultMavenResourcesFiltering - skip non existing resourceDirectory C:\Users\2155644\eclipse-workspace\SeleniumAutomation\SeleniumSessionNov\src\test\resources
2025-02-04 12:36:37,049 [Worker-124: Building] INFO  o.a.m.s.f.DefaultMavenResourcesFiltering - skip non existing resourceDirectory C:\Users\2155644\eclipse-workspace\SeleniumAutomation\SeleniumSessionNov\src\main\resources
2025-02-04 12:36:37,051 [Worker-124: Building] INFO  o.a.m.s.f.DefaultMavenResourcesFiltering - skip non existing resourceDirectory C:\Users\2155644\eclipse-workspace\SeleniumAutomation\SeleniumSessionNov\src\test\resources
2025-02-04 12:37:21,007 [Worker-126: Building] INFO  o.a.m.s.f.DefaultMavenResourcesFiltering - skip non existing resourceDirectory C:\Users\2155644\eclipse-workspace\SeleniumAutomation\SeleniumSessionNov\src\main\resources
2025-02-04 12:37:21,008 [Worker-126: Building] INFO  o.a.m.s.f.DefaultMavenResourcesFiltering - skip non existing resourceDirectory C:\Users\2155644\eclipse-workspace\SeleniumAutomation\SeleniumSessionNov\src\test\resources
2025-02-04 12:37:48,301 [Worker-124: Building] INFO  o.a.m.s.f.DefaultMavenResourcesFiltering - skip non existing resourceDirectory C:\Users\2155644\eclipse-workspace\SeleniumAutomation\SeleniumSessionNov\src\main\resources
2025-02-04 12:37:48,303 [Worker-124: Building] INFO  o.a.m.s.f.DefaultMavenResourcesFiltering - skip non existing resourceDirectory C:\Users\2155644\eclipse-workspace\SeleniumAutomation\SeleniumSessionNov\src\test\resources
2025-02-04 12:38:38,514 [Worker-115: Building] INFO  o.a.m.s.f.DefaultMavenResourcesFiltering - skip non existing resourceDirectory C:\Users\2155644\eclipse-workspace\SeleniumAutomation\SeleniumSessionNov\src\main\resources
2025-02-04 12:38:38,519 [Worker-115: Building] INFO  o.a.m.s.f.DefaultMavenResourcesFiltering - skip non existing resourceDirectory C:\Users\2155644\eclipse-workspace\SeleniumAutomation\SeleniumSessionNov\src\test\resources
2025-02-04 12:38:50,881 [Worker-126: Building] INFO  o.a.m.s.f.DefaultMavenResourcesFiltering - skip non existing resourceDirectory C:\Users\2155644\eclipse-workspace\SeleniumAutomation\SeleniumSessionNov\src\main\resources
2025-02-04 12:38:50,883 [Worker-126: Building] INFO  o.a.m.s.f.DefaultMavenResourcesFiltering - skip non existing resourceDirectory C:\Users\2155644\eclipse-workspace\SeleniumAutomation\SeleniumSessionNov\src\test\resources
2025-02-04 12:39:56,880 [Worker-124: Building] INFO  o.a.m.s.f.DefaultMavenResourcesFiltering - skip non existing resourceDirectory C:\Users\2155644\eclipse-workspace\SeleniumAutomation\SeleniumSessionNov\src\main\resources
2025-02-04 12:39:56,881 [Worker-124: Building] INFO  o.a.m.s.f.DefaultMavenResourcesFiltering - skip non existing resourceDirectory C:\Users\2155644\eclipse-workspace\SeleniumAutomation\SeleniumSessionNov\src\test\resources
2025-02-04 12:58:52,230 [Worker-127: Building] INFO  o.a.m.s.f.DefaultMavenResourcesFiltering - skip non existing resourceDirectory C:\Users\2155644\eclipse-workspace\SeleniumAutomation\SeleniumSessionNov\src\main\resources
2025-02-04 12:58:52,232 [Worker-127: Building] INFO  o.a.m.s.f.DefaultMavenResourcesFiltering - skip non existing resourceDirectory C:\Users\2155644\eclipse-workspace\SeleniumAutomation\SeleniumSessionNov\src\test\resources
2025-02-04 13:00:17,623 [Worker-122: Building] INFO  o.a.m.s.f.DefaultMavenResourcesFiltering - skip non existing resourceDirectory C:\Users\2155644\eclipse-workspace\SeleniumAutomation\SeleniumSessionNov\src\main\resources
2025-02-04 13:00:17,624 [Worker-122: Building] INFO  o.a.m.s.f.DefaultMavenResourcesFiltering - skip non existing resourceDirectory C:\Users\2155644\eclipse-workspace\SeleniumAutomation\SeleniumSessionNov\src\test\resources
2025-02-04 13:00:52,072 [Worker-122: Building] INFO  o.a.m.s.f.DefaultMavenResourcesFiltering - skip non existing resourceDirectory C:\Users\2155644\eclipse-workspace\SeleniumAutomation\SeleniumSessionNov\src\main\resources
2025-02-04 13:00:52,073 [Worker-122: Building] INFO  o.a.m.s.f.DefaultMavenResourcesFiltering - skip non existing resourceDirectory C:\Users\2155644\eclipse-workspace\SeleniumAutomation\SeleniumSessionNov\src\test\resources
2025-02-04 14:51:51,877 [Worker-128: Building] INFO  o.a.m.s.f.DefaultMavenResourcesFiltering - skip non existing resourceDirectory C:\Users\2155644\eclipse-workspace\SeleniumAutomation\SeleniumSessionNov\src\main\resources
2025-02-04 14:51:51,879 [Worker-128: Building] INFO  o.a.m.s.f.DefaultMavenResourcesFiltering - skip non existing resourceDirectory C:\Users\2155644\eclipse-workspace\SeleniumAutomation\SeleniumSessionNov\src\test\resources
2025-02-04 15:06:26,185 [Worker-128: Building] INFO  o.a.m.s.f.DefaultMavenResourcesFiltering - skip non existing resourceDirectory C:\Users\2155644\eclipse-workspace\SeleniumAutomation\SeleniumSessionNov\src\main\resources
2025-02-04 15:06:26,187 [Worker-128: Building] INFO  o.a.m.s.f.DefaultMavenResourcesFiltering - skip non existing resourceDirectory C:\Users\2155644\eclipse-workspace\SeleniumAutomation\SeleniumSessionNov\src\test\resources
2025-02-04 15:07:49,050 [Worker-137: Building] INFO  o.a.m.s.f.DefaultMavenResourcesFiltering - skip non existing resourceDirectory C:\Users\2155644\eclipse-workspace\SeleniumAutomation\SeleniumSessionNov\src\main\resources
2025-02-04 15:07:49,052 [Worker-137: Building] INFO  o.a.m.s.f.DefaultMavenResourcesFiltering - skip non existing resourceDirectory C:\Users\2155644\eclipse-workspace\SeleniumAutomation\SeleniumSessionNov\src\test\resources
2025-02-04 15:10:10,878 [Worker-140: Building] INFO  o.a.m.s.f.DefaultMavenResourcesFiltering - skip non existing resourceDirectory C:\Users\2155644\eclipse-workspace\SeleniumAutomation\SeleniumSessionNov\src\main\resources
2025-02-04 15:10:10,880 [Worker-140: Building] INFO  o.a.m.s.f.DefaultMavenResourcesFiltering - skip non existing resourceDirectory C:\Users\2155644\eclipse-workspace\SeleniumAutomation\SeleniumSessionNov\src\test\resources
2025-02-04 15:11:08,340 [Worker-142: Building] INFO  o.a.m.s.f.DefaultMavenResourcesFiltering - skip non existing resourceDirectory C:\Users\2155644\eclipse-workspace\SeleniumAutomation\SeleniumSessionNov\src\main\resources
2025-02-04 15:11:08,342 [Worker-142: Building] INFO  o.a.m.s.f.DefaultMavenResourcesFiltering - skip non existing resourceDirectory C:\Users\2155644\eclipse-workspace\SeleniumAutomation\SeleniumSessionNov\src\test\resources
2025-02-04 15:12:00,745 [Worker-140: Building] INFO  o.a.m.s.f.DefaultMavenResourcesFiltering - skip non existing resourceDirectory C:\Users\2155644\eclipse-workspace\SeleniumAutomation\SeleniumSessionNov\src\main\resources
2025-02-04 15:12:00,746 [Worker-140: Building] INFO  o.a.m.s.f.DefaultMavenResourcesFiltering - skip non existing resourceDirectory C:\Users\2155644\eclipse-workspace\SeleniumAutomation\SeleniumSessionNov\src\test\resources
2025-02-04 15:59:34,511 [Worker-141: Building] INFO  o.a.m.s.f.DefaultMavenResourcesFiltering - skip non existing resourceDirectory C:\Users\2155644\eclipse-workspace\SeleniumAutomation\SeleniumSessionNov\src\main\resources
2025-02-04 15:59:34,514 [Worker-141: Building] INFO  o.a.m.s.f.DefaultMavenResourcesFiltering - skip non existing resourceDirectory C:\Users\2155644\eclipse-workspace\SeleniumAutomation\SeleniumSessionNov\src\test\resources
2025-02-04 15:59:42,688 [Worker-141: Building] INFO  o.a.m.s.f.DefaultMavenResourcesFiltering - skip non existing resourceDirectory C:\Users\2155644\eclipse-workspace\SeleniumAutomation\SeleniumSessionNov\src\main\resources
2025-02-04 15:59:42,689 [Worker-141: Building] INFO  o.a.m.s.f.DefaultMavenResourcesFiltering - skip non existing resourceDirectory C:\Users\2155644\eclipse-workspace\SeleniumAutomation\SeleniumSessionNov\src\test\resources
2025-02-04 15:59:46,576 [Worker-145: Building] INFO  o.a.m.s.f.DefaultMavenResourcesFiltering - skip non existing resourceDirectory C:\Users\2155644\eclipse-workspace\SeleniumAutomation\SeleniumSessionNov\src\main\resources
2025-02-04 15:59:46,578 [Worker-145: Building] INFO  o.a.m.s.f.DefaultMavenResourcesFiltering - skip non existing resourceDirectory C:\Users\2155644\eclipse-workspace\SeleniumAutomation\SeleniumSessionNov\src\test\resources
2025-02-04 16:06:51,682 [Worker-147: Building] INFO  o.a.m.s.f.DefaultMavenResourcesFiltering - skip non existing resourceDirectory C:\Users\2155644\eclipse-workspace\SeleniumAutomation\SeleniumSessionNov\src\main\resources
2025-02-04 16:06:51,685 [Worker-147: Building] INFO  o.a.m.s.f.DefaultMavenResourcesFiltering - skip non existing resourceDirectory C:\Users\2155644\eclipse-workspace\SeleniumAutomation\SeleniumSessionNov\src\test\resources
2025-02-04 16:08:23,176 [Worker-142: Building] INFO  o.a.m.s.f.DefaultMavenResourcesFiltering - skip non existing resourceDirectory C:\Users\2155644\eclipse-workspace\SeleniumAutomation\SeleniumSessionNov\src\main\resources
2025-02-04 16:08:23,177 [Worker-142: Building] INFO  o.a.m.s.f.DefaultMavenResourcesFiltering - skip non existing resourceDirectory C:\Users\2155644\eclipse-workspace\SeleniumAutomation\SeleniumSessionNov\src\test\resources
2025-02-04 16:09:09,059 [Worker-142: Building] INFO  o.a.m.s.f.DefaultMavenResourcesFiltering - skip non existing resourceDirectory C:\Users\2155644\eclipse-workspace\SeleniumAutomation\SeleniumSessionNov\src\main\resources
2025-02-04 16:09:09,060 [Worker-142: Building] INFO  o.a.m.s.f.DefaultMavenResourcesFiltering - skip non existing resourceDirectory C:\Users\2155644\eclipse-workspace\SeleniumAutomation\SeleniumSessionNov\src\test\resources
2025-02-04 16:09:58,294 [Worker-148: Building] INFO  o.a.m.s.f.DefaultMavenResourcesFiltering - skip non existing resourceDirectory C:\Users\2155644\eclipse-workspace\SeleniumAutomation\SeleniumSessionNov\src\main\resources
2025-02-04 16:09:58,296 [Worker-148: Building] INFO  o.a.m.s.f.DefaultMavenResourcesFiltering - skip non existing resourceDirectory C:\Users\2155644\eclipse-workspace\SeleniumAutomation\SeleniumSessionNov\src\test\resources
2025-02-04 20:34:00,617 [Worker-147: Building] INFO  o.a.m.s.f.DefaultMavenResourcesFiltering - skip non existing resourceDirectory C:\Users\2155644\eclipse-workspace\SeleniumAutomation\SeleniumSessionNov\src\main\resources
2025-02-04 20:34:00,621 [Worker-147: Building] INFO  o.a.m.s.f.DefaultMavenResourcesFiltering - skip non existing resourceDirectory C:\Users\2155644\eclipse-workspace\SeleniumAutomation\SeleniumSessionNov\src\test\resources
2025-02-04 20:43:42,939 [Worker-147: Building] INFO  o.a.m.s.f.DefaultMavenResourcesFiltering - skip non existing resourceDirectory C:\Users\2155644\eclipse-workspace\SeleniumAutomation\SeleniumSessionNov\src\main\resources
2025-02-04 20:43:42,940 [Worker-147: Building] INFO  o.a.m.s.f.DefaultMavenResourcesFiltering - skip non existing resourceDirectory C:\Users\2155644\eclipse-workspace\SeleniumAutomation\SeleniumSessionNov\src\test\resources
2025-02-04 20:54:46,781 [Worker-147: Building] INFO  o.a.m.s.f.DefaultMavenResourcesFiltering - skip non existing resourceDirectory C:\Users\2155644\eclipse-workspace\SeleniumAutomation\SeleniumSessionNov\src\main\resources
2025-02-04 20:54:46,782 [Worker-147: Building] INFO  o.a.m.s.f.DefaultMavenResourcesFiltering - skip non existing resourceDirectory C:\Users\2155644\eclipse-workspace\SeleniumAutomation\SeleniumSessionNov\src\test\resources
2025-02-04 20:54:57,835 [Worker-155: Building] INFO  o.a.m.s.f.DefaultMavenResourcesFiltering - skip non existing resourceDirectory C:\Users\2155644\eclipse-workspace\SeleniumAutomation\SeleniumSessionNov\src\main\resources
2025-02-04 20:54:57,837 [Worker-155: Building] INFO  o.a.m.s.f.DefaultMavenResourcesFiltering - skip non existing resourceDirectory C:\Users\2155644\eclipse-workspace\SeleniumAutomation\SeleniumSessionNov\src\test\resources
2025-02-04 20:55:07,561 [Worker-156: Building] INFO  o.a.m.s.f.DefaultMavenResourcesFiltering - skip non existing resourceDirectory C:\Users\2155644\eclipse-workspace\SeleniumAutomation\SeleniumSessionNov\src\main\resources
2025-02-04 20:55:07,563 [Worker-156: Building] INFO  o.a.m.s.f.DefaultMavenResourcesFiltering - skip non existing resourceDirectory C:\Users\2155644\eclipse-workspace\SeleniumAutomation\SeleniumSessionNov\src\test\resources
2025-02-04 21:04:35,719 [Worker-158: Building] INFO  o.a.m.s.f.DefaultMavenResourcesFiltering - skip non existing resourceDirectory C:\Users\2155644\eclipse-workspace\SeleniumAutomation\SeleniumSessionNov\src\main\resources
2025-02-04 21:04:35,721 [Worker-158: Building] INFO  o.a.m.s.f.DefaultMavenResourcesFiltering - skip non existing resourceDirectory C:\Users\2155644\eclipse-workspace\SeleniumAutomation\SeleniumSessionNov\src\test\resources
2025-02-04 21:06:16,951 [Worker-158: Building] INFO  o.a.m.s.f.DefaultMavenResourcesFiltering - skip non existing resourceDirectory C:\Users\2155644\eclipse-workspace\SeleniumAutomation\SeleniumSessionNov\src\main\resources
2025-02-04 21:06:16,952 [Worker-158: Building] INFO  o.a.m.s.f.DefaultMavenResourcesFiltering - skip non existing resourceDirectory C:\Users\2155644\eclipse-workspace\SeleniumAutomation\SeleniumSessionNov\src\test\resources
2025-02-04 21:37:30,121 [Worker-161: Building] INFO  o.a.m.s.f.DefaultMavenResourcesFiltering - skip non existing resourceDirectory C:\Users\2155644\eclipse-workspace\SeleniumAutomation\SeleniumSessionNov\src\main\resources
2025-02-04 21:37:30,123 [Worker-161: Building] INFO  o.a.m.s.f.DefaultMavenResourcesFiltering - skip non existing resourceDirectory C:\Users\2155644\eclipse-workspace\SeleniumAutomation\SeleniumSessionNov\src\test\resources
2025-02-04 21:39:02,570 [Worker-147: Building] INFO  o.a.m.s.f.DefaultMavenResourcesFiltering - skip non existing resourceDirectory C:\Users\2155644\eclipse-workspace\SeleniumAutomation\SeleniumSessionNov\src\main\resources
2025-02-04 21:39:02,572 [Worker-147: Building] INFO  o.a.m.s.f.DefaultMavenResourcesFiltering - skip non existing resourceDirectory C:\Users\2155644\eclipse-workspace\SeleniumAutomation\SeleniumSessionNov\src\test\resources
2025-02-04 21:48:55,806 [Worker-161: Building] INFO  o.a.m.s.f.DefaultMavenResourcesFiltering - skip non existing resourceDirectory C:\Users\2155644\eclipse-workspace\SeleniumAutomation\SeleniumSessionNov\src\main\resources
2025-02-04 21:48:55,807 [Worker-161: Building] INFO  o.a.m.s.f.DefaultMavenResourcesFiltering - skip non existing resourceDirectory C:\Users\2155644\eclipse-workspace\SeleniumAutomation\SeleniumSessionNov\src\test\resources
2025-02-04 21:50:36,211 [Worker-166: Building] INFO  o.a.m.s.f.DefaultMavenResourcesFiltering - skip non existing resourceDirectory C:\Users\2155644\eclipse-workspace\SeleniumAutomation\SeleniumSessionNov\src\main\resources
2025-02-04 21:50:36,213 [Worker-166: Building] INFO  o.a.m.s.f.DefaultMavenResourcesFiltering - skip non existing resourceDirectory C:\Users\2155644\eclipse-workspace\SeleniumAutomation\SeleniumSessionNov\src\test\resources
2025-02-04 21:50:41,856 [Worker-165: Launching GoogleSearch] INFO  o.a.m.s.f.DefaultMavenResourcesFiltering - skip non existing resourceDirectory C:\Users\2155644\eclipse-workspace\SeleniumAutomation\SeleniumSessionNov\src\main\resources
2025-02-04 21:50:41,857 [Worker-165: Launching GoogleSearch] INFO  o.a.m.s.f.DefaultMavenResourcesFiltering - skip non existing resourceDirectory C:\Users\2155644\eclipse-workspace\SeleniumAutomation\SeleniumSessionNov\src\test\resources
2025-02-04 21:59:49,331 [Worker-169: Building] INFO  o.a.m.s.f.DefaultMavenResourcesFiltering - skip non existing resourceDirectory C:\Users\2155644\eclipse-workspace\SeleniumAutomation\SeleniumSessionNov\src\main\resources
2025-02-04 21:59:49,332 [Worker-169: Building] INFO  o.a.m.s.f.DefaultMavenResourcesFiltering - skip non existing resourceDirectory C:\Users\2155644\eclipse-workspace\SeleniumAutomation\SeleniumSessionNov\src\test\resources
2025-02-04 22:05:29,644 [Worker-171: Building] INFO  o.a.m.s.f.DefaultMavenResourcesFiltering - skip non existing resourceDirectory C:\Users\2155644\eclipse-workspace\SeleniumAutomation\SeleniumSessionNov\src\main\resources
2025-02-04 22:05:29,645 [Worker-171: Building] INFO  o.a.m.s.f.DefaultMavenResourcesFiltering - skip non existing resourceDirectory C:\Users\2155644\eclipse-workspace\SeleniumAutomation\SeleniumSessionNov\src\test\resources
2025-02-04 22:08:25,177 [Worker-176: Building] INFO  o.a.m.s.f.DefaultMavenResourcesFiltering - skip non existing resourceDirectory C:\Users\2155644\eclipse-workspace\SeleniumAutomation\SeleniumSessionNov\src\main\resources
2025-02-04 22:08:25,180 [Worker-176: Building] INFO  o.a.m.s.f.DefaultMavenResourcesFiltering - skip non existing resourceDirectory C:\Users\2155644\eclipse-workspace\SeleniumAutomation\SeleniumSessionNov\src\test\resources
2025-02-04 22:08:28,591 [Worker-176: Launching GoogleSearch] INFO  o.a.m.s.f.DefaultMavenResourcesFiltering - skip non existing resourceDirectory C:\Users\2155644\eclipse-workspace\SeleniumAutomation\SeleniumSessionNov\src\main\resources
2025-02-04 22:08:28,592 [Worker-176: Launching GoogleSearch] INFO  o.a.m.s.f.DefaultMavenResourcesFiltering - skip non existing resourceDirectory C:\Users\2155644\eclipse-workspace\SeleniumAutomation\SeleniumSessionNov\src\test\resources
2025-02-04 22:09:58,179 [Worker-172: Building] INFO  o.a.m.s.f.DefaultMavenResourcesFiltering - skip non existing resourceDirectory C:\Users\2155644\eclipse-workspace\SeleniumAutomation\SeleniumSessionNov\src\main\resources
2025-02-04 22:09:58,180 [Worker-172: Building] INFO  o.a.m.s.f.DefaultMavenResourcesFiltering - skip non existing resourceDirectory C:\Users\2155644\eclipse-workspace\SeleniumAutomation\SeleniumSessionNov\src\test\resources
2025-02-04 22:11:04,217 [Worker-171: Building] INFO  o.a.m.s.f.DefaultMavenResourcesFiltering - skip non existing resourceDirectory C:\Users\2155644\eclipse-workspace\SeleniumAutomation\SeleniumSessionNov\src\main\resources
2025-02-04 22:11:04,219 [Worker-171: Building] INFO  o.a.m.s.f.DefaultMavenResourcesFiltering - skip non existing resourceDirectory C:\Users\2155644\eclipse-workspace\SeleniumAutomation\SeleniumSessionNov\src\test\resources
2025-02-04 22:11:10,535 [Worker-172: Building] INFO  o.a.m.s.f.DefaultMavenResourcesFiltering - skip non existing resourceDirectory C:\Users\2155644\eclipse-workspace\SeleniumAutomation\SeleniumSessionNov\src\main\resources
2025-02-04 22:11:10,537 [Worker-172: Building] INFO  o.a.m.s.f.DefaultMavenResourcesFiltering - skip non existing resourceDirectory C:\Users\2155644\eclipse-workspace\SeleniumAutomation\SeleniumSessionNov\src\test\resources
2025-02-05 11:03:27,303 [Worker-180: Building] INFO  o.a.m.s.f.DefaultMavenResourcesFiltering - skip non existing resourceDirectory C:\Users\2155644\eclipse-workspace\SeleniumAutomation\SeleniumSessionNov\src\main\resources
2025-02-05 11:03:27,307 [Worker-180: Building] INFO  o.a.m.s.f.DefaultMavenResourcesFiltering - skip non existing resourceDirectory C:\Users\2155644\eclipse-workspace\SeleniumAutomation\SeleniumSessionNov\src\test\resources
2025-02-05 11:05:25,666 [Worker-177: Building] INFO  o.a.m.s.f.DefaultMavenResourcesFiltering - skip non existing resourceDirectory C:\Users\2155644\eclipse-workspace\SeleniumAutomation\SeleniumSessionNov\src\main\resources
2025-02-05 11:05:25,668 [Worker-177: Building] INFO  o.a.m.s.f.DefaultMavenResourcesFiltering - skip non existing resourceDirectory C:\Users\2155644\eclipse-workspace\SeleniumAutomation\SeleniumSessionNov\src\test\resources
2025-02-05 11:40:47,676 [Worker-185: Building] INFO  o.a.m.s.f.DefaultMavenResourcesFiltering - skip non existing resourceDirectory C:\Users\2155644\eclipse-workspace\SeleniumAutomation\SeleniumSessionNov\src\main\resources
2025-02-05 11:40:47,678 [Worker-185: Building] INFO  o.a.m.s.f.DefaultMavenResourcesFiltering - skip non existing resourceDirectory C:\Users\2155644\eclipse-workspace\SeleniumAutomation\SeleniumSessionNov\src\test\resources
2025-02-05 12:33:42,277 [Worker-189: Building] INFO  o.a.m.s.f.DefaultMavenResourcesFiltering - skip non existing resourceDirectory C:\Users\2155644\eclipse-workspace\SeleniumAutomation\SeleniumSessionNov\src\main\resources
2025-02-05 12:33:42,280 [Worker-189: Building] INFO  o.a.m.s.f.DefaultMavenResourcesFiltering - skip non existing resourceDirectory C:\Users\2155644\eclipse-workspace\SeleniumAutomation\SeleniumSessionNov\src\test\resources
2025-02-05 12:34:25,285 [Worker-191: Building] INFO  o.a.m.s.f.DefaultMavenResourcesFiltering - skip non existing resourceDirectory C:\Users\2155644\eclipse-workspace\SeleniumAutomation\SeleniumSessionNov\src\main\resources
2025-02-05 12:34:25,287 [Worker-191: Building] INFO  o.a.m.s.f.DefaultMavenResourcesFiltering - skip non existing resourceDirectory C:\Users\2155644\eclipse-workspace\SeleniumAutomation\SeleniumSessionNov\src\test\resources
2025-02-05 12:39:16,599 [Worker-191: Building] INFO  o.a.m.s.f.DefaultMavenResourcesFiltering - skip non existing resourceDirectory C:\Users\2155644\eclipse-workspace\SeleniumAutomation\SeleniumSessionNov\src\main\resources
2025-02-05 12:39:16,601 [Worker-191: Building] INFO  o.a.m.s.f.DefaultMavenResourcesFiltering - skip non existing resourceDirectory C:\Users\2155644\eclipse-workspace\SeleniumAutomation\SeleniumSessionNov\src\test\resources
2025-02-05 15:24:36,748 [Worker-193: Building] INFO  o.a.m.s.f.DefaultMavenResourcesFiltering - skip non existing resourceDirectory C:\Users\2155644\eclipse-workspace\SeleniumAutomation\SeleniumSessionNov\src\main\resources
2025-02-05 15:24:36,750 [Worker-193: Building] INFO  o.a.m.s.f.DefaultMavenResourcesFiltering - skip non existing resourceDirectory C:\Users\2155644\eclipse-workspace\SeleniumAutomation\SeleniumSessionNov\src\test\resources
2025-02-05 15:28:22,763 [Worker-196: Building] INFO  o.a.m.s.f.DefaultMavenResourcesFiltering - skip non existing resourceDirectory C:\Users\2155644\eclipse-workspace\SeleniumAutomation\SeleniumSessionNov\src\main\resources
2025-02-05 15:28:22,765 [Worker-196: Building] INFO  o.a.m.s.f.DefaultMavenResourcesFiltering - skip non existing resourceDirectory C:\Users\2155644\eclipse-workspace\SeleniumAutomation\SeleniumSessionNov\src\test\resources
2025-02-05 15:40:06,042 [Worker-199: Building] INFO  o.a.m.s.f.DefaultMavenResourcesFiltering - skip non existing resourceDirectory C:\Users\2155644\eclipse-workspace\SeleniumAutomation\SeleniumSessionNov\src\main\resources
2025-02-05 15:40:06,044 [Worker-199: Building] INFO  o.a.m.s.f.DefaultMavenResourcesFiltering - skip non existing resourceDirectory C:\Users\2155644\eclipse-workspace\SeleniumAutomation\SeleniumSessionNov\src\test\resources
2025-02-05 15:40:16,598 [Worker-199: Building] INFO  o.a.m.s.f.DefaultMavenResourcesFiltering - skip non existing resourceDirectory C:\Users\2155644\eclipse-workspace\SeleniumAutomation\SeleniumSessionNov\src\main\resources
2025-02-05 15:40:16,601 [Worker-199: Building] INFO  o.a.m.s.f.DefaultMavenResourcesFiltering - skip non existing resourceDirectory C:\Users\2155644\eclipse-workspace\SeleniumAutomation\SeleniumSessionNov\src\test\resources
2025-02-05 15:50:04,191 [Worker-199: Building] INFO  o.a.m.s.f.DefaultMavenResourcesFiltering - skip non existing resourceDirectory C:\Users\2155644\eclipse-workspace\SeleniumAutomation\SeleniumSessionNov\src\main\resources
2025-02-05 15:50:04,194 [Worker-199: Building] INFO  o.a.m.s.f.DefaultMavenResourcesFiltering - skip non existing resourceDirectory C:\Users\2155644\eclipse-workspace\SeleniumAutomation\SeleniumSessionNov\src\test\resources
2025-02-05 15:50:58,909 [Worker-206: Building] INFO  o.a.m.s.f.DefaultMavenResourcesFiltering - skip non existing resourceDirectory C:\Users\2155644\eclipse-workspace\SeleniumAutomation\SeleniumSessionNov\src\main\resources
2025-02-05 15:50:58,911 [Worker-206: Building] INFO  o.a.m.s.f.DefaultMavenResourcesFiltering - skip non existing resourceDirectory C:\Users\2155644\eclipse-workspace\SeleniumAutomation\SeleniumSessionNov\src\test\resources
2025-02-06 11:20:49,810 [Worker-208: Creating maven-archetype-quickstart] INFO  o.e.m.c.i.p.ProjectConfigurationManager - Collecting project info '/pom.xml' C:\Users\2155644\eclipse-workspace\SeleniumAutomation\VideoChecks\pom.xml
2025-02-06 11:20:50,864 [Worker-208: Creating maven-archetype-quickstart] INFO  o.e.m.c.i.l.LifecycleMappingFactory - Using org.eclipse.m2e.jdt.JarLifecycleMapping lifecycle mapping for MavenProject: VideoChecks:VideoChecks:0.0.1-SNAPSHOT @ C:\Users\2155644\eclipse-workspace\SeleniumAutomation\VideoChecks\pom.xml.
2025-02-06 11:20:53,858 [Worker-208: Creating maven-archetype-quickstart] INFO  o.e.m.j.i.AbstractJavaProjectConfigurator - Adding source folder /VideoChecks/src/main/java
2025-02-06 11:20:53,909 [Worker-208: Creating maven-archetype-quickstart] INFO  o.e.m.j.i.AbstractJavaProjectConfigurator - Adding source folder /VideoChecks/src/test/java
2025-02-06 11:20:54,578 [Worker-208: Creating maven-archetype-quickstart] INFO  o.e.m.c.i.p.ProjectConfigurationManager - Imported and configured 1 project(s) in 4 sec
2025-02-06 11:20:55,666 [Worker-208: Building] INFO  o.a.m.s.f.DefaultMavenResourcesFiltering - skip non existing resourceDirectory C:\Users\2155644\eclipse-workspace\SeleniumAutomation\VideoChecks\src\main\resources
2025-02-06 11:20:55,673 [Worker-208: Building] INFO  o.a.m.s.f.DefaultMavenResourcesFiltering - skip non existing resourceDirectory C:\Users\2155644\eclipse-workspace\SeleniumAutomation\VideoChecks\src\test\resources
2025-02-06 11:21:27,017 [Worker-208: Building] INFO  o.e.m.c.i.l.LifecycleMappingFactory - Using org.eclipse.m2e.jdt.JarLifecycleMapping lifecycle mapping for MavenProject: SeleniumSessionNov:SeleniumSessionNov:0.0.1-SNAPSHOT @ C:\Users\2155644\eclipse-workspace\SeleniumAutomation\VideoChecks\pom.xml.
2025-02-06 11:21:27,638 [Worker-208: Building] INFO  o.a.m.s.f.DefaultMavenResourcesFiltering - skip non existing resourceDirectory C:\Users\2155644\eclipse-workspace\SeleniumAutomation\VideoChecks\src\main\resources
2025-02-06 11:21:27,640 [Worker-208: Building] INFO  o.a.m.s.f.DefaultMavenResourcesFiltering - skip non existing resourceDirectory C:\Users\2155644\eclipse-workspace\SeleniumAutomation\VideoChecks\src\test\resources
2025-02-06 11:21:29,303 [Worker-214: Building] INFO  o.a.m.s.f.DefaultMavenResourcesFiltering - skip non existing resourceDirectory C:\Users\2155644\eclipse-workspace\SeleniumAutomation\VideoChecks\src\main\resources
2025-02-06 11:21:29,307 [Worker-214: Building] INFO  o.a.m.s.f.DefaultMavenResourcesFiltering - skip non existing resourceDirectory C:\Users\2155644\eclipse-workspace\SeleniumAutomation\VideoChecks\src\test\resources
2025-02-06 11:22:04,488 [Worker-212: Building] INFO  o.a.m.s.f.DefaultMavenResourcesFiltering - skip non existing resourceDirectory C:\Users\2155644\eclipse-workspace\SeleniumAutomation\VideoChecks\src\main\resources
2025-02-06 11:22:04,490 [Worker-212: Building] INFO  o.a.m.s.f.DefaultMavenResourcesFiltering - skip non existing resourceDirectory C:\Users\2155644\eclipse-workspace\SeleniumAutomation\VideoChecks\src\test\resources
2025-02-06 11:22:24,982 [Worker-213: Building] INFO  o.a.m.s.f.DefaultMavenResourcesFiltering - skip non existing resourceDirectory C:\Users\2155644\eclipse-workspace\SeleniumAutomation\VideoChecks\src\main\resources
2025-02-06 11:22:24,983 [Worker-213: Building] INFO  o.a.m.s.f.DefaultMavenResourcesFiltering - skip non existing resourceDirectory C:\Users\2155644\eclipse-workspace\SeleniumAutomation\VideoChecks\src\test\resources
2025-02-06 11:23:34,324 [Worker-213: Building] INFO  o.a.m.s.f.DefaultMavenResourcesFiltering - skip non existing resourceDirectory C:\Users\2155644\eclipse-workspace\SeleniumAutomation\SeleniumSessionNov\src\main\resources
2025-02-06 11:23:34,328 [Worker-213: Building] INFO  o.a.m.s.f.DefaultMavenResourcesFiltering - skip non existing resourceDirectory C:\Users\2155644\eclipse-workspace\SeleniumAutomation\SeleniumSessionNov\src\test\resources
2025-02-06 11:23:34,368 [Worker-213: Building] INFO  o.a.m.s.f.DefaultMavenResourcesFiltering - skip non existing resourceDirectory C:\Users\2155644\eclipse-workspace\SeleniumAutomation\VideoChecks\src\main\resources
2025-02-06 11:23:34,371 [Worker-213: Building] INFO  o.a.m.s.f.DefaultMavenResourcesFiltering - skip non existing resourceDirectory C:\Users\2155644\eclipse-workspace\SeleniumAutomation\VideoChecks\src\test\resources
2025-02-06 11:23:43,704 [Worker-214: Building] INFO  o.a.m.s.f.DefaultMavenResourcesFiltering - skip non existing resourceDirectory C:\Users\2155644\eclipse-workspace\SeleniumAutomation\VideoChecks\src\main\resources
2025-02-06 11:23:43,708 [Worker-214: Building] INFO  o.a.m.s.f.DefaultMavenResourcesFiltering - skip non existing resourceDirectory C:\Users\2155644\eclipse-workspace\SeleniumAutomation\VideoChecks\src\test\resources
2025-02-06 11:24:08,858 [Worker-215: Building] INFO  o.a.m.s.f.DefaultMavenResourcesFiltering - skip non existing resourceDirectory C:\Users\2155644\eclipse-workspace\SeleniumAutomation\VideoChecks\src\main\resources
2025-02-06 11:24:08,863 [Worker-215: Building] INFO  o.a.m.s.f.DefaultMavenResourcesFiltering - skip non existing resourceDirectory C:\Users\2155644\eclipse-workspace\SeleniumAutomation\VideoChecks\src\test\resources
2025-02-06 11:32:53,064 [Worker-216: Building] INFO  o.a.m.s.f.DefaultMavenResourcesFiltering - skip non existing resourceDirectory C:\Users\2155644\eclipse-workspace\SeleniumAutomation\VideoChecks\src\main\resources
2025-02-06 11:32:53,066 [Worker-216: Building] INFO  o.a.m.s.f.DefaultMavenResourcesFiltering - skip non existing resourceDirectory C:\Users\2155644\eclipse-workspace\SeleniumAutomation\VideoChecks\src\test\resources
2025-02-06 11:34:06,228 [Worker-217: Building] INFO  o.a.m.s.f.DefaultMavenResourcesFiltering - skip non existing resourceDirectory C:\Users\2155644\eclipse-workspace\SeleniumAutomation\VideoChecks\src\main\resources
2025-02-06 11:34:06,230 [Worker-217: Building] INFO  o.a.m.s.f.DefaultMavenResourcesFiltering - skip non existing resourceDirectory C:\Users\2155644\eclipse-workspace\SeleniumAutomation\VideoChecks\src\test\resources
2025-02-06 11:36:19,489 [Worker-217: Building] INFO  o.a.m.s.f.DefaultMavenResourcesFiltering - skip non existing resourceDirectory C:\Users\2155644\eclipse-workspace\SeleniumAutomation\VideoChecks\src\main\resources
2025-02-06 11:36:19,491 [Worker-217: Building] INFO  o.a.m.s.f.DefaultMavenResourcesFiltering - skip non existing resourceDirectory C:\Users\2155644\eclipse-workspace\SeleniumAutomation\VideoChecks\src\test\resources
2025-02-06 11:42:05,678 [Worker-217: Building] INFO  o.a.m.s.f.DefaultMavenResourcesFiltering - skip non existing resourceDirectory C:\Users\2155644\eclipse-workspace\SeleniumAutomation\VideoChecks\src\main\resources
2025-02-06 11:42:05,680 [Worker-217: Building] INFO  o.a.m.s.f.DefaultMavenResourcesFiltering - skip non existing resourceDirectory C:\Users\2155644\eclipse-workspace\SeleniumAutomation\VideoChecks\src\test\resources
2025-02-06 11:45:05,304 [Worker-222: Launching VideoStatusChecker] INFO  o.a.m.s.f.DefaultMavenResourcesFiltering - skip non existing resourceDirectory C:\Users\2155644\eclipse-workspace\SeleniumAutomation\VideoChecks\src\main\resources
2025-02-06 11:45:05,306 [Worker-222: Launching VideoStatusChecker] INFO  o.a.m.s.f.DefaultMavenResourcesFiltering - skip non existing resourceDirectory C:\Users\2155644\eclipse-workspace\SeleniumAutomation\VideoChecks\src\test\resources
2025-02-06 11:46:23,702 [Worker-225: Building] INFO  o.a.m.s.f.DefaultMavenResourcesFiltering - skip non existing resourceDirectory C:\Users\2155644\eclipse-workspace\SeleniumAutomation\VideoChecks\src\main\resources
2025-02-06 11:46:23,704 [Worker-225: Building] INFO  o.a.m.s.f.DefaultMavenResourcesFiltering - skip non existing resourceDirectory C:\Users\2155644\eclipse-workspace\SeleniumAutomation\VideoChecks\src\test\resources
2025-02-06 11:55:25,721 [Worker-222: Launching VideoStatusChecker] INFO  o.a.m.s.f.DefaultMavenResourcesFiltering - skip non existing resourceDirectory C:\Users\2155644\eclipse-workspace\SeleniumAutomation\VideoChecks\src\main\resources
2025-02-06 11:55:25,726 [Worker-222: Launching VideoStatusChecker] INFO  o.a.m.s.f.DefaultMavenResourcesFiltering - skip non existing resourceDirectory C:\Users\2155644\eclipse-workspace\SeleniumAutomation\VideoChecks\src\test\resources
2025-02-06 12:14:18,787 [Worker-235: Building] INFO  o.a.m.s.f.DefaultMavenResourcesFiltering - skip non existing resourceDirectory C:\Users\2155644\eclipse-workspace\SeleniumAutomation\VideoChecks\src\main\resources
2025-02-06 12:14:18,789 [Worker-235: Building] INFO  o.a.m.s.f.DefaultMavenResourcesFiltering - skip non existing resourceDirectory C:\Users\2155644\eclipse-workspace\SeleniumAutomation\VideoChecks\src\test\resources
2025-02-06 12:14:22,124 [Worker-234: Building] INFO  o.a.m.s.f.DefaultMavenResourcesFiltering - skip non existing resourceDirectory C:\Users\2155644\eclipse-workspace\SeleniumAutomation\VideoChecks\src\main\resources
2025-02-06 12:14:22,125 [Worker-234: Building] INFO  o.a.m.s.f.DefaultMavenResourcesFiltering - skip non existing resourceDirectory C:\Users\2155644\eclipse-workspace\SeleniumAutomation\VideoChecks\src\test\resources
2025-02-06 12:14:38,307 [Worker-234: Building] INFO  o.a.m.s.f.DefaultMavenResourcesFiltering - skip non existing resourceDirectory C:\Users\2155644\eclipse-workspace\SeleniumAutomation\VideoChecks\src\main\resources
2025-02-06 12:14:38,308 [Worker-234: Building] INFO  o.a.m.s.f.DefaultMavenResourcesFiltering - skip non existing resourceDirectory C:\Users\2155644\eclipse-workspace\SeleniumAutomation\VideoChecks\src\test\resources
2025-02-06 12:15:01,077 [Worker-234: Building] INFO  o.a.m.s.f.DefaultMavenResourcesFiltering - skip non existing resourceDirectory C:\Users\2155644\eclipse-workspace\SeleniumAutomation\VideoChecks\src\main\resources
2025-02-06 12:15:01,079 [Worker-234: Building] INFO  o.a.m.s.f.DefaultMavenResourcesFiltering - skip non existing resourceDirectory C:\Users\2155644\eclipse-workspace\SeleniumAutomation\VideoChecks\src\test\resources
2025-02-06 12:17:35,262 [Worker-237: Building] INFO  o.a.m.s.f.DefaultMavenResourcesFiltering - skip non existing resourceDirectory C:\Users\2155644\eclipse-workspace\SeleniumAutomation\VideoChecks\src\main\resources
2025-02-06 12:17:35,264 [Worker-237: Building] INFO  o.a.m.s.f.DefaultMavenResourcesFiltering - skip non existing resourceDirectory C:\Users\2155644\eclipse-workspace\SeleniumAutomation\VideoChecks\src\test\resources
2025-02-06 12:33:10,059 [Worker-234: Building] INFO  o.a.m.s.f.DefaultMavenResourcesFiltering - skip non existing resourceDirectory C:\Users\2155644\eclipse-workspace\SeleniumAutomation\VideoChecks\src\main\resources
2025-02-06 12:33:10,061 [Worker-234: Building] INFO  o.a.m.s.f.DefaultMavenResourcesFiltering - skip non existing resourceDirectory C:\Users\2155644\eclipse-workspace\SeleniumAutomation\VideoChecks\src\test\resources
2025-02-06 12:35:39,880 [Worker-244: Building] INFO  o.a.m.s.f.DefaultMavenResourcesFiltering - skip non existing resourceDirectory C:\Users\2155644\eclipse-workspace\SeleniumAutomation\VideoChecks\src\main\resources
2025-02-06 12:35:39,882 [Worker-244: Building] INFO  o.a.m.s.f.DefaultMavenResourcesFiltering - skip non existing resourceDirectory C:\Users\2155644\eclipse-workspace\SeleniumAutomation\VideoChecks\src\test\resources
2025-02-06 12:36:05,134 [Worker-234: Building] INFO  o.a.m.s.f.DefaultMavenResourcesFiltering - skip non existing resourceDirectory C:\Users\2155644\eclipse-workspace\SeleniumAutomation\VideoChecks\src\main\resources
2025-02-06 12:36:05,135 [Worker-234: Building] INFO  o.a.m.s.f.DefaultMavenResourcesFiltering - skip non existing resourceDirectory C:\Users\2155644\eclipse-workspace\SeleniumAutomation\VideoChecks\src\test\resources
2025-02-06 12:37:02,294 [Worker-242: Building] INFO  o.a.m.s.f.DefaultMavenResourcesFiltering - skip non existing resourceDirectory C:\Users\2155644\eclipse-workspace\SeleniumAutomation\VideoChecks\src\main\resources
2025-02-06 12:37:02,295 [Worker-242: Building] INFO  o.a.m.s.f.DefaultMavenResourcesFiltering - skip non existing resourceDirectory C:\Users\2155644\eclipse-workspace\SeleniumAutomation\VideoChecks\src\test\resources
2025-02-06 12:37:17,511 [Worker-244: Building] INFO  o.a.m.s.f.DefaultMavenResourcesFiltering - skip non existing resourceDirectory C:\Users\2155644\eclipse-workspace\SeleniumAutomation\VideoChecks\src\main\resources
2025-02-06 12:37:17,513 [Worker-244: Building] INFO  o.a.m.s.f.DefaultMavenResourcesFiltering - skip non existing resourceDirectory C:\Users\2155644\eclipse-workspace\SeleniumAutomation\VideoChecks\src\test\resources
2025-02-06 13:21:09,546 [Worker-247: Building] INFO  o.a.m.s.f.DefaultMavenResourcesFiltering - skip non existing resourceDirectory C:\Users\2155644\eclipse-workspace\SeleniumAutomation\VideoChecks\src\main\resources
2025-02-06 13:21:09,557 [Worker-247: Building] INFO  o.a.m.s.f.DefaultMavenResourcesFiltering - skip non existing resourceDirectory C:\Users\2155644\eclipse-workspace\SeleniumAutomation\VideoChecks\src\test\resources
2025-02-06 13:22:30,934 [Worker-246: Building] INFO  o.a.m.s.f.DefaultMavenResourcesFiltering - skip non existing resourceDirectory C:\Users\2155644\eclipse-workspace\SeleniumAutomation\VideoChecks\src\main\resources
2025-02-06 13:22:30,936 [Worker-246: Building] INFO  o.a.m.s.f.DefaultMavenResourcesFiltering - skip non existing resourceDirectory C:\Users\2155644\eclipse-workspace\SeleniumAutomation\VideoChecks\src\test\resources
2025-02-06 13:30:55,606 [Worker-251: Building] INFO  o.a.m.s.f.DefaultMavenResourcesFiltering - skip non existing resourceDirectory C:\Users\2155644\eclipse-workspace\SeleniumAutomation\VideoChecks\src\main\resources
2025-02-06 13:30:55,607 [Worker-251: Building] INFO  o.a.m.s.f.DefaultMavenResourcesFiltering - skip non existing resourceDirectory C:\Users\2155644\eclipse-workspace\SeleniumAutomation\VideoChecks\src\test\resources
2025-02-06 13:31:41,871 [Worker-252: Building] INFO  o.a.m.s.f.DefaultMavenResourcesFiltering - skip non existing resourceDirectory C:\Users\2155644\eclipse-workspace\SeleniumAutomation\VideoChecks\src\main\resources
2025-02-06 13:31:41,873 [Worker-252: Building] INFO  o.a.m.s.f.DefaultMavenResourcesFiltering - skip non existing resourceDirectory C:\Users\2155644\eclipse-workspace\SeleniumAutomation\VideoChecks\src\test\resources
2025-02-06 13:34:45,260 [Worker-246: Building] INFO  o.a.m.s.f.DefaultMavenResourcesFiltering - skip non existing resourceDirectory C:\Users\2155644\eclipse-workspace\SeleniumAutomation\VideoChecks\src\main\resources
2025-02-06 13:34:45,262 [Worker-246: Building] INFO  o.a.m.s.f.DefaultMavenResourcesFiltering - skip non existing resourceDirectory C:\Users\2155644\eclipse-workspace\SeleniumAutomation\VideoChecks\src\test\resources
2025-02-06 13:37:00,153 [Worker-254: Building] INFO  o.a.m.s.f.DefaultMavenResourcesFiltering - skip non existing resourceDirectory C:\Users\2155644\eclipse-workspace\SeleniumAutomation\VideoChecks\src\main\resources
2025-02-06 13:37:00,154 [Worker-254: Building] INFO  o.a.m.s.f.DefaultMavenResourcesFiltering - skip non existing resourceDirectory C:\Users\2155644\eclipse-workspace\SeleniumAutomation\VideoChecks\src\test\resources
2025-02-06 13:38:08,917 [Worker-252: Building] INFO  o.a.m.s.f.DefaultMavenResourcesFiltering - skip non existing resourceDirectory C:\Users\2155644\eclipse-workspace\SeleniumAutomation\VideoChecks\src\main\resources
2025-02-06 13:38:08,919 [Worker-252: Building] INFO  o.a.m.s.f.DefaultMavenResourcesFiltering - skip non existing resourceDirectory C:\Users\2155644\eclipse-workspace\SeleniumAutomation\VideoChecks\src\test\resources
2025-02-06 15:15:11,160 [Worker-257: Building] INFO  o.a.m.s.f.DefaultMavenResourcesFiltering - skip non existing resourceDirectory C:\Users\2155644\eclipse-workspace\SeleniumAutomation\VideoChecks\src\main\resources
2025-02-06 15:15:11,181 [Worker-257: Building] INFO  o.a.m.s.f.DefaultMavenResourcesFiltering - skip non existing resourceDirectory C:\Users\2155644\eclipse-workspace\SeleniumAutomation\VideoChecks\src\test\resources
2025-02-06 15:21:15,409 [Worker-260: Building] INFO  o.a.m.s.f.DefaultMavenResourcesFiltering - skip non existing resourceDirectory C:\Users\2155644\eclipse-workspace\SeleniumAutomation\VideoChecks\src\main\resources
2025-02-06 15:21:15,410 [Worker-260: Building] INFO  o.a.m.s.f.DefaultMavenResourcesFiltering - skip non existing resourceDirectory C:\Users\2155644\eclipse-workspace\SeleniumAutomation\VideoChecks\src\test\resources
2025-02-06 15:22:49,025 [Worker-261: Building] INFO  o.a.m.s.f.DefaultMavenResourcesFiltering - skip non existing resourceDirectory C:\Users\2155644\eclipse-workspace\SeleniumAutomation\VideoChecks\src\main\resources
2025-02-06 15:22:49,026 [Worker-261: Building] INFO  o.a.m.s.f.DefaultMavenResourcesFiltering - skip non existing resourceDirectory C:\Users\2155644\eclipse-workspace\SeleniumAutomation\VideoChecks\src\test\resources
2025-02-06 15:24:00,973 [Worker-256: Building] INFO  o.a.m.s.f.DefaultMavenResourcesFiltering - skip non existing resourceDirectory C:\Users\2155644\eclipse-workspace\SeleniumAutomation\VideoChecks\src\main\resources
2025-02-06 15:24:00,974 [Worker-256: Building] INFO  o.a.m.s.f.DefaultMavenResourcesFiltering - skip non existing resourceDirectory C:\Users\2155644\eclipse-workspace\SeleniumAutomation\VideoChecks\src\test\resources
2025-02-06 15:25:46,918 [Worker-262: Building] INFO  o.a.m.s.f.DefaultMavenResourcesFiltering - skip non existing resourceDirectory C:\Users\2155644\eclipse-workspace\SeleniumAutomation\VideoChecks\src\main\resources
2025-02-06 15:25:46,920 [Worker-262: Building] INFO  o.a.m.s.f.DefaultMavenResourcesFiltering - skip non existing resourceDirectory C:\Users\2155644\eclipse-workspace\SeleniumAutomation\VideoChecks\src\test\resources
2025-02-06 15:30:23,432 [Worker-260: Building] INFO  o.a.m.s.f.DefaultMavenResourcesFiltering - skip non existing resourceDirectory C:\Users\2155644\eclipse-workspace\SeleniumAutomation\VideoChecks\src\main\resources
2025-02-06 15:30:23,434 [Worker-260: Building] INFO  o.a.m.s.f.DefaultMavenResourcesFiltering - skip non existing resourceDirectory C:\Users\2155644\eclipse-workspace\SeleniumAutomation\VideoChecks\src\test\resources
2025-02-06 15:31:07,027 [Worker-262: Building] INFO  o.a.m.s.f.DefaultMavenResourcesFiltering - skip non existing resourceDirectory C:\Users\2155644\eclipse-workspace\SeleniumAutomation\VideoChecks\src\main\resources
2025-02-06 15:31:07,028 [Worker-262: Building] INFO  o.a.m.s.f.DefaultMavenResourcesFiltering - skip non existing resourceDirectory C:\Users\2155644\eclipse-workspace\SeleniumAutomation\VideoChecks\src\test\resources
2025-02-06 15:36:13,575 [Worker-269: Building] INFO  o.a.m.s.f.DefaultMavenResourcesFiltering - skip non existing resourceDirectory C:\Users\2155644\eclipse-workspace\SeleniumAutomation\VideoChecks\src\main\resources
2025-02-06 15:36:13,578 [Worker-269: Building] INFO  o.a.m.s.f.DefaultMavenResourcesFiltering - skip non existing resourceDirectory C:\Users\2155644\eclipse-workspace\SeleniumAutomation\VideoChecks\src\test\resources
2025-02-06 16:29:19,861 [Worker-262: Building] INFO  o.a.m.s.f.DefaultMavenResourcesFiltering - skip non existing resourceDirectory C:\Users\2155644\eclipse-workspace\SeleniumAutomation\VideoChecks\src\main\resources
2025-02-06 16:29:19,863 [Worker-262: Building] INFO  o.a.m.s.f.DefaultMavenResourcesFiltering - skip non existing resourceDirectory C:\Users\2155644\eclipse-workspace\SeleniumAutomation\VideoChecks\src\test\resources
2025-02-06 16:30:15,274 [Worker-272: Building] INFO  o.a.m.s.f.DefaultMavenResourcesFiltering - skip non existing resourceDirectory C:\Users\2155644\eclipse-workspace\SeleniumAutomation\VideoChecks\src\main\resources
2025-02-06 16:30:15,275 [Worker-272: Building] INFO  o.a.m.s.f.DefaultMavenResourcesFiltering - skip non existing resourceDirectory C:\Users\2155644\eclipse-workspace\SeleniumAutomation\VideoChecks\src\test\resources
2025-02-06 16:34:49,478 [Worker-274: Building] INFO  o.a.m.s.f.DefaultMavenResourcesFiltering - skip non existing resourceDirectory C:\Users\2155644\eclipse-workspace\SeleniumAutomation\VideoChecks\src\main\resources
2025-02-06 16:34:49,479 [Worker-274: Building] INFO  o.a.m.s.f.DefaultMavenResourcesFiltering - skip non existing resourceDirectory C:\Users\2155644\eclipse-workspace\SeleniumAutomation\VideoChecks\src\test\resources
2025-02-06 16:35:13,604 [Worker-274: Building] INFO  o.a.m.s.f.DefaultMavenResourcesFiltering - skip non existing resourceDirectory C:\Users\2155644\eclipse-workspace\SeleniumAutomation\VideoChecks\src\main\resources
2025-02-06 16:35:13,612 [Worker-274: Building] INFO  o.a.m.s.f.DefaultMavenResourcesFiltering - skip non existing resourceDirectory C:\Users\2155644\eclipse-workspace\SeleniumAutomation\VideoChecks\src\test\resources
2025-02-06 16:35:29,080 [Worker-274: Building] INFO  o.a.m.s.f.DefaultMavenResourcesFiltering - skip non existing resourceDirectory C:\Users\2155644\eclipse-workspace\SeleniumAutomation\VideoChecks\src\main\resources
2025-02-06 16:35:29,081 [Worker-274: Building] INFO  o.a.m.s.f.DefaultMavenResourcesFiltering - skip non existing resourceDirectory C:\Users\2155644\eclipse-workspace\SeleniumAutomation\VideoChecks\src\test\resources
2025-02-06 16:36:25,930 [Worker-262: Building] INFO  o.a.m.s.f.DefaultMavenResourcesFiltering - skip non existing resourceDirectory C:\Users\2155644\eclipse-workspace\SeleniumAutomation\SeleniumSessionNov\src\main\resources
2025-02-06 16:36:26,050 [Worker-262: Building] INFO  o.a.m.s.f.DefaultMavenResourcesFiltering - skip non existing resourceDirectory C:\Users\2155644\eclipse-workspace\SeleniumAutomation\SeleniumSessionNov\src\test\resources
2025-02-06 16:42:57,637 [Worker-269: Building] INFO  o.a.m.s.f.DefaultMavenResourcesFiltering - skip non existing resourceDirectory C:\Users\2155644\eclipse-workspace\SeleniumAutomation\VideoChecks\src\main\resources
2025-02-06 16:42:57,638 [Worker-269: Building] INFO  o.a.m.s.f.DefaultMavenResourcesFiltering - skip non existing resourceDirectory C:\Users\2155644\eclipse-workspace\SeleniumAutomation\VideoChecks\src\test\resources
2025-02-06 16:50:10,265 [Worker-274: Building] INFO  o.a.m.s.f.DefaultMavenResourcesFiltering - skip non existing resourceDirectory C:\Users\2155644\eclipse-workspace\SeleniumAutomation\VideoChecks\src\main\resources
2025-02-06 16:50:10,266 [Worker-274: Building] INFO  o.a.m.s.f.DefaultMavenResourcesFiltering - skip non existing resourceDirectory C:\Users\2155644\eclipse-workspace\SeleniumAutomation\VideoChecks\src\test\resources
2025-02-06 16:51:29,860 [Worker-269: Building] INFO  o.a.m.s.f.DefaultMavenResourcesFiltering - skip non existing resourceDirectory C:\Users\2155644\eclipse-workspace\SeleniumAutomation\VideoChecks\src\main\resources
2025-02-06 16:51:29,861 [Worker-269: Building] INFO  o.a.m.s.f.DefaultMavenResourcesFiltering - skip non existing resourceDirectory C:\Users\2155644\eclipse-workspace\SeleniumAutomation\VideoChecks\src\test\resources
2025-02-06 16:55:25,134 [Worker-269: Building] INFO  o.a.m.s.f.DefaultMavenResourcesFiltering - skip non existing resourceDirectory C:\Users\2155644\eclipse-workspace\SeleniumAutomation\VideoChecks\src\main\resources
2025-02-06 16:55:25,135 [Worker-269: Building] INFO  o.a.m.s.f.DefaultMavenResourcesFiltering - skip non existing resourceDirectory C:\Users\2155644\eclipse-workspace\SeleniumAutomation\VideoChecks\src\test\resources
2025-02-06 16:55:58,055 [Worker-262: Building] INFO  o.a.m.s.f.DefaultMavenResourcesFiltering - skip non existing resourceDirectory C:\Users\2155644\eclipse-workspace\SeleniumAutomation\VideoChecks\src\main\resources
2025-02-06 16:55:58,056 [Worker-262: Building] INFO  o.a.m.s.f.DefaultMavenResourcesFiltering - skip non existing resourceDirectory C:\Users\2155644\eclipse-workspace\SeleniumAutomation\VideoChecks\src\test\resources
2025-02-06 16:56:04,569 [Worker-262: Building] INFO  o.a.m.s.f.DefaultMavenResourcesFiltering - skip non existing resourceDirectory C:\Users\2155644\eclipse-workspace\SeleniumAutomation\VideoChecks\src\main\resources
2025-02-06 16:56:04,571 [Worker-262: Building] INFO  o.a.m.s.f.DefaultMavenResourcesFiltering - skip non existing resourceDirectory C:\Users\2155644\eclipse-workspace\SeleniumAutomation\VideoChecks\src\test\resources
2025-02-06 16:56:27,020 [Worker-274: Building] INFO  o.a.m.s.f.DefaultMavenResourcesFiltering - skip non existing resourceDirectory C:\Users\2155644\eclipse-workspace\SeleniumAutomation\VideoChecks\src\main\resources
2025-02-06 16:56:27,021 [Worker-274: Building] INFO  o.a.m.s.f.DefaultMavenResourcesFiltering - skip non existing resourceDirectory C:\Users\2155644\eclipse-workspace\SeleniumAutomation\VideoChecks\src\test\resources
2025-02-06 16:57:21,841 [Worker-269: Building] INFO  o.a.m.s.f.DefaultMavenResourcesFiltering - skip non existing resourceDirectory C:\Users\2155644\eclipse-workspace\SeleniumAutomation\VideoChecks\src\main\resources
2025-02-06 16:57:21,843 [Worker-269: Building] INFO  o.a.m.s.f.DefaultMavenResourcesFiltering - skip non existing resourceDirectory C:\Users\2155644\eclipse-workspace\SeleniumAutomation\VideoChecks\src\test\resources
2025-02-06 16:58:37,133 [Worker-274: Building] INFO  o.a.m.s.f.DefaultMavenResourcesFiltering - skip non existing resourceDirectory C:\Users\2155644\eclipse-workspace\SeleniumAutomation\VideoChecks\src\main\resources
2025-02-06 16:58:37,134 [Worker-274: Building] INFO  o.a.m.s.f.DefaultMavenResourcesFiltering - skip non existing resourceDirectory C:\Users\2155644\eclipse-workspace\SeleniumAutomation\VideoChecks\src\test\resources
2025-02-06 17:00:12,868 [Worker-280: Building] INFO  o.a.m.s.f.DefaultMavenResourcesFiltering - skip non existing resourceDirectory C:\Users\2155644\eclipse-workspace\SeleniumAutomation\VideoChecks\src\main\resources
2025-02-06 17:00:12,869 [Worker-280: Building] INFO  o.a.m.s.f.DefaultMavenResourcesFiltering - skip non existing resourceDirectory C:\Users\2155644\eclipse-workspace\SeleniumAutomation\VideoChecks\src\test\resources
2025-02-06 17:00:58,231 [Worker-280: Building] INFO  o.a.m.s.f.DefaultMavenResourcesFiltering - skip non existing resourceDirectory C:\Users\2155644\eclipse-workspace\SeleniumAutomation\VideoChecks\src\main\resources
2025-02-06 17:00:58,233 [Worker-280: Building] INFO  o.a.m.s.f.DefaultMavenResourcesFiltering - skip non existing resourceDirectory C:\Users\2155644\eclipse-workspace\SeleniumAutomation\VideoChecks\src\test\resources
2025-02-06 17:01:27,050 [Worker-269: Building] INFO  o.a.m.s.f.DefaultMavenResourcesFiltering - skip non existing resourceDirectory C:\Users\2155644\eclipse-workspace\SeleniumAutomation\VideoChecks\src\main\resources
2025-02-06 17:01:27,051 [Worker-269: Building] INFO  o.a.m.s.f.DefaultMavenResourcesFiltering - skip non existing resourceDirectory C:\Users\2155644\eclipse-workspace\SeleniumAutomation\VideoChecks\src\test\resources
2025-02-06 17:02:39,156 [Worker-281: Building] INFO  o.a.m.s.f.DefaultMavenResourcesFiltering - skip non existing resourceDirectory C:\Users\2155644\eclipse-workspace\SeleniumAutomation\VideoChecks\src\main\resources
2025-02-06 17:02:39,157 [Worker-281: Building] INFO  o.a.m.s.f.DefaultMavenResourcesFiltering - skip non existing resourceDirectory C:\Users\2155644\eclipse-workspace\SeleniumAutomation\VideoChecks\src\test\resources
2025-02-06 17:02:55,130 [Worker-274: Building] INFO  o.a.m.s.f.DefaultMavenResourcesFiltering - skip non existing resourceDirectory C:\Users\2155644\eclipse-workspace\SeleniumAutomation\VideoChecks\src\main\resources
2025-02-06 17:02:55,131 [Worker-274: Building] INFO  o.a.m.s.f.DefaultMavenResourcesFiltering - skip non existing resourceDirectory C:\Users\2155644\eclipse-workspace\SeleniumAutomation\VideoChecks\src\test\resources
2025-02-06 17:03:15,647 [Worker-262: Building] INFO  o.a.m.s.f.DefaultMavenResourcesFiltering - skip non existing resourceDirectory C:\Users\2155644\eclipse-workspace\SeleniumAutomation\VideoChecks\src\main\resources
2025-02-06 17:03:15,648 [Worker-262: Building] INFO  o.a.m.s.f.DefaultMavenResourcesFiltering - skip non existing resourceDirectory C:\Users\2155644\eclipse-workspace\SeleniumAutomation\VideoChecks\src\test\resources
2025-02-06 17:04:35,353 [Worker-269: Building] INFO  o.a.m.s.f.DefaultMavenResourcesFiltering - skip non existing resourceDirectory C:\Users\2155644\eclipse-workspace\SeleniumAutomation\VideoChecks\src\main\resources
2025-02-06 17:04:35,361 [Worker-269: Building] INFO  o.a.m.s.f.DefaultMavenResourcesFiltering - skip non existing resourceDirectory C:\Users\2155644\eclipse-workspace\SeleniumAutomation\VideoChecks\src\test\resources
2025-02-06 17:06:29,723 [Worker-274: Building] INFO  o.a.m.s.f.DefaultMavenResourcesFiltering - skip non existing resourceDirectory C:\Users\2155644\eclipse-workspace\SeleniumAutomation\VideoChecks\src\main\resources
2025-02-06 17:06:29,724 [Worker-274: Building] INFO  o.a.m.s.f.DefaultMavenResourcesFiltering - skip non existing resourceDirectory C:\Users\2155644\eclipse-workspace\SeleniumAutomation\VideoChecks\src\test\resources
2025-02-06 17:07:37,759 [Worker-281: Building] INFO  o.a.m.s.f.DefaultMavenResourcesFiltering - skip non existing resourceDirectory C:\Users\2155644\eclipse-workspace\SeleniumAutomation\VideoChecks\src\main\resources
2025-02-06 17:07:37,759 [Worker-281: Building] INFO  o.a.m.s.f.DefaultMavenResourcesFiltering - skip non existing resourceDirectory C:\Users\2155644\eclipse-workspace\SeleniumAutomation\VideoChecks\src\test\resources
2025-02-06 17:11:41,777 [Worker-282: Building] INFO  o.a.m.s.f.DefaultMavenResourcesFiltering - skip non existing resourceDirectory C:\Users\2155644\eclipse-workspace\SeleniumAutomation\VideoChecks\src\main\resources
2025-02-06 17:11:41,778 [Worker-282: Building] INFO  o.a.m.s.f.DefaultMavenResourcesFiltering - skip non existing resourceDirectory C:\Users\2155644\eclipse-workspace\SeleniumAutomation\VideoChecks\src\test\resources
2025-02-06 17:21:54,939 [Worker-282: Building] INFO  o.a.m.s.f.DefaultMavenResourcesFiltering - skip non existing resourceDirectory C:\Users\2155644\eclipse-workspace\SeleniumAutomation\VideoChecks\src\main\resources
2025-02-06 17:21:54,940 [Worker-282: Building] INFO  o.a.m.s.f.DefaultMavenResourcesFiltering - skip non existing resourceDirectory C:\Users\2155644\eclipse-workspace\SeleniumAutomation\VideoChecks\src\test\resources
2025-02-06 17:22:40,331 [Worker-269: Building] INFO  o.a.m.s.f.DefaultMavenResourcesFiltering - skip non existing resourceDirectory C:\Users\2155644\eclipse-workspace\SeleniumAutomation\VideoChecks\src\main\resources
2025-02-06 17:22:40,332 [Worker-269: Building] INFO  o.a.m.s.f.DefaultMavenResourcesFiltering - skip non existing resourceDirectory C:\Users\2155644\eclipse-workspace\SeleniumAutomation\VideoChecks\src\test\resources
2025-02-06 17:22:55,606 [Worker-282: Building] INFO  o.a.m.s.f.DefaultMavenResourcesFiltering - skip non existing resourceDirectory C:\Users\2155644\eclipse-workspace\SeleniumAutomation\VideoChecks\src\main\resources
2025-02-06 17:22:55,607 [Worker-282: Building] INFO  o.a.m.s.f.DefaultMavenResourcesFiltering - skip non existing resourceDirectory C:\Users\2155644\eclipse-workspace\SeleniumAutomation\VideoChecks\src\test\resources
2025-02-06 17:25:26,836 [Worker-282: Building] INFO  o.a.m.s.f.DefaultMavenResourcesFiltering - skip non existing resourceDirectory C:\Users\2155644\eclipse-workspace\SeleniumAutomation\VideoChecks\src\main\resources
2025-02-06 17:25:26,837 [Worker-282: Building] INFO  o.a.m.s.f.DefaultMavenResourcesFiltering - skip non existing resourceDirectory C:\Users\2155644\eclipse-workspace\SeleniumAutomation\VideoChecks\src\test\resources
2025-02-06 17:25:51,098 [Worker-285: Building] INFO  o.a.m.s.f.DefaultMavenResourcesFiltering - skip non existing resourceDirectory C:\Users\2155644\eclipse-workspace\SeleniumAutomation\VideoChecks\src\main\resources
2025-02-06 17:25:51,099 [Worker-285: Building] INFO  o.a.m.s.f.DefaultMavenResourcesFiltering - skip non existing resourceDirectory C:\Users\2155644\eclipse-workspace\SeleniumAutomation\VideoChecks\src\test\resources
2025-02-06 17:38:23,601 [Worker-288: Building] INFO  o.a.m.s.f.DefaultMavenResourcesFiltering - skip non existing resourceDirectory C:\Users\2155644\eclipse-workspace\SeleniumAutomation\VideoChecks\src\main\resources
2025-02-06 17:38:23,603 [Worker-288: Building] INFO  o.a.m.s.f.DefaultMavenResourcesFiltering - skip non existing resourceDirectory C:\Users\2155644\eclipse-workspace\SeleniumAutomation\VideoChecks\src\test\resources
2025-02-06 17:44:06,265 [Worker-285: Building] INFO  o.a.m.s.f.DefaultMavenResourcesFiltering - skip non existing resourceDirectory C:\Users\2155644\eclipse-workspace\SeleniumAutomation\VideoChecks\src\main\resources
2025-02-06 17:44:06,267 [Worker-285: Building] INFO  o.a.m.s.f.DefaultMavenResourcesFiltering - skip non existing resourceDirectory C:\Users\2155644\eclipse-workspace\SeleniumAutomation\VideoChecks\src\test\resources
2025-02-06 17:44:45,089 [Worker-290: Building] INFO  o.a.m.s.f.DefaultMavenResourcesFiltering - skip non existing resourceDirectory C:\Users\2155644\eclipse-workspace\SeleniumAutomation\VideoChecks\src\main\resources
2025-02-06 17:44:45,091 [Worker-290: Building] INFO  o.a.m.s.f.DefaultMavenResourcesFiltering - skip non existing resourceDirectory C:\Users\2155644\eclipse-workspace\SeleniumAutomation\VideoChecks\src\test\resources
2025-02-06 17:45:12,728 [Worker-289: Building] INFO  o.a.m.s.f.DefaultMavenResourcesFiltering - skip non existing resourceDirectory C:\Users\2155644\eclipse-workspace\SeleniumAutomation\VideoChecks\src\main\resources
2025-02-06 17:45:12,730 [Worker-289: Building] INFO  o.a.m.s.f.DefaultMavenResourcesFiltering - skip non existing resourceDirectory C:\Users\2155644\eclipse-workspace\SeleniumAutomation\VideoChecks\src\test\resources
2025-02-10 14:13:42,152 [Worker-22: Loading available Gradle versions] INFO  o.e.b.c.i.u.g.PublishedGradleVersions - Gradle version information cache is out-of-date. Trying to update.
2025-02-10 14:13:51,605 [Worker-24: Launching CKDVideos] INFO  o.a.m.s.f.DefaultMavenResourcesFiltering - skip non existing resourceDirectory C:\Users\2155644\eclipse-workspace\SeleniumAutomation\VideoChecks\src\main\resources
2025-02-10 14:13:51,607 [Worker-24: Launching CKDVideos] INFO  o.a.m.s.f.DefaultMavenResourcesFiltering - skip non existing resourceDirectory C:\Users\2155644\eclipse-workspace\SeleniumAutomation\VideoChecks\src\test\resources
2025-02-10 14:13:51,981 [Worker-22: Building] INFO  o.a.m.s.f.DefaultMavenResourcesFiltering - skip non existing resourceDirectory C:\Users\2155644\eclipse-workspace\SeleniumAutomation\CKDJPN\src\main\resources
2025-02-10 14:13:51,984 [Worker-22: Building] INFO  o.a.m.s.f.DefaultMavenResourcesFiltering - skip non existing resourceDirectory C:\Users\2155644\eclipse-workspace\SeleniumAutomation\CKDJPN\src\test\resources
2025-02-10 14:13:52,737 [Worker-22: Building] INFO  o.a.m.s.f.DefaultMavenResourcesFiltering - skip non existing resourceDirectory C:\Users\2155644\eclipse-workspace\SeleniumAutomation\SeleniumSessionNov\src\main\resources
2025-02-10 14:13:52,739 [Worker-22: Building] INFO  o.a.m.s.f.DefaultMavenResourcesFiltering - skip non existing resourceDirectory C:\Users\2155644\eclipse-workspace\SeleniumAutomation\SeleniumSessionNov\src\test\resources
2025-02-10 14:26:22,165 [Worker-26: Building] INFO  o.a.m.s.f.DefaultMavenResourcesFiltering - skip non existing resourceDirectory C:\Users\2155644\eclipse-workspace\SeleniumAutomation\VideoChecks\src\main\resources
2025-02-10 14:26:22,268 [Worker-26: Building] INFO  o.a.m.s.f.DefaultMavenResourcesFiltering - skip non existing resourceDirectory C:\Users\2155644\eclipse-workspace\SeleniumAutomation\VideoChecks\src\test\resources
2025-02-10 14:27:17,715 [Worker-24: Building] INFO  o.a.m.s.f.DefaultMavenResourcesFiltering - skip non existing resourceDirectory C:\Users\2155644\eclipse-workspace\SeleniumAutomation\VideoChecks\src\main\resources
2025-02-10 14:27:17,717 [Worker-24: Building] INFO  o.a.m.s.f.DefaultMavenResourcesFiltering - skip non existing resourceDirectory C:\Users\2155644\eclipse-workspace\SeleniumAutomation\VideoChecks\src\test\resources
2025-02-10 14:30:37,243 [Worker-29: Building] INFO  o.a.m.s.f.DefaultMavenResourcesFiltering - skip non existing resourceDirectory C:\Users\2155644\eclipse-workspace\SeleniumAutomation\VideoChecks\src\main\resources
2025-02-10 14:30:37,245 [Worker-29: Building] INFO  o.a.m.s.f.DefaultMavenResourcesFiltering - skip non existing resourceDirectory C:\Users\2155644\eclipse-workspace\SeleniumAutomation\VideoChecks\src\test\resources
2025-02-10 14:31:13,872 [Worker-29: Building] INFO  o.a.m.s.f.DefaultMavenResourcesFiltering - skip non existing resourceDirectory C:\Users\2155644\eclipse-workspace\SeleniumAutomation\VideoChecks\src\main\resources
2025-02-10 14:31:13,873 [Worker-29: Building] INFO  o.a.m.s.f.DefaultMavenResourcesFiltering - skip non existing resourceDirectory C:\Users\2155644\eclipse-workspace\SeleniumAutomation\VideoChecks\src\test\resources
2025-02-10 14:31:24,487 [Worker-28: Launching CKDVideos] INFO  o.a.m.s.f.DefaultMavenResourcesFiltering - skip non existing resourceDirectory C:\Users\2155644\eclipse-workspace\SeleniumAutomation\VideoChecks\src\main\resources
2025-02-10 14:31:24,490 [Worker-28: Launching CKDVideos] INFO  o.a.m.s.f.DefaultMavenResourcesFiltering - skip non existing resourceDirectory C:\Users\2155644\eclipse-workspace\SeleniumAutomation\VideoChecks\src\test\resources
2025-02-10 14:36:35,088 [Worker-31: Building] INFO  o.a.m.s.f.DefaultMavenResourcesFiltering - skip non existing resourceDirectory C:\Users\2155644\eclipse-workspace\SeleniumAutomation\VideoChecks\src\main\resources
2025-02-10 14:36:35,090 [Worker-31: Building] INFO  o.a.m.s.f.DefaultMavenResourcesFiltering - skip non existing resourceDirectory C:\Users\2155644\eclipse-workspace\SeleniumAutomation\VideoChecks\src\test\resources
2025-02-10 14:37:16,068 [Worker-29: Building] INFO  o.a.m.s.f.DefaultMavenResourcesFiltering - skip non existing resourceDirectory C:\Users\2155644\eclipse-workspace\SeleniumAutomation\VideoChecks\src\main\resources
2025-02-10 14:37:16,070 [Worker-29: Building] INFO  o.a.m.s.f.DefaultMavenResourcesFiltering - skip non existing resourceDirectory C:\Users\2155644\eclipse-workspace\SeleniumAutomation\VideoChecks\src\test\resources
2025-02-10 14:37:21,385 [Worker-31: Building] INFO  o.a.m.s.f.DefaultMavenResourcesFiltering - skip non existing resourceDirectory C:\Users\2155644\eclipse-workspace\SeleniumAutomation\VideoChecks\src\main\resources
2025-02-10 14:37:21,387 [Worker-31: Building] INFO  o.a.m.s.f.DefaultMavenResourcesFiltering - skip non existing resourceDirectory C:\Users\2155644\eclipse-workspace\SeleniumAutomation\VideoChecks\src\test\resources
2025-02-10 14:40:40,493 [Worker-29: Building] INFO  o.a.m.s.f.DefaultMavenResourcesFiltering - skip non existing resourceDirectory C:\Users\2155644\eclipse-workspace\SeleniumAutomation\VideoChecks\src\main\resources
2025-02-10 14:40:40,495 [Worker-29: Building] INFO  o.a.m.s.f.DefaultMavenResourcesFiltering - skip non existing resourceDirectory C:\Users\2155644\eclipse-workspace\SeleniumAutomation\VideoChecks\src\test\resources
2025-02-17 16:54:23,025 [Worker-3: Loading available Gradle versions] INFO  o.e.b.c.i.u.g.PublishedGradleVersions - Gradle version information cache is out-of-date. Trying to update.
2025-02-17 20:00:31,252 [Worker-8: Launching CKDVideos] INFO  o.a.m.s.f.DefaultMavenResourcesFiltering - skip non existing resourceDirectory C:\Users\2155644\eclipse-workspace\SeleniumAutomation\VideoChecks\src\main\resources
2025-02-17 20:00:31,255 [Worker-8: Launching CKDVideos] INFO  o.a.m.s.f.DefaultMavenResourcesFiltering - skip non existing resourceDirectory C:\Users\2155644\eclipse-workspace\SeleniumAutomation\VideoChecks\src\test\resources
2025-02-17 20:00:31,922 [Worker-6: Building] INFO  o.a.m.s.f.DefaultMavenResourcesFiltering - skip non existing resourceDirectory C:\Users\2155644\eclipse-workspace\SeleniumAutomation\CKDJPN\src\main\resources
2025-02-17 20:00:31,925 [Worker-6: Building] INFO  o.a.m.s.f.DefaultMavenResourcesFiltering - skip non existing resourceDirectory C:\Users\2155644\eclipse-workspace\SeleniumAutomation\CKDJPN\src\test\resources
2025-02-17 20:00:32,694 [Worker-6: Building] INFO  o.a.m.s.f.DefaultMavenResourcesFiltering - skip non existing resourceDirectory C:\Users\2155644\eclipse-workspace\SeleniumAutomation\SeleniumSessionNov\src\main\resources
2025-02-17 20:00:32,697 [Worker-6: Building] INFO  o.a.m.s.f.DefaultMavenResourcesFiltering - skip non existing resourceDirectory C:\Users\2155644\eclipse-workspace\SeleniumAutomation\SeleniumSessionNov\src\test\resources
2025-02-17 20:01:19,584 [Worker-6: Building] INFO  o.a.m.s.f.DefaultMavenResourcesFiltering - skip non existing resourceDirectory C:\Users\2155644\eclipse-workspace\SeleniumAutomation\VideoChecks\src\main\resources
2025-02-17 20:01:19,734 [Worker-6: Building] INFO  o.a.m.s.f.DefaultMavenResourcesFiltering - skip non existing resourceDirectory C:\Users\2155644\eclipse-workspace\SeleniumAutomation\VideoChecks\src\test\resources
2025-02-17 20:10:39,368 [Worker-28: Building] INFO  o.a.m.s.f.DefaultMavenResourcesFiltering - skip non existing resourceDirectory C:\Users\2155644\eclipse-workspace\SeleniumAutomation\VideoChecks\src\main\resources
2025-02-17 20:10:39,370 [Worker-28: Building] INFO  o.a.m.s.f.DefaultMavenResourcesFiltering - skip non existing resourceDirectory C:\Users\2155644\eclipse-workspace\SeleniumAutomation\VideoChecks\src\test\resources
2025-02-24 15:34:59,813 [Worker-4: Loading available Gradle versions] INFO  o.e.b.c.i.u.g.PublishedGradleVersions - Gradle version information cache is out-of-date. Trying to update.
2025-02-26 09:00:41,218 [Worker-3: Loading available Gradle versions] INFO  o.e.b.c.i.u.g.PublishedGradleVersions - Gradle version information cache is out-of-date. Trying to update.
2025-02-28 12:53:05,903 [Worker-0: Loading available Gradle versions] INFO  o.e.b.c.i.u.g.PublishedGradleVersions - Gradle version information cache is out-of-date. Trying to update.
2025-02-28 12:53:50,025 [Worker-12: Building] INFO  o.a.m.s.f.DefaultMavenResourcesFiltering - skip non existing resourceDirectory C:\Users\2155644\eclipse-workspace\SeleniumAutomation\VideoChecks\src\main\resources
2025-02-28 12:53:50,030 [Worker-12: Building] INFO  o.a.m.s.f.DefaultMavenResourcesFiltering - skip non existing resourceDirectory C:\Users\2155644\eclipse-workspace\SeleniumAutomation\VideoChecks\src\test\resources
2025-02-28 12:59:53,741 [Worker-24: Building] INFO  o.a.m.s.f.DefaultMavenResourcesFiltering - skip non existing resourceDirectory C:\Users\2155644\eclipse-workspace\SeleniumAutomation\VideoChecks\src\main\resources
2025-02-28 12:59:53,743 [Worker-24: Building] INFO  o.a.m.s.f.DefaultMavenResourcesFiltering - skip non existing resourceDirectory C:\Users\2155644\eclipse-workspace\SeleniumAutomation\VideoChecks\src\test\resources
2025-02-28 13:01:48,150 [Worker-25: Building] INFO  o.a.m.s.f.DefaultMavenResourcesFiltering - skip non existing resourceDirectory C:\Users\2155644\eclipse-workspace\SeleniumAutomation\VideoChecks\src\main\resources
2025-02-28 13:01:48,152 [Worker-25: Building] INFO  o.a.m.s.f.DefaultMavenResourcesFiltering - skip non existing resourceDirectory C:\Users\2155644\eclipse-workspace\SeleniumAutomation\VideoChecks\src\test\resources
2025-02-28 13:03:22,199 [Worker-24: Building] INFO  o.a.m.s.f.DefaultMavenResourcesFiltering - skip non existing resourceDirectory C:\Users\2155644\eclipse-workspace\SeleniumAutomation\VideoChecks\src\main\resources
2025-02-28 13:03:22,201 [Worker-24: Building] INFO  o.a.m.s.f.DefaultMavenResourcesFiltering - skip non existing resourceDirectory C:\Users\2155644\eclipse-workspace\SeleniumAutomation\VideoChecks\src\test\resources
2025-03-03 11:16:45,045 [Worker-14: Building] INFO  o.a.m.s.f.DefaultMavenResourcesFiltering - skip non existing resourceDirectory C:\Users\2155644\eclipse-workspace\SeleniumAutomation\VideoChecks\src\main\resources
2025-03-03 11:16:45,054 [Worker-14: Building] INFO  o.a.m.s.f.DefaultMavenResourcesFiltering - skip non existing resourceDirectory C:\Users\2155644\eclipse-workspace\SeleniumAutomation\VideoChecks\src\test\resources
2025-03-10 12:08:36,708 [Worker-2: Loading available Gradle versions] INFO  o.e.b.c.i.u.g.PublishedGradleVersions - Gradle version information cache is out-of-date. Trying to update.
2025-03-10 15:31:11,830 [Worker-6: Building] INFO  o.a.m.s.f.DefaultMavenResourcesFiltering - skip non existing resourceDirectory C:\Users\2155644\eclipse-workspace\SeleniumAutomation\SeleniumSessionNov\src\main\resources
2025-03-10 15:31:12,019 [Worker-6: Building] INFO  o.a.m.s.f.DefaultMavenResourcesFiltering - skip non existing resourceDirectory C:\Users\2155644\eclipse-workspace\SeleniumAutomation\SeleniumSessionNov\src\test\resources
2025-03-10 15:31:12,375 [Worker-6: Building] INFO  o.a.m.s.f.DefaultMavenResourcesFiltering - skip non existing resourceDirectory C:\Users\2155644\eclipse-workspace\SeleniumAutomation\VideoChecks\src\main\resources
2025-03-10 15:31:12,377 [Worker-6: Building] INFO  o.a.m.s.f.DefaultMavenResourcesFiltering - skip non existing resourceDirectory C:\Users\2155644\eclipse-workspace\SeleniumAutomation\VideoChecks\src\test\resources
2025-03-10 15:31:22,445 [Worker-22: Building] INFO  o.a.m.s.f.DefaultMavenResourcesFiltering - skip non existing resourceDirectory C:\Users\2155644\eclipse-workspace\SeleniumAutomation\SeleniumSessionNov\src\main\resources
2025-03-10 15:31:22,447 [Worker-22: Building] INFO  o.a.m.s.f.DefaultMavenResourcesFiltering - skip non existing resourceDirectory C:\Users\2155644\eclipse-workspace\SeleniumAutomation\SeleniumSessionNov\src\test\resources
2025-03-10 15:31:43,203 [Worker-25: Building] INFO  o.a.m.s.f.DefaultMavenResourcesFiltering - skip non existing resourceDirectory C:\Users\2155644\eclipse-workspace\SeleniumAutomation\SeleniumSessionNov\src\main\resources
2025-03-10 15:31:43,205 [Worker-25: Building] INFO  o.a.m.s.f.DefaultMavenResourcesFiltering - skip non existing resourceDirectory C:\Users\2155644\eclipse-workspace\SeleniumAutomation\SeleniumSessionNov\src\test\resources
2025-03-10 15:35:58,475 [Worker-24: Building] INFO  o.a.m.s.f.DefaultMavenResourcesFiltering - skip non existing resourceDirectory C:\Users\2155644\eclipse-workspace\SeleniumAutomation\SeleniumSessionNov\src\main\resources
2025-03-10 15:35:58,476 [Worker-24: Building] INFO  o.a.m.s.f.DefaultMavenResourcesFiltering - skip non existing resourceDirectory C:\Users\2155644\eclipse-workspace\SeleniumAutomation\SeleniumSessionNov\src\test\resources
2025-03-10 22:52:13,694 [Worker-33: Building] INFO  o.a.m.s.f.DefaultMavenResourcesFiltering - skip non existing resourceDirectory C:\Users\2155644\eclipse-workspace\SeleniumAutomation\SeleniumSessionNov\src\main\resources
2025-03-10 22:52:13,698 [Worker-33: Building] INFO  o.a.m.s.f.DefaultMavenResourcesFiltering - skip non existing resourceDirectory C:\Users\2155644\eclipse-workspace\SeleniumAutomation\SeleniumSessionNov\src\test\resources
2025-03-10 23:06:03,180 [Worker-38: Building] INFO  o.a.m.s.f.DefaultMavenResourcesFiltering - skip non existing resourceDirectory C:\Users\2155644\eclipse-workspace\SeleniumAutomation\SeleniumSessionNov\src\main\resources
2025-03-10 23:06:03,184 [Worker-38: Building] INFO  o.a.m.s.f.DefaultMavenResourcesFiltering - skip non existing resourceDirectory C:\Users\2155644\eclipse-workspace\SeleniumAutomation\SeleniumSessionNov\src\test\resources
2025-03-10 23:06:20,190 [Worker-37: Building] INFO  o.a.m.s.f.DefaultMavenResourcesFiltering - skip non existing resourceDirectory C:\Users\2155644\eclipse-workspace\SeleniumAutomation\SeleniumSessionNov\src\main\resources
2025-03-10 23:06:20,194 [Worker-37: Building] INFO  o.a.m.s.f.DefaultMavenResourcesFiltering - skip non existing resourceDirectory C:\Users\2155644\eclipse-workspace\SeleniumAutomation\SeleniumSessionNov\src\test\resources
2025-03-10 23:06:37,558 [Worker-39: Building] INFO  o.a.m.s.f.DefaultMavenResourcesFiltering - skip non existing resourceDirectory C:\Users\2155644\eclipse-workspace\SeleniumAutomation\SeleniumSessionNov\src\main\resources
2025-03-10 23:06:37,560 [Worker-39: Building] INFO  o.a.m.s.f.DefaultMavenResourcesFiltering - skip non existing resourceDirectory C:\Users\2155644\eclipse-workspace\SeleniumAutomation\SeleniumSessionNov\src\test\resources
2025-03-10 23:10:28,552 [Worker-38: Building] INFO  o.a.m.s.f.DefaultMavenResourcesFiltering - skip non existing resourceDirectory C:\Users\2155644\eclipse-workspace\SeleniumAutomation\SeleniumSessionNov\src\main\resources
2025-03-10 23:10:28,554 [Worker-38: Building] INFO  o.a.m.s.f.DefaultMavenResourcesFiltering - skip non existing resourceDirectory C:\Users\2155644\eclipse-workspace\SeleniumAutomation\SeleniumSessionNov\src\test\resources
2025-03-10 23:15:24,726 [Worker-42: Building] INFO  o.a.m.s.f.DefaultMavenResourcesFiltering - skip non existing resourceDirectory C:\Users\2155644\eclipse-workspace\SeleniumAutomation\SeleniumSessionNov\src\main\resources
2025-03-10 23:15:24,728 [Worker-42: Building] INFO  o.a.m.s.f.DefaultMavenResourcesFiltering - skip non existing resourceDirectory C:\Users\2155644\eclipse-workspace\SeleniumAutomation\SeleniumSessionNov\src\test\resources
2025-03-10 23:15:36,373 [Worker-33: Building] INFO  o.a.m.s.f.DefaultMavenResourcesFiltering - skip non existing resourceDirectory C:\Users\2155644\eclipse-workspace\SeleniumAutomation\SeleniumSessionNov\src\main\resources
2025-03-10 23:15:36,375 [Worker-33: Building] INFO  o.a.m.s.f.DefaultMavenResourcesFiltering - skip non existing resourceDirectory C:\Users\2155644\eclipse-workspace\SeleniumAutomation\SeleniumSessionNov\src\test\resources
2025-03-10 23:15:56,675 [Worker-38: Building] INFO  o.a.m.s.f.DefaultMavenResourcesFiltering - skip non existing resourceDirectory C:\Users\2155644\eclipse-workspace\SeleniumAutomation\SeleniumSessionNov\src\main\resources
2025-03-10 23:15:56,676 [Worker-38: Building] INFO  o.a.m.s.f.DefaultMavenResourcesFiltering - skip non existing resourceDirectory C:\Users\2155644\eclipse-workspace\SeleniumAutomation\SeleniumSessionNov\src\test\resources
2025-03-10 23:17:44,844 [Worker-33: Building] INFO  o.a.m.s.f.DefaultMavenResourcesFiltering - skip non existing resourceDirectory C:\Users\2155644\eclipse-workspace\SeleniumAutomation\SeleniumSessionNov\src\main\resources
2025-03-10 23:17:44,846 [Worker-33: Building] INFO  o.a.m.s.f.DefaultMavenResourcesFiltering - skip non existing resourceDirectory C:\Users\2155644\eclipse-workspace\SeleniumAutomation\SeleniumSessionNov\src\test\resources
2025-03-10 23:19:44,279 [Worker-46: Building] INFO  o.a.m.s.f.DefaultMavenResourcesFiltering - skip non existing resourceDirectory C:\Users\2155644\eclipse-workspace\SeleniumAutomation\SeleniumSessionNov\src\main\resources
2025-03-10 23:19:44,281 [Worker-46: Building] INFO  o.a.m.s.f.DefaultMavenResourcesFiltering - skip non existing resourceDirectory C:\Users\2155644\eclipse-workspace\SeleniumAutomation\SeleniumSessionNov\src\test\resources
2025-03-10 23:22:51,380 [Worker-48: Building] INFO  o.a.m.s.f.DefaultMavenResourcesFiltering - skip non existing resourceDirectory C:\Users\2155644\eclipse-workspace\SeleniumAutomation\SeleniumSessionNov\src\main\resources
2025-03-10 23:22:51,383 [Worker-48: Building] INFO  o.a.m.s.f.DefaultMavenResourcesFiltering - skip non existing resourceDirectory C:\Users\2155644\eclipse-workspace\SeleniumAutomation\SeleniumSessionNov\src\test\resources
2025-03-10 23:23:31,130 [Worker-47: Building] INFO  o.a.m.s.f.DefaultMavenResourcesFiltering - skip non existing resourceDirectory C:\Users\2155644\eclipse-workspace\SeleniumAutomation\SeleniumSessionNov\src\main\resources
2025-03-10 23:23:31,132 [Worker-47: Building] INFO  o.a.m.s.f.DefaultMavenResourcesFiltering - skip non existing resourceDirectory C:\Users\2155644\eclipse-workspace\SeleniumAutomation\SeleniumSessionNov\src\test\resources
2025-03-10 23:23:55,772 [Worker-49: Building] INFO  o.a.m.s.f.DefaultMavenResourcesFiltering - skip non existing resourceDirectory C:\Users\2155644\eclipse-workspace\SeleniumAutomation\SeleniumSessionNov\src\main\resources
2025-03-10 23:23:55,774 [Worker-49: Building] INFO  o.a.m.s.f.DefaultMavenResourcesFiltering - skip non existing resourceDirectory C:\Users\2155644\eclipse-workspace\SeleniumAutomation\SeleniumSessionNov\src\test\resources
2025-03-10 23:25:36,241 [Worker-53: Building] INFO  o.a.m.s.f.DefaultMavenResourcesFiltering - skip non existing resourceDirectory C:\Users\2155644\eclipse-workspace\SeleniumAutomation\SeleniumSessionNov\src\main\resources
2025-03-10 23:25:36,243 [Worker-53: Building] INFO  o.a.m.s.f.DefaultMavenResourcesFiltering - skip non existing resourceDirectory C:\Users\2155644\eclipse-workspace\SeleniumAutomation\SeleniumSessionNov\src\test\resources
2025-03-10 23:27:00,268 [Worker-49: Building] INFO  o.a.m.s.f.DefaultMavenResourcesFiltering - skip non existing resourceDirectory C:\Users\2155644\eclipse-workspace\SeleniumAutomation\SeleniumSessionNov\src\main\resources
2025-03-10 23:27:00,270 [Worker-49: Building] INFO  o.a.m.s.f.DefaultMavenResourcesFiltering - skip non existing resourceDirectory C:\Users\2155644\eclipse-workspace\SeleniumAutomation\SeleniumSessionNov\src\test\resources
2025-03-10 23:27:06,328 [Worker-54: Building] INFO  o.a.m.s.f.DefaultMavenResourcesFiltering - skip non existing resourceDirectory C:\Users\2155644\eclipse-workspace\SeleniumAutomation\SeleniumSessionNov\src\main\resources
2025-03-10 23:27:06,331 [Worker-54: Building] INFO  o.a.m.s.f.DefaultMavenResourcesFiltering - skip non existing resourceDirectory C:\Users\2155644\eclipse-workspace\SeleniumAutomation\SeleniumSessionNov\src\test\resources
2025-03-10 23:27:12,209 [Worker-55: Building] INFO  o.a.m.s.f.DefaultMavenResourcesFiltering - skip non existing resourceDirectory C:\Users\2155644\eclipse-workspace\SeleniumAutomation\SeleniumSessionNov\src\main\resources
2025-03-10 23:27:12,210 [Worker-55: Building] INFO  o.a.m.s.f.DefaultMavenResourcesFiltering - skip non existing resourceDirectory C:\Users\2155644\eclipse-workspace\SeleniumAutomation\SeleniumSessionNov\src\test\resources
2025-03-10 23:36:44,760 [Worker-56: Building] INFO  o.a.m.s.f.DefaultMavenResourcesFiltering - skip non existing resourceDirectory C:\Users\2155644\eclipse-workspace\SeleniumAutomation\SeleniumSessionNov\src\main\resources
2025-03-10 23:36:44,763 [Worker-56: Building] INFO  o.a.m.s.f.DefaultMavenResourcesFiltering - skip non existing resourceDirectory C:\Users\2155644\eclipse-workspace\SeleniumAutomation\SeleniumSessionNov\src\test\resources
2025-03-10 23:42:03,630 [Worker-60: Building] INFO  o.a.m.s.f.DefaultMavenResourcesFiltering - skip non existing resourceDirectory C:\Users\2155644\eclipse-workspace\SeleniumAutomation\SeleniumSessionNov\src\main\resources
2025-03-10 23:42:03,631 [Worker-60: Building] INFO  o.a.m.s.f.DefaultMavenResourcesFiltering - skip non existing resourceDirectory C:\Users\2155644\eclipse-workspace\SeleniumAutomation\SeleniumSessionNov\src\test\resources
2025-03-10 23:42:30,070 [Worker-60: Building] INFO  o.a.m.s.f.DefaultMavenResourcesFiltering - skip non existing resourceDirectory C:\Users\2155644\eclipse-workspace\SeleniumAutomation\SeleniumSessionNov\src\main\resources
2025-03-10 23:42:30,071 [Worker-60: Building] INFO  o.a.m.s.f.DefaultMavenResourcesFiltering - skip non existing resourceDirectory C:\Users\2155644\eclipse-workspace\SeleniumAutomation\SeleniumSessionNov\src\test\resources
2025-03-10 23:43:17,905 [Worker-60: Building] INFO  o.a.m.s.f.DefaultMavenResourcesFiltering - skip non existing resourceDirectory C:\Users\2155644\eclipse-workspace\SeleniumAutomation\SeleniumSessionNov\src\main\resources
2025-03-10 23:43:17,906 [Worker-60: Building] INFO  o.a.m.s.f.DefaultMavenResourcesFiltering - skip non existing resourceDirectory C:\Users\2155644\eclipse-workspace\SeleniumAutomation\SeleniumSessionNov\src\test\resources
2025-03-10 23:43:24,310 [Worker-60: Building] INFO  o.a.m.s.f.DefaultMavenResourcesFiltering - skip non existing resourceDirectory C:\Users\2155644\eclipse-workspace\SeleniumAutomation\SeleniumSessionNov\src\main\resources
2025-03-10 23:43:24,311 [Worker-60: Building] INFO  o.a.m.s.f.DefaultMavenResourcesFiltering - skip non existing resourceDirectory C:\Users\2155644\eclipse-workspace\SeleniumAutomation\SeleniumSessionNov\src\test\resources
2025-03-10 23:43:41,005 [Worker-60: Building] INFO  o.a.m.s.f.DefaultMavenResourcesFiltering - skip non existing resourceDirectory C:\Users\2155644\eclipse-workspace\SeleniumAutomation\SeleniumSessionNov\src\main\resources
2025-03-10 23:43:41,007 [Worker-60: Building] INFO  o.a.m.s.f.DefaultMavenResourcesFiltering - skip non existing resourceDirectory C:\Users\2155644\eclipse-workspace\SeleniumAutomation\SeleniumSessionNov\src\test\resources
2025-03-11 00:19:47,340 [Worker-64: Building] INFO  o.a.m.s.f.DefaultMavenResourcesFiltering - skip non existing resourceDirectory C:\Users\2155644\eclipse-workspace\SeleniumAutomation\SeleniumSessionNov\src\main\resources
2025-03-11 00:19:47,342 [Worker-64: Building] INFO  o.a.m.s.f.DefaultMavenResourcesFiltering - skip non existing resourceDirectory C:\Users\2155644\eclipse-workspace\SeleniumAutomation\SeleniumSessionNov\src\test\resources
2025-03-11 00:20:06,187 [Worker-63: Building] INFO  o.a.m.s.f.DefaultMavenResourcesFiltering - skip non existing resourceDirectory C:\Users\2155644\eclipse-workspace\SeleniumAutomation\SeleniumSessionNov\src\main\resources
2025-03-11 00:20:06,189 [Worker-63: Building] INFO  o.a.m.s.f.DefaultMavenResourcesFiltering - skip non existing resourceDirectory C:\Users\2155644\eclipse-workspace\SeleniumAutomation\SeleniumSessionNov\src\test\resources
2025-03-11 00:20:58,727 [Worker-63: Building] INFO  o.a.m.s.f.DefaultMavenResourcesFiltering - skip non existing resourceDirectory C:\Users\2155644\eclipse-workspace\SeleniumAutomation\SeleniumSessionNov\src\main\resources
2025-03-11 00:20:58,729 [Worker-63: Building] INFO  o.a.m.s.f.DefaultMavenResourcesFiltering - skip non existing resourceDirectory C:\Users\2155644\eclipse-workspace\SeleniumAutomation\SeleniumSessionNov\src\test\resources
2025-03-11 00:27:44,114 [Worker-67: Building] INFO  o.a.m.s.f.DefaultMavenResourcesFiltering - skip non existing resourceDirectory C:\Users\2155644\eclipse-workspace\SeleniumAutomation\SeleniumSessionNov\src\main\resources
2025-03-11 00:27:44,116 [Worker-67: Building] INFO  o.a.m.s.f.DefaultMavenResourcesFiltering - skip non existing resourceDirectory C:\Users\2155644\eclipse-workspace\SeleniumAutomation\SeleniumSessionNov\src\test\resources
2025-03-11 00:29:23,716 [Worker-66: Building] INFO  o.a.m.s.f.DefaultMavenResourcesFiltering - skip non existing resourceDirectory C:\Users\2155644\eclipse-workspace\SeleniumAutomation\SeleniumSessionNov\src\main\resources
2025-03-11 00:29:23,717 [Worker-66: Building] INFO  o.a.m.s.f.DefaultMavenResourcesFiltering - skip non existing resourceDirectory C:\Users\2155644\eclipse-workspace\SeleniumAutomation\SeleniumSessionNov\src\test\resources
2025-03-11 00:29:39,110 [Worker-68: Building] INFO  o.a.m.s.f.DefaultMavenResourcesFiltering - skip non existing resourceDirectory C:\Users\2155644\eclipse-workspace\SeleniumAutomation\SeleniumSessionNov\src\main\resources
2025-03-11 00:29:39,112 [Worker-68: Building] INFO  o.a.m.s.f.DefaultMavenResourcesFiltering - skip non existing resourceDirectory C:\Users\2155644\eclipse-workspace\SeleniumAutomation\SeleniumSessionNov\src\test\resources
2025-03-11 00:30:09,652 [Worker-66: Building] INFO  o.a.m.s.f.DefaultMavenResourcesFiltering - skip non existing resourceDirectory C:\Users\2155644\eclipse-workspace\SeleniumAutomation\SeleniumSessionNov\src\main\resources
2025-03-11 00:30:09,654 [Worker-66: Building] INFO  o.a.m.s.f.DefaultMavenResourcesFiltering - skip non existing resourceDirectory C:\Users\2155644\eclipse-workspace\SeleniumAutomation\SeleniumSessionNov\src\test\resources
2025-03-11 00:31:06,930 [Worker-65: Building] INFO  o.a.m.s.f.DefaultMavenResourcesFiltering - skip non existing resourceDirectory C:\Users\2155644\eclipse-workspace\SeleniumAutomation\SeleniumSessionNov\src\main\resources
2025-03-11 00:31:06,933 [Worker-65: Building] INFO  o.a.m.s.f.DefaultMavenResourcesFiltering - skip non existing resourceDirectory C:\Users\2155644\eclipse-workspace\SeleniumAutomation\SeleniumSessionNov\src\test\resources
2025-03-11 00:48:10,788 [Worker-65: Building] INFO  o.a.m.s.f.DefaultMavenResourcesFiltering - skip non existing resourceDirectory C:\Users\2155644\eclipse-workspace\SeleniumAutomation\SeleniumSessionNov\src\main\resources
2025-03-11 00:48:10,790 [Worker-65: Building] INFO  o.a.m.s.f.DefaultMavenResourcesFiltering - skip non existing resourceDirectory C:\Users\2155644\eclipse-workspace\SeleniumAutomation\SeleniumSessionNov\src\test\resources
2025-03-11 00:48:27,943 [Worker-72: Building] INFO  o.a.m.s.f.DefaultMavenResourcesFiltering - skip non existing resourceDirectory C:\Users\2155644\eclipse-workspace\SeleniumAutomation\SeleniumSessionNov\src\main\resources
2025-03-11 00:48:27,945 [Worker-72: Building] INFO  o.a.m.s.f.DefaultMavenResourcesFiltering - skip non existing resourceDirectory C:\Users\2155644\eclipse-workspace\SeleniumAutomation\SeleniumSessionNov\src\test\resources
2025-03-11 22:56:22,433 [Worker-75: Building] INFO  o.a.m.s.f.DefaultMavenResourcesFiltering - skip non existing resourceDirectory C:\Users\2155644\eclipse-workspace\SeleniumAutomation\SeleniumSessionNov\src\main\resources
2025-03-11 22:56:22,438 [Worker-75: Building] INFO  o.a.m.s.f.DefaultMavenResourcesFiltering - skip non existing resourceDirectory C:\Users\2155644\eclipse-workspace\SeleniumAutomation\SeleniumSessionNov\src\test\resources
2025-03-11 22:56:37,511 [Worker-75: Building] INFO  o.a.m.s.f.DefaultMavenResourcesFiltering - skip non existing resourceDirectory C:\Users\2155644\eclipse-workspace\SeleniumAutomation\SeleniumSessionNov\src\main\resources
2025-03-11 22:56:37,514 [Worker-75: Building] INFO  o.a.m.s.f.DefaultMavenResourcesFiltering - skip non existing resourceDirectory C:\Users\2155644\eclipse-workspace\SeleniumAutomation\SeleniumSessionNov\src\test\resources
2025-03-11 23:01:40,883 [Worker-79: Building] INFO  o.a.m.s.f.DefaultMavenResourcesFiltering - skip non existing resourceDirectory C:\Users\2155644\eclipse-workspace\SeleniumAutomation\SeleniumSessionNov\src\main\resources
2025-03-11 23:01:40,885 [Worker-79: Building] INFO  o.a.m.s.f.DefaultMavenResourcesFiltering - skip non existing resourceDirectory C:\Users\2155644\eclipse-workspace\SeleniumAutomation\SeleniumSessionNov\src\test\resources
2025-03-11 23:01:43,983 [Worker-79: Building] INFO  o.a.m.s.f.DefaultMavenResourcesFiltering - skip non existing resourceDirectory C:\Users\2155644\eclipse-workspace\SeleniumAutomation\SeleniumSessionNov\src\main\resources
2025-03-11 23:01:43,984 [Worker-79: Building] INFO  o.a.m.s.f.DefaultMavenResourcesFiltering - skip non existing resourceDirectory C:\Users\2155644\eclipse-workspace\SeleniumAutomation\SeleniumSessionNov\src\test\resources
2025-03-11 23:02:02,199 [Worker-79: Building] INFO  o.a.m.s.f.DefaultMavenResourcesFiltering - skip non existing resourceDirectory C:\Users\2155644\eclipse-workspace\SeleniumAutomation\SeleniumSessionNov\src\main\resources
2025-03-11 23:02:02,200 [Worker-79: Building] INFO  o.a.m.s.f.DefaultMavenResourcesFiltering - skip non existing resourceDirectory C:\Users\2155644\eclipse-workspace\SeleniumAutomation\SeleniumSessionNov\src\test\resources
2025-03-11 23:04:29,114 [Worker-78: Building] INFO  o.a.m.s.f.DefaultMavenResourcesFiltering - skip non existing resourceDirectory C:\Users\2155644\eclipse-workspace\SeleniumAutomation\SeleniumSessionNov\src\main\resources
2025-03-11 23:04:29,116 [Worker-78: Building] INFO  o.a.m.s.f.DefaultMavenResourcesFiltering - skip non existing resourceDirectory C:\Users\2155644\eclipse-workspace\SeleniumAutomation\SeleniumSessionNov\src\test\resources
2025-03-11 23:14:24,417 [Worker-81: Building] INFO  o.a.m.s.f.DefaultMavenResourcesFiltering - skip non existing resourceDirectory C:\Users\2155644\eclipse-workspace\SeleniumAutomation\SeleniumSessionNov\src\main\resources
2025-03-11 23:14:24,418 [Worker-81: Building] INFO  o.a.m.s.f.DefaultMavenResourcesFiltering - skip non existing resourceDirectory C:\Users\2155644\eclipse-workspace\SeleniumAutomation\SeleniumSessionNov\src\test\resources
2025-03-11 23:19:04,682 [Worker-79: Building] INFO  o.a.m.s.f.DefaultMavenResourcesFiltering - skip non existing resourceDirectory C:\Users\2155644\eclipse-workspace\SeleniumAutomation\SeleniumSessionNov\src\main\resources
2025-03-11 23:19:04,683 [Worker-79: Building] INFO  o.a.m.s.f.DefaultMavenResourcesFiltering - skip non existing resourceDirectory C:\Users\2155644\eclipse-workspace\SeleniumAutomation\SeleniumSessionNov\src\test\resources
2025-03-11 23:19:38,319 [Worker-79: Building] INFO  o.a.m.s.f.DefaultMavenResourcesFiltering - skip non existing resourceDirectory C:\Users\2155644\eclipse-workspace\SeleniumAutomation\SeleniumSessionNov\src\main\resources
2025-03-11 23:19:38,320 [Worker-79: Building] INFO  o.a.m.s.f.DefaultMavenResourcesFiltering - skip non existing resourceDirectory C:\Users\2155644\eclipse-workspace\SeleniumAutomation\SeleniumSessionNov\src\test\resources
2025-03-11 23:23:27,720 [Worker-83: Building] INFO  o.a.m.s.f.DefaultMavenResourcesFiltering - skip non existing resourceDirectory C:\Users\2155644\eclipse-workspace\SeleniumAutomation\SeleniumSessionNov\src\main\resources
2025-03-11 23:23:27,721 [Worker-83: Building] INFO  o.a.m.s.f.DefaultMavenResourcesFiltering - skip non existing resourceDirectory C:\Users\2155644\eclipse-workspace\SeleniumAutomation\SeleniumSessionNov\src\test\resources
2025-03-11 23:31:25,264 [Worker-86: Building] INFO  o.a.m.s.f.DefaultMavenResourcesFiltering - skip non existing resourceDirectory C:\Users\2155644\eclipse-workspace\SeleniumAutomation\SeleniumSessionNov\src\main\resources
2025-03-11 23:31:25,266 [Worker-86: Building] INFO  o.a.m.s.f.DefaultMavenResourcesFiltering - skip non existing resourceDirectory C:\Users\2155644\eclipse-workspace\SeleniumAutomation\SeleniumSessionNov\src\test\resources
2025-03-11 23:42:04,339 [Worker-85: Building] INFO  o.a.m.s.f.DefaultMavenResourcesFiltering - skip non existing resourceDirectory C:\Users\2155644\eclipse-workspace\SeleniumAutomation\SeleniumSessionNov\src\main\resources
2025-03-11 23:42:04,341 [Worker-85: Building] INFO  o.a.m.s.f.DefaultMavenResourcesFiltering - skip non existing resourceDirectory C:\Users\2155644\eclipse-workspace\SeleniumAutomation\SeleniumSessionNov\src\test\resources
2025-03-11 23:43:13,929 [Worker-87: Building] INFO  o.a.m.s.f.DefaultMavenResourcesFiltering - skip non existing resourceDirectory C:\Users\2155644\eclipse-workspace\SeleniumAutomation\SeleniumSessionNov\src\main\resources
2025-03-11 23:43:13,930 [Worker-87: Building] INFO  o.a.m.s.f.DefaultMavenResourcesFiltering - skip non existing resourceDirectory C:\Users\2155644\eclipse-workspace\SeleniumAutomation\SeleniumSessionNov\src\test\resources
2025-03-11 23:47:46,248 [Worker-86: Building] INFO  o.a.m.s.f.DefaultMavenResourcesFiltering - skip non existing resourceDirectory C:\Users\2155644\eclipse-workspace\SeleniumAutomation\SeleniumSessionNov\src\main\resources
2025-03-11 23:47:46,251 [Worker-86: Building] INFO  o.a.m.s.f.DefaultMavenResourcesFiltering - skip non existing resourceDirectory C:\Users\2155644\eclipse-workspace\SeleniumAutomation\SeleniumSessionNov\src\test\resources
2025-03-13 10:17:01,091 [Worker-93: Building] INFO  o.a.m.s.f.DefaultMavenResourcesFiltering - skip non existing resourceDirectory C:\Users\2155644\eclipse-workspace\SeleniumAutomation\SeleniumSessionNov\src\main\resources
2025-03-13 10:17:01,095 [Worker-93: Building] INFO  o.a.m.s.f.DefaultMavenResourcesFiltering - skip non existing resourceDirectory C:\Users\2155644\eclipse-workspace\SeleniumAutomation\SeleniumSessionNov\src\test\resources
2025-03-13 10:17:03,592 [Worker-91: Building] INFO  o.a.m.s.f.DefaultMavenResourcesFiltering - skip non existing resourceDirectory C:\Users\2155644\eclipse-workspace\SeleniumAutomation\SeleniumSessionNov\src\main\resources
2025-03-13 10:17:03,595 [Worker-91: Building] INFO  o.a.m.s.f.DefaultMavenResourcesFiltering - skip non existing resourceDirectory C:\Users\2155644\eclipse-workspace\SeleniumAutomation\SeleniumSessionNov\src\test\resources
2025-03-13 10:31:51,792 [Worker-94: Building] INFO  o.a.m.s.f.DefaultMavenResourcesFiltering - skip non existing resourceDirectory C:\Users\2155644\eclipse-workspace\SeleniumAutomation\SeleniumSessionNov\src\main\resources
2025-03-13 10:31:51,795 [Worker-94: Building] INFO  o.a.m.s.f.DefaultMavenResourcesFiltering - skip non existing resourceDirectory C:\Users\2155644\eclipse-workspace\SeleniumAutomation\SeleniumSessionNov\src\test\resources
2025-03-13 17:27:16,436 [Worker-99: Building] INFO  o.a.m.s.f.DefaultMavenResourcesFiltering - skip non existing resourceDirectory C:\Users\2155644\eclipse-workspace\SeleniumAutomation\SeleniumSessionNov\src\main\resources
2025-03-13 17:27:16,440 [Worker-99: Building] INFO  o.a.m.s.f.DefaultMavenResourcesFiltering - skip non existing resourceDirectory C:\Users\2155644\eclipse-workspace\SeleniumAutomation\SeleniumSessionNov\src\test\resources
2025-03-13 17:39:16,442 [Worker-103: Building] INFO  o.a.m.s.f.DefaultMavenResourcesFiltering - skip non existing resourceDirectory C:\Users\2155644\eclipse-workspace\SeleniumAutomation\SeleniumSessionNov\src\main\resources
2025-03-13 17:39:16,445 [Worker-103: Building] INFO  o.a.m.s.f.DefaultMavenResourcesFiltering - skip non existing resourceDirectory C:\Users\2155644\eclipse-workspace\SeleniumAutomation\SeleniumSessionNov\src\test\resources
2025-03-13 17:44:37,548 [Worker-104: Building] INFO  o.a.m.s.f.DefaultMavenResourcesFiltering - skip non existing resourceDirectory C:\Users\2155644\eclipse-workspace\SeleniumAutomation\SeleniumSessionNov\src\main\resources
2025-03-13 17:44:37,551 [Worker-104: Building] INFO  o.a.m.s.f.DefaultMavenResourcesFiltering - skip non existing resourceDirectory C:\Users\2155644\eclipse-workspace\SeleniumAutomation\SeleniumSessionNov\src\test\resources
2025-03-13 17:46:27,175 [Worker-106: Building] INFO  o.a.m.s.f.DefaultMavenResourcesFiltering - skip non existing resourceDirectory C:\Users\2155644\eclipse-workspace\SeleniumAutomation\SeleniumSessionNov\src\main\resources
2025-03-13 17:46:27,176 [Worker-106: Building] INFO  o.a.m.s.f.DefaultMavenResourcesFiltering - skip non existing resourceDirectory C:\Users\2155644\eclipse-workspace\SeleniumAutomation\SeleniumSessionNov\src\test\resources
2025-03-13 17:47:21,510 [Worker-106: Building] INFO  o.a.m.s.f.DefaultMavenResourcesFiltering - skip non existing resourceDirectory C:\Users\2155644\eclipse-workspace\SeleniumAutomation\SeleniumSessionNov\src\main\resources
2025-03-13 17:47:21,511 [Worker-106: Building] INFO  o.a.m.s.f.DefaultMavenResourcesFiltering - skip non existing resourceDirectory C:\Users\2155644\eclipse-workspace\SeleniumAutomation\SeleniumSessionNov\src\test\resources
2025-03-13 17:47:28,202 [Worker-107: Launching SelectDropdownHandling] INFO  o.a.m.s.f.DefaultMavenResourcesFiltering - skip non existing resourceDirectory C:\Users\2155644\eclipse-workspace\SeleniumAutomation\SeleniumSessionNov\src\main\resources
2025-03-13 17:47:28,203 [Worker-107: Launching SelectDropdownHandling] INFO  o.a.m.s.f.DefaultMavenResourcesFiltering - skip non existing resourceDirectory C:\Users\2155644\eclipse-workspace\SeleniumAutomation\SeleniumSessionNov\src\test\resources
2025-03-13 17:48:01,031 [Worker-106: Building] INFO  o.a.m.s.f.DefaultMavenResourcesFiltering - skip non existing resourceDirectory C:\Users\2155644\eclipse-workspace\SeleniumAutomation\SeleniumSessionNov\src\main\resources
2025-03-13 17:48:01,033 [Worker-106: Building] INFO  o.a.m.s.f.DefaultMavenResourcesFiltering - skip non existing resourceDirectory C:\Users\2155644\eclipse-workspace\SeleniumAutomation\SeleniumSessionNov\src\test\resources
2025-03-13 17:48:54,900 [Worker-101: Building] INFO  o.a.m.s.f.DefaultMavenResourcesFiltering - skip non existing resourceDirectory C:\Users\2155644\eclipse-workspace\SeleniumAutomation\SeleniumSessionNov\src\main\resources
2025-03-13 17:48:54,902 [Worker-101: Building] INFO  o.a.m.s.f.DefaultMavenResourcesFiltering - skip non existing resourceDirectory C:\Users\2155644\eclipse-workspace\SeleniumAutomation\SeleniumSessionNov\src\test\resources
2025-03-13 22:16:41,697 [Worker-112: Building] INFO  o.a.m.s.f.DefaultMavenResourcesFiltering - skip non existing resourceDirectory C:\Users\2155644\eclipse-workspace\SeleniumAutomation\SeleniumSessionNov\src\main\resources
2025-03-13 22:16:41,701 [Worker-112: Building] INFO  o.a.m.s.f.DefaultMavenResourcesFiltering - skip non existing resourceDirectory C:\Users\2155644\eclipse-workspace\SeleniumAutomation\SeleniumSessionNov\src\test\resources
2025-03-13 22:19:39,903 [Worker-101: Building] INFO  o.a.m.s.f.DefaultMavenResourcesFiltering - skip non existing resourceDirectory C:\Users\2155644\eclipse-workspace\SeleniumAutomation\SeleniumSessionNov\src\main\resources
2025-03-13 22:19:39,904 [Worker-101: Building] INFO  o.a.m.s.f.DefaultMavenResourcesFiltering - skip non existing resourceDirectory C:\Users\2155644\eclipse-workspace\SeleniumAutomation\SeleniumSessionNov\src\test\resources
2025-03-13 22:22:21,056 [Worker-112: Building] INFO  o.a.m.s.f.DefaultMavenResourcesFiltering - skip non existing resourceDirectory C:\Users\2155644\eclipse-workspace\SeleniumAutomation\SeleniumSessionNov\src\main\resources
2025-03-13 22:22:21,059 [Worker-112: Building] INFO  o.a.m.s.f.DefaultMavenResourcesFiltering - skip non existing resourceDirectory C:\Users\2155644\eclipse-workspace\SeleniumAutomation\SeleniumSessionNov\src\test\resources
2025-03-13 22:23:12,106 [Worker-113: Building] INFO  o.a.m.s.f.DefaultMavenResourcesFiltering - skip non existing resourceDirectory C:\Users\2155644\eclipse-workspace\SeleniumAutomation\SeleniumSessionNov\src\main\resources
2025-03-13 22:23:12,109 [Worker-113: Building] INFO  o.a.m.s.f.DefaultMavenResourcesFiltering - skip non existing resourceDirectory C:\Users\2155644\eclipse-workspace\SeleniumAutomation\SeleniumSessionNov\src\test\resources
2025-03-13 22:23:28,346 [Worker-114: Building] INFO  o.a.m.s.f.DefaultMavenResourcesFiltering - skip non existing resourceDirectory C:\Users\2155644\eclipse-workspace\SeleniumAutomation\SeleniumSessionNov\src\main\resources
2025-03-13 22:23:28,348 [Worker-114: Building] INFO  o.a.m.s.f.DefaultMavenResourcesFiltering - skip non existing resourceDirectory C:\Users\2155644\eclipse-workspace\SeleniumAutomation\SeleniumSessionNov\src\test\resources
2025-03-13 22:24:32,244 [Worker-113: Building] INFO  o.a.m.s.f.DefaultMavenResourcesFiltering - skip non existing resourceDirectory C:\Users\2155644\eclipse-workspace\SeleniumAutomation\SeleniumSessionNov\src\main\resources
2025-03-13 22:24:32,246 [Worker-113: Building] INFO  o.a.m.s.f.DefaultMavenResourcesFiltering - skip non existing resourceDirectory C:\Users\2155644\eclipse-workspace\SeleniumAutomation\SeleniumSessionNov\src\test\resources
2025-03-13 22:25:22,493 [Worker-116: Building] INFO  o.a.m.s.f.DefaultMavenResourcesFiltering - skip non existing resourceDirectory C:\Users\2155644\eclipse-workspace\SeleniumAutomation\SeleniumSessionNov\src\main\resources
2025-03-13 22:25:22,495 [Worker-116: Building] INFO  o.a.m.s.f.DefaultMavenResourcesFiltering - skip non existing resourceDirectory C:\Users\2155644\eclipse-workspace\SeleniumAutomation\SeleniumSessionNov\src\test\resources
2025-03-13 22:26:44,774 [Worker-115: Building] INFO  o.a.m.s.f.DefaultMavenResourcesFiltering - skip non existing resourceDirectory C:\Users\2155644\eclipse-workspace\SeleniumAutomation\SeleniumSessionNov\src\main\resources
2025-03-13 22:26:44,780 [Worker-115: Building] INFO  o.a.m.s.f.DefaultMavenResourcesFiltering - skip non existing resourceDirectory C:\Users\2155644\eclipse-workspace\SeleniumAutomation\SeleniumSessionNov\src\test\resources
2025-03-13 22:27:55,624 [Worker-114: Building] INFO  o.a.m.s.f.DefaultMavenResourcesFiltering - skip non existing resourceDirectory C:\Users\2155644\eclipse-workspace\SeleniumAutomation\SeleniumSessionNov\src\main\resources
2025-03-13 22:27:55,625 [Worker-114: Building] INFO  o.a.m.s.f.DefaultMavenResourcesFiltering - skip non existing resourceDirectory C:\Users\2155644\eclipse-workspace\SeleniumAutomation\SeleniumSessionNov\src\test\resources
2025-03-13 22:33:25,909 [Worker-117: Building] INFO  o.a.m.s.f.DefaultMavenResourcesFiltering - skip non existing resourceDirectory C:\Users\2155644\eclipse-workspace\SeleniumAutomation\SeleniumSessionNov\src\main\resources
2025-03-13 22:33:25,911 [Worker-117: Building] INFO  o.a.m.s.f.DefaultMavenResourcesFiltering - skip non existing resourceDirectory C:\Users\2155644\eclipse-workspace\SeleniumAutomation\SeleniumSessionNov\src\test\resources
2025-03-13 22:33:56,379 [Worker-119: Building] INFO  o.a.m.s.f.DefaultMavenResourcesFiltering - skip non existing resourceDirectory C:\Users\2155644\eclipse-workspace\SeleniumAutomation\SeleniumSessionNov\src\main\resources
2025-03-13 22:33:56,381 [Worker-119: Building] INFO  o.a.m.s.f.DefaultMavenResourcesFiltering - skip non existing resourceDirectory C:\Users\2155644\eclipse-workspace\SeleniumAutomation\SeleniumSessionNov\src\test\resources
2025-03-13 22:35:56,649 [Worker-117: Building] INFO  o.a.m.s.f.DefaultMavenResourcesFiltering - skip non existing resourceDirectory C:\Users\2155644\eclipse-workspace\SeleniumAutomation\SeleniumSessionNov\src\main\resources
2025-03-13 22:35:56,651 [Worker-117: Building] INFO  o.a.m.s.f.DefaultMavenResourcesFiltering - skip non existing resourceDirectory C:\Users\2155644\eclipse-workspace\SeleniumAutomation\SeleniumSessionNov\src\test\resources
2025-03-13 22:36:27,147 [Worker-118: Building] INFO  o.a.m.s.f.DefaultMavenResourcesFiltering - skip non existing resourceDirectory C:\Users\2155644\eclipse-workspace\SeleniumAutomation\SeleniumSessionNov\src\main\resources
2025-03-13 22:36:27,149 [Worker-118: Building] INFO  o.a.m.s.f.DefaultMavenResourcesFiltering - skip non existing resourceDirectory C:\Users\2155644\eclipse-workspace\SeleniumAutomation\SeleniumSessionNov\src\test\resources
2025-03-13 22:37:29,428 [Worker-118: Building] INFO  o.a.m.s.f.DefaultMavenResourcesFiltering - skip non existing resourceDirectory C:\Users\2155644\eclipse-workspace\SeleniumAutomation\SeleniumSessionNov\src\main\resources
2025-03-13 22:37:29,429 [Worker-118: Building] INFO  o.a.m.s.f.DefaultMavenResourcesFiltering - skip non existing resourceDirectory C:\Users\2155644\eclipse-workspace\SeleniumAutomation\SeleniumSessionNov\src\test\resources
2025-03-13 22:39:12,832 [Worker-117: Building] INFO  o.a.m.s.f.DefaultMavenResourcesFiltering - skip non existing resourceDirectory C:\Users\2155644\eclipse-workspace\SeleniumAutomation\SeleniumSessionNov\src\main\resources
2025-03-13 22:39:12,833 [Worker-117: Building] INFO  o.a.m.s.f.DefaultMavenResourcesFiltering - skip non existing resourceDirectory C:\Users\2155644\eclipse-workspace\SeleniumAutomation\SeleniumSessionNov\src\test\resources
2025-03-13 22:40:33,602 [Worker-120: Building] INFO  o.a.m.s.f.DefaultMavenResourcesFiltering - skip non existing resourceDirectory C:\Users\2155644\eclipse-workspace\SeleniumAutomation\SeleniumSessionNov\src\main\resources
2025-03-13 22:40:33,604 [Worker-120: Building] INFO  o.a.m.s.f.DefaultMavenResourcesFiltering - skip non existing resourceDirectory C:\Users\2155644\eclipse-workspace\SeleniumAutomation\SeleniumSessionNov\src\test\resources
2025-03-13 22:40:38,764 [Worker-120: Building] INFO  o.a.m.s.f.DefaultMavenResourcesFiltering - skip non existing resourceDirectory C:\Users\2155644\eclipse-workspace\SeleniumAutomation\SeleniumSessionNov\src\main\resources
2025-03-13 22:40:38,765 [Worker-120: Building] INFO  o.a.m.s.f.DefaultMavenResourcesFiltering - skip non existing resourceDirectory C:\Users\2155644\eclipse-workspace\SeleniumAutomation\SeleniumSessionNov\src\test\resources
2025-03-13 22:41:57,672 [Worker-120: Building] INFO  o.a.m.s.f.DefaultMavenResourcesFiltering - skip non existing resourceDirectory C:\Users\2155644\eclipse-workspace\SeleniumAutomation\SeleniumSessionNov\src\main\resources
2025-03-13 22:41:57,674 [Worker-120: Building] INFO  o.a.m.s.f.DefaultMavenResourcesFiltering - skip non existing resourceDirectory C:\Users\2155644\eclipse-workspace\SeleniumAutomation\SeleniumSessionNov\src\test\resources
2025-03-13 22:51:08,199 [Worker-121: Building] INFO  o.a.m.s.f.DefaultMavenResourcesFiltering - skip non existing resourceDirectory C:\Users\2155644\eclipse-workspace\SeleniumAutomation\SeleniumSessionNov\src\main\resources
2025-03-13 22:51:08,201 [Worker-121: Building] INFO  o.a.m.s.f.DefaultMavenResourcesFiltering - skip non existing resourceDirectory C:\Users\2155644\eclipse-workspace\SeleniumAutomation\SeleniumSessionNov\src\test\resources
2025-03-13 22:51:23,289 [Worker-122: Building] INFO  o.a.m.s.f.DefaultMavenResourcesFiltering - skip non existing resourceDirectory C:\Users\2155644\eclipse-workspace\SeleniumAutomation\SeleniumSessionNov\src\main\resources
2025-03-13 22:51:23,290 [Worker-122: Building] INFO  o.a.m.s.f.DefaultMavenResourcesFiltering - skip non existing resourceDirectory C:\Users\2155644\eclipse-workspace\SeleniumAutomation\SeleniumSessionNov\src\test\resources
2025-03-13 22:54:45,311 [Worker-124: Building] INFO  o.a.m.s.f.DefaultMavenResourcesFiltering - skip non existing resourceDirectory C:\Users\2155644\eclipse-workspace\SeleniumAutomation\SeleniumSessionNov\src\main\resources
2025-03-13 22:54:45,312 [Worker-124: Building] INFO  o.a.m.s.f.DefaultMavenResourcesFiltering - skip non existing resourceDirectory C:\Users\2155644\eclipse-workspace\SeleniumAutomation\SeleniumSessionNov\src\test\resources
2025-03-13 22:55:28,042 [Worker-122: Building] INFO  o.a.m.s.f.DefaultMavenResourcesFiltering - skip non existing resourceDirectory C:\Users\2155644\eclipse-workspace\SeleniumAutomation\SeleniumSessionNov\src\main\resources
2025-03-13 22:55:28,043 [Worker-122: Building] INFO  o.a.m.s.f.DefaultMavenResourcesFiltering - skip non existing resourceDirectory C:\Users\2155644\eclipse-workspace\SeleniumAutomation\SeleniumSessionNov\src\test\resources
2025-03-13 22:55:36,764 [Worker-123: Launching SelectDropdwonOptions] INFO  o.a.m.s.f.DefaultMavenResourcesFiltering - skip non existing resourceDirectory C:\Users\2155644\eclipse-workspace\SeleniumAutomation\SeleniumSessionNov\src\main\resources
2025-03-13 22:55:36,766 [Worker-123: Launching SelectDropdwonOptions] INFO  o.a.m.s.f.DefaultMavenResourcesFiltering - skip non existing resourceDirectory C:\Users\2155644\eclipse-workspace\SeleniumAutomation\SeleniumSessionNov\src\test\resources
2025-03-13 22:58:21,962 [Worker-124: Building] INFO  o.a.m.s.f.DefaultMavenResourcesFiltering - skip non existing resourceDirectory C:\Users\2155644\eclipse-workspace\SeleniumAutomation\SeleniumSessionNov\src\main\resources
2025-03-13 22:58:21,964 [Worker-124: Building] INFO  o.a.m.s.f.DefaultMavenResourcesFiltering - skip non existing resourceDirectory C:\Users\2155644\eclipse-workspace\SeleniumAutomation\SeleniumSessionNov\src\test\resources
2025-03-13 22:59:45,563 [Worker-123: Building] INFO  o.a.m.s.f.DefaultMavenResourcesFiltering - skip non existing resourceDirectory C:\Users\2155644\eclipse-workspace\SeleniumAutomation\SeleniumSessionNov\src\main\resources
2025-03-13 22:59:45,564 [Worker-123: Building] INFO  o.a.m.s.f.DefaultMavenResourcesFiltering - skip non existing resourceDirectory C:\Users\2155644\eclipse-workspace\SeleniumAutomation\SeleniumSessionNov\src\test\resources
2025-03-13 22:59:59,789 [Worker-122: Building] INFO  o.a.m.s.f.DefaultMavenResourcesFiltering - skip non existing resourceDirectory C:\Users\2155644\eclipse-workspace\SeleniumAutomation\SeleniumSessionNov\src\main\resources
2025-03-13 22:59:59,790 [Worker-122: Building] INFO  o.a.m.s.f.DefaultMavenResourcesFiltering - skip non existing resourceDirectory C:\Users\2155644\eclipse-workspace\SeleniumAutomation\SeleniumSessionNov\src\test\resources
2025-03-13 23:00:50,720 [Worker-122: Building] INFO  o.a.m.s.f.DefaultMavenResourcesFiltering - skip non existing resourceDirectory C:\Users\2155644\eclipse-workspace\SeleniumAutomation\SeleniumSessionNov\src\main\resources
2025-03-13 23:00:50,721 [Worker-122: Building] INFO  o.a.m.s.f.DefaultMavenResourcesFiltering - skip non existing resourceDirectory C:\Users\2155644\eclipse-workspace\SeleniumAutomation\SeleniumSessionNov\src\test\resources
2025-03-13 23:00:57,817 [Worker-121: Building] INFO  o.a.m.s.f.DefaultMavenResourcesFiltering - skip non existing resourceDirectory C:\Users\2155644\eclipse-workspace\SeleniumAutomation\SeleniumSessionNov\src\main\resources
2025-03-13 23:00:57,818 [Worker-121: Building] INFO  o.a.m.s.f.DefaultMavenResourcesFiltering - skip non existing resourceDirectory C:\Users\2155644\eclipse-workspace\SeleniumAutomation\SeleniumSessionNov\src\test\resources
2025-03-13 23:01:22,716 [Worker-118: Building] INFO  o.a.m.s.f.DefaultMavenResourcesFiltering - skip non existing resourceDirectory C:\Users\2155644\eclipse-workspace\SeleniumAutomation\SeleniumSessionNov\src\main\resources
2025-03-13 23:01:22,718 [Worker-118: Building] INFO  o.a.m.s.f.DefaultMavenResourcesFiltering - skip non existing resourceDirectory C:\Users\2155644\eclipse-workspace\SeleniumAutomation\SeleniumSessionNov\src\test\resources
2025-03-13 23:02:42,166 [Worker-123: Building] INFO  o.a.m.s.f.DefaultMavenResourcesFiltering - skip non existing resourceDirectory C:\Users\2155644\eclipse-workspace\SeleniumAutomation\SeleniumSessionNov\src\main\resources
2025-03-13 23:02:42,167 [Worker-123: Building] INFO  o.a.m.s.f.DefaultMavenResourcesFiltering - skip non existing resourceDirectory C:\Users\2155644\eclipse-workspace\SeleniumAutomation\SeleniumSessionNov\src\test\resources
2025-03-13 23:03:52,680 [Worker-118: Building] INFO  o.a.m.s.f.DefaultMavenResourcesFiltering - skip non existing resourceDirectory C:\Users\2155644\eclipse-workspace\SeleniumAutomation\SeleniumSessionNov\src\main\resources
2025-03-13 23:03:52,681 [Worker-118: Building] INFO  o.a.m.s.f.DefaultMavenResourcesFiltering - skip non existing resourceDirectory C:\Users\2155644\eclipse-workspace\SeleniumAutomation\SeleniumSessionNov\src\test\resources
2025-03-13 23:06:30,042 [Worker-123: Building] INFO  o.a.m.s.f.DefaultMavenResourcesFiltering - skip non existing resourceDirectory C:\Users\2155644\eclipse-workspace\SeleniumAutomation\SeleniumSessionNov\src\main\resources
2025-03-13 23:06:30,044 [Worker-123: Building] INFO  o.a.m.s.f.DefaultMavenResourcesFiltering - skip non existing resourceDirectory C:\Users\2155644\eclipse-workspace\SeleniumAutomation\SeleniumSessionNov\src\test\resources
2025-03-13 23:07:02,138 [Worker-123: Building] INFO  o.a.m.s.f.DefaultMavenResourcesFiltering - skip non existing resourceDirectory C:\Users\2155644\eclipse-workspace\SeleniumAutomation\SeleniumSessionNov\src\main\resources
2025-03-13 23:07:02,140 [Worker-123: Building] INFO  o.a.m.s.f.DefaultMavenResourcesFiltering - skip non existing resourceDirectory C:\Users\2155644\eclipse-workspace\SeleniumAutomation\SeleniumSessionNov\src\test\resources
2025-03-13 23:39:42,264 [Worker-126: Building] INFO  o.a.m.s.f.DefaultMavenResourcesFiltering - skip non existing resourceDirectory C:\Users\2155644\eclipse-workspace\SeleniumAutomation\SeleniumSessionNov\src\main\resources
2025-03-13 23:39:42,265 [Worker-126: Building] INFO  o.a.m.s.f.DefaultMavenResourcesFiltering - skip non existing resourceDirectory C:\Users\2155644\eclipse-workspace\SeleniumAutomation\SeleniumSessionNov\src\test\resources
2025-03-13 23:40:45,874 [Worker-127: Building] INFO  o.a.m.s.f.DefaultMavenResourcesFiltering - skip non existing resourceDirectory C:\Users\2155644\eclipse-workspace\SeleniumAutomation\SeleniumSessionNov\src\main\resources
2025-03-13 23:40:45,875 [Worker-127: Building] INFO  o.a.m.s.f.DefaultMavenResourcesFiltering - skip non existing resourceDirectory C:\Users\2155644\eclipse-workspace\SeleniumAutomation\SeleniumSessionNov\src\test\resources
2025-03-13 23:41:07,968 [Worker-127: Building] INFO  o.a.m.s.f.DefaultMavenResourcesFiltering - skip non existing resourceDirectory C:\Users\2155644\eclipse-workspace\SeleniumAutomation\SeleniumSessionNov\src\main\resources
2025-03-13 23:41:07,974 [Worker-127: Building] INFO  o.a.m.s.f.DefaultMavenResourcesFiltering - skip non existing resourceDirectory C:\Users\2155644\eclipse-workspace\SeleniumAutomation\SeleniumSessionNov\src\test\resources
2025-03-13 23:41:19,096 [Worker-122: Building] INFO  o.a.m.s.f.DefaultMavenResourcesFiltering - skip non existing resourceDirectory C:\Users\2155644\eclipse-workspace\SeleniumAutomation\SeleniumSessionNov\src\main\resources
2025-03-13 23:41:19,097 [Worker-122: Building] INFO  o.a.m.s.f.DefaultMavenResourcesFiltering - skip non existing resourceDirectory C:\Users\2155644\eclipse-workspace\SeleniumAutomation\SeleniumSessionNov\src\test\resources
2025-03-13 23:41:44,810 [Worker-128: Building] INFO  o.a.m.s.f.DefaultMavenResourcesFiltering - skip non existing resourceDirectory C:\Users\2155644\eclipse-workspace\SeleniumAutomation\SeleniumSessionNov\src\main\resources
2025-03-13 23:41:44,811 [Worker-128: Building] INFO  o.a.m.s.f.DefaultMavenResourcesFiltering - skip non existing resourceDirectory C:\Users\2155644\eclipse-workspace\SeleniumAutomation\SeleniumSessionNov\src\test\resources
2025-03-13 23:42:40,181 [Worker-128: Building] INFO  o.a.m.s.f.DefaultMavenResourcesFiltering - skip non existing resourceDirectory C:\Users\2155644\eclipse-workspace\SeleniumAutomation\SeleniumSessionNov\src\main\resources
2025-03-13 23:42:40,182 [Worker-128: Building] INFO  o.a.m.s.f.DefaultMavenResourcesFiltering - skip non existing resourceDirectory C:\Users\2155644\eclipse-workspace\SeleniumAutomation\SeleniumSessionNov\src\test\resources
2025-03-13 23:44:44,329 [Worker-129: Building] INFO  o.a.m.s.f.DefaultMavenResourcesFiltering - skip non existing resourceDirectory C:\Users\2155644\eclipse-workspace\SeleniumAutomation\SeleniumSessionNov\src\main\resources
2025-03-13 23:44:44,330 [Worker-129: Building] INFO  o.a.m.s.f.DefaultMavenResourcesFiltering - skip non existing resourceDirectory C:\Users\2155644\eclipse-workspace\SeleniumAutomation\SeleniumSessionNov\src\test\resources
2025-03-13 23:49:19,230 [Worker-122: Building] INFO  o.a.m.s.f.DefaultMavenResourcesFiltering - skip non existing resourceDirectory C:\Users\2155644\eclipse-workspace\SeleniumAutomation\SeleniumSessionNov\src\main\resources
2025-03-13 23:49:19,232 [Worker-122: Building] INFO  o.a.m.s.f.DefaultMavenResourcesFiltering - skip non existing resourceDirectory C:\Users\2155644\eclipse-workspace\SeleniumAutomation\SeleniumSessionNov\src\test\resources
2025-03-13 23:49:39,809 [Worker-127: Building] INFO  o.a.m.s.f.DefaultMavenResourcesFiltering - skip non existing resourceDirectory C:\Users\2155644\eclipse-workspace\SeleniumAutomation\SeleniumSessionNov\src\main\resources
2025-03-13 23:49:39,810 [Worker-127: Building] INFO  o.a.m.s.f.DefaultMavenResourcesFiltering - skip non existing resourceDirectory C:\Users\2155644\eclipse-workspace\SeleniumAutomation\SeleniumSessionNov\src\test\resources
2025-03-13 23:49:41,857 [Worker-128: Building] INFO  o.a.m.s.f.DefaultMavenResourcesFiltering - skip non existing resourceDirectory C:\Users\2155644\eclipse-workspace\SeleniumAutomation\SeleniumSessionNov\src\main\resources
2025-03-13 23:49:41,858 [Worker-128: Building] INFO  o.a.m.s.f.DefaultMavenResourcesFiltering - skip non existing resourceDirectory C:\Users\2155644\eclipse-workspace\SeleniumAutomation\SeleniumSessionNov\src\test\resources
2025-03-13 23:50:21,080 [Worker-122: Building] INFO  o.a.m.s.f.DefaultMavenResourcesFiltering - skip non existing resourceDirectory C:\Users\2155644\eclipse-workspace\SeleniumAutomation\SeleniumSessionNov\src\main\resources
2025-03-13 23:50:21,081 [Worker-122: Building] INFO  o.a.m.s.f.DefaultMavenResourcesFiltering - skip non existing resourceDirectory C:\Users\2155644\eclipse-workspace\SeleniumAutomation\SeleniumSessionNov\src\test\resources
2025-03-13 23:53:05,331 [Worker-127: Building] INFO  o.a.m.s.f.DefaultMavenResourcesFiltering - skip non existing resourceDirectory C:\Users\2155644\eclipse-workspace\SeleniumAutomation\SeleniumSessionNov\src\main\resources
2025-03-13 23:53:05,332 [Worker-127: Building] INFO  o.a.m.s.f.DefaultMavenResourcesFiltering - skip non existing resourceDirectory C:\Users\2155644\eclipse-workspace\SeleniumAutomation\SeleniumSessionNov\src\test\resources
2025-03-13 23:53:48,377 [Worker-122: Building] INFO  o.a.m.s.f.DefaultMavenResourcesFiltering - skip non existing resourceDirectory C:\Users\2155644\eclipse-workspace\SeleniumAutomation\SeleniumSessionNov\src\main\resources
2025-03-13 23:53:48,380 [Worker-122: Building] INFO  o.a.m.s.f.DefaultMavenResourcesFiltering - skip non existing resourceDirectory C:\Users\2155644\eclipse-workspace\SeleniumAutomation\SeleniumSessionNov\src\test\resources
2025-03-13 23:54:16,792 [Worker-131: Building] INFO  o.a.m.s.f.DefaultMavenResourcesFiltering - skip non existing resourceDirectory C:\Users\2155644\eclipse-workspace\SeleniumAutomation\SeleniumSessionNov\src\main\resources
2025-03-13 23:54:16,793 [Worker-131: Building] INFO  o.a.m.s.f.DefaultMavenResourcesFiltering - skip non existing resourceDirectory C:\Users\2155644\eclipse-workspace\SeleniumAutomation\SeleniumSessionNov\src\test\resources
2025-03-16 10:53:08,384 [Worker-3: Loading available Gradle versions] INFO  o.e.b.c.i.u.g.PublishedGradleVersions - Gradle version information cache is out-of-date. Trying to update.
2025-03-16 11:43:29,833 [Worker-22: Building] INFO  o.a.m.s.f.DefaultMavenResourcesFiltering - skip non existing resourceDirectory C:\Users\2155644\eclipse-workspace\SeleniumAutomation\SeleniumSessionNov\src\main\resources
2025-03-16 11:43:29,956 [Worker-22: Building] INFO  o.a.m.s.f.DefaultMavenResourcesFiltering - skip non existing resourceDirectory C:\Users\2155644\eclipse-workspace\SeleniumAutomation\SeleniumSessionNov\src\test\resources
2025-03-16 11:43:34,277 [Worker-25: Building] INFO  o.a.m.s.f.DefaultMavenResourcesFiltering - skip non existing resourceDirectory C:\Users\2155644\eclipse-workspace\SeleniumAutomation\SeleniumSessionNov\src\main\resources
2025-03-16 11:43:34,279 [Worker-25: Building] INFO  o.a.m.s.f.DefaultMavenResourcesFiltering - skip non existing resourceDirectory C:\Users\2155644\eclipse-workspace\SeleniumAutomation\SeleniumSessionNov\src\test\resources
2025-03-16 11:44:44,490 [Worker-22: Building] INFO  o.a.m.s.f.DefaultMavenResourcesFiltering - skip non existing resourceDirectory C:\Users\2155644\eclipse-workspace\SeleniumAutomation\SeleniumSessionNov\src\main\resources
2025-03-16 11:44:44,492 [Worker-22: Building] INFO  o.a.m.s.f.DefaultMavenResourcesFiltering - skip non existing resourceDirectory C:\Users\2155644\eclipse-workspace\SeleniumAutomation\SeleniumSessionNov\src\test\resources
2025-03-16 11:46:29,892 [Worker-25: Building] INFO  o.a.m.s.f.DefaultMavenResourcesFiltering - skip non existing resourceDirectory C:\Users\2155644\eclipse-workspace\SeleniumAutomation\SeleniumSessionNov\src\main\resources
2025-03-16 11:46:29,894 [Worker-25: Building] INFO  o.a.m.s.f.DefaultMavenResourcesFiltering - skip non existing resourceDirectory C:\Users\2155644\eclipse-workspace\SeleniumAutomation\SeleniumSessionNov\src\test\resources
2025-03-16 11:48:43,018 [Worker-29: Building] INFO  o.a.m.s.f.DefaultMavenResourcesFiltering - skip non existing resourceDirectory C:\Users\2155644\eclipse-workspace\SeleniumAutomation\SeleniumSessionNov\src\main\resources
2025-03-16 11:48:43,020 [Worker-29: Building] INFO  o.a.m.s.f.DefaultMavenResourcesFiltering - skip non existing resourceDirectory C:\Users\2155644\eclipse-workspace\SeleniumAutomation\SeleniumSessionNov\src\test\resources
2025-03-16 11:50:45,518 [Worker-28: Building] INFO  o.a.m.s.f.DefaultMavenResourcesFiltering - skip non existing resourceDirectory C:\Users\2155644\eclipse-workspace\SeleniumAutomation\SeleniumSessionNov\src\main\resources
2025-03-16 11:50:45,520 [Worker-28: Building] INFO  o.a.m.s.f.DefaultMavenResourcesFiltering - skip non existing resourceDirectory C:\Users\2155644\eclipse-workspace\SeleniumAutomation\SeleniumSessionNov\src\test\resources
2025-03-16 11:51:28,647 [Worker-29: Building] INFO  o.a.m.s.f.DefaultMavenResourcesFiltering - skip non existing resourceDirectory C:\Users\2155644\eclipse-workspace\SeleniumAutomation\SeleniumSessionNov\src\main\resources
2025-03-16 11:51:28,648 [Worker-29: Building] INFO  o.a.m.s.f.DefaultMavenResourcesFiltering - skip non existing resourceDirectory C:\Users\2155644\eclipse-workspace\SeleniumAutomation\SeleniumSessionNov\src\test\resources
2025-03-16 11:52:43,568 [Worker-30: Building] INFO  o.a.m.s.f.DefaultMavenResourcesFiltering - skip non existing resourceDirectory C:\Users\2155644\eclipse-workspace\SeleniumAutomation\SeleniumSessionNov\src\main\resources
2025-03-16 11:52:43,570 [Worker-30: Building] INFO  o.a.m.s.f.DefaultMavenResourcesFiltering - skip non existing resourceDirectory C:\Users\2155644\eclipse-workspace\SeleniumAutomation\SeleniumSessionNov\src\test\resources
2025-03-16 11:54:13,672 [Worker-29: Building] INFO  o.a.m.s.f.DefaultMavenResourcesFiltering - skip non existing resourceDirectory C:\Users\2155644\eclipse-workspace\SeleniumAutomation\SeleniumSessionNov\src\main\resources
2025-03-16 11:54:13,673 [Worker-29: Building] INFO  o.a.m.s.f.DefaultMavenResourcesFiltering - skip non existing resourceDirectory C:\Users\2155644\eclipse-workspace\SeleniumAutomation\SeleniumSessionNov\src\test\resources
2025-03-16 12:00:56,276 [Worker-30: Building] INFO  o.a.m.s.f.DefaultMavenResourcesFiltering - skip non existing resourceDirectory C:\Users\2155644\eclipse-workspace\SeleniumAutomation\SeleniumSessionNov\src\main\resources
2025-03-16 12:00:56,278 [Worker-30: Building] INFO  o.a.m.s.f.DefaultMavenResourcesFiltering - skip non existing resourceDirectory C:\Users\2155644\eclipse-workspace\SeleniumAutomation\SeleniumSessionNov\src\test\resources
2025-03-16 12:01:33,917 [Worker-30: Building] INFO  o.a.m.s.f.DefaultMavenResourcesFiltering - skip non existing resourceDirectory C:\Users\2155644\eclipse-workspace\SeleniumAutomation\SeleniumSessionNov\src\main\resources
2025-03-16 12:01:33,919 [Worker-30: Building] INFO  o.a.m.s.f.DefaultMavenResourcesFiltering - skip non existing resourceDirectory C:\Users\2155644\eclipse-workspace\SeleniumAutomation\SeleniumSessionNov\src\test\resources
2025-03-16 12:03:00,509 [Worker-36: Building] INFO  o.a.m.s.f.DefaultMavenResourcesFiltering - skip non existing resourceDirectory C:\Users\2155644\eclipse-workspace\SeleniumAutomation\SeleniumSessionNov\src\main\resources
2025-03-16 12:03:00,512 [Worker-36: Building] INFO  o.a.m.s.f.DefaultMavenResourcesFiltering - skip non existing resourceDirectory C:\Users\2155644\eclipse-workspace\SeleniumAutomation\SeleniumSessionNov\src\test\resources
2025-03-16 12:03:32,231 [Worker-38: Building] INFO  o.a.m.s.f.DefaultMavenResourcesFiltering - skip non existing resourceDirectory C:\Users\2155644\eclipse-workspace\SeleniumAutomation\SeleniumSessionNov\src\main\resources
2025-03-16 12:03:32,233 [Worker-38: Building] INFO  o.a.m.s.f.DefaultMavenResourcesFiltering - skip non existing resourceDirectory C:\Users\2155644\eclipse-workspace\SeleniumAutomation\SeleniumSessionNov\src\test\resources
2025-03-16 12:03:45,810 [Worker-35: Building] INFO  o.a.m.s.f.DefaultMavenResourcesFiltering - skip non existing resourceDirectory C:\Users\2155644\eclipse-workspace\SeleniumAutomation\SeleniumSessionNov\src\main\resources
2025-03-16 12:03:45,812 [Worker-35: Building] INFO  o.a.m.s.f.DefaultMavenResourcesFiltering - skip non existing resourceDirectory C:\Users\2155644\eclipse-workspace\SeleniumAutomation\SeleniumSessionNov\src\test\resources
2025-03-16 12:04:09,905 [Worker-39: Building] INFO  o.a.m.s.f.DefaultMavenResourcesFiltering - skip non existing resourceDirectory C:\Users\2155644\eclipse-workspace\SeleniumAutomation\SeleniumSessionNov\src\main\resources
2025-03-16 12:04:09,907 [Worker-39: Building] INFO  o.a.m.s.f.DefaultMavenResourcesFiltering - skip non existing resourceDirectory C:\Users\2155644\eclipse-workspace\SeleniumAutomation\SeleniumSessionNov\src\test\resources
2025-03-16 14:00:04,313 [Worker-36: Building] INFO  o.a.m.s.f.DefaultMavenResourcesFiltering - skip non existing resourceDirectory C:\Users\2155644\eclipse-workspace\SeleniumAutomation\SeleniumSessionNov\src\main\resources
2025-03-16 14:00:04,315 [Worker-36: Building] INFO  o.a.m.s.f.DefaultMavenResourcesFiltering - skip non existing resourceDirectory C:\Users\2155644\eclipse-workspace\SeleniumAutomation\SeleniumSessionNov\src\test\resources
2025-03-16 14:02:12,423 [Worker-36: Building] INFO  o.a.m.s.f.DefaultMavenResourcesFiltering - skip non existing resourceDirectory C:\Users\2155644\eclipse-workspace\SeleniumAutomation\SeleniumSessionNov\src\main\resources
2025-03-16 14:02:12,425 [Worker-36: Building] INFO  o.a.m.s.f.DefaultMavenResourcesFiltering - skip non existing resourceDirectory C:\Users\2155644\eclipse-workspace\SeleniumAutomation\SeleniumSessionNov\src\test\resources
2025-03-16 14:04:32,535 [Worker-43: Building] INFO  o.a.m.s.f.DefaultMavenResourcesFiltering - skip non existing resourceDirectory C:\Users\2155644\eclipse-workspace\SeleniumAutomation\SeleniumSessionNov\src\main\resources
2025-03-16 14:04:32,538 [Worker-43: Building] INFO  o.a.m.s.f.DefaultMavenResourcesFiltering - skip non existing resourceDirectory C:\Users\2155644\eclipse-workspace\SeleniumAutomation\SeleniumSessionNov\src\test\resources
2025-03-16 14:17:16,046 [Worker-45: Building] INFO  o.a.m.s.f.DefaultMavenResourcesFiltering - skip non existing resourceDirectory C:\Users\2155644\eclipse-workspace\SeleniumAutomation\SeleniumSessionNov\src\main\resources
2025-03-16 14:17:16,048 [Worker-45: Building] INFO  o.a.m.s.f.DefaultMavenResourcesFiltering - skip non existing resourceDirectory C:\Users\2155644\eclipse-workspace\SeleniumAutomation\SeleniumSessionNov\src\test\resources
2025-03-16 14:17:40,042 [Worker-45: Building] INFO  o.a.m.s.f.DefaultMavenResourcesFiltering - skip non existing resourceDirectory C:\Users\2155644\eclipse-workspace\SeleniumAutomation\SeleniumSessionNov\src\main\resources
2025-03-16 14:17:40,043 [Worker-45: Building] INFO  o.a.m.s.f.DefaultMavenResourcesFiltering - skip non existing resourceDirectory C:\Users\2155644\eclipse-workspace\SeleniumAutomation\SeleniumSessionNov\src\test\resources
2025-03-16 14:18:13,560 [Worker-49: Building] INFO  o.a.m.s.f.DefaultMavenResourcesFiltering - skip non existing resourceDirectory C:\Users\2155644\eclipse-workspace\SeleniumAutomation\SeleniumSessionNov\src\main\resources
2025-03-16 14:18:13,562 [Worker-49: Building] INFO  o.a.m.s.f.DefaultMavenResourcesFiltering - skip non existing resourceDirectory C:\Users\2155644\eclipse-workspace\SeleniumAutomation\SeleniumSessionNov\src\test\resources
2025-03-16 14:18:38,636 [Worker-47: Building] INFO  o.a.m.s.f.DefaultMavenResourcesFiltering - skip non existing resourceDirectory C:\Users\2155644\eclipse-workspace\SeleniumAutomation\SeleniumSessionNov\src\main\resources
2025-03-16 14:18:38,637 [Worker-47: Building] INFO  o.a.m.s.f.DefaultMavenResourcesFiltering - skip non existing resourceDirectory C:\Users\2155644\eclipse-workspace\SeleniumAutomation\SeleniumSessionNov\src\test\resources
2025-03-16 14:26:17,616 [Worker-36: Building] INFO  o.a.m.s.f.DefaultMavenResourcesFiltering - skip non existing resourceDirectory C:\Users\2155644\eclipse-workspace\SeleniumAutomation\SeleniumSessionNov\src\main\resources
2025-03-16 14:26:17,619 [Worker-36: Building] INFO  o.a.m.s.f.DefaultMavenResourcesFiltering - skip non existing resourceDirectory C:\Users\2155644\eclipse-workspace\SeleniumAutomation\SeleniumSessionNov\src\test\resources
2025-03-16 14:28:54,695 [Worker-53: Building] INFO  o.a.m.s.f.DefaultMavenResourcesFiltering - skip non existing resourceDirectory C:\Users\2155644\eclipse-workspace\SeleniumAutomation\SeleniumSessionNov\src\main\resources
2025-03-16 14:28:54,696 [Worker-53: Building] INFO  o.a.m.s.f.DefaultMavenResourcesFiltering - skip non existing resourceDirectory C:\Users\2155644\eclipse-workspace\SeleniumAutomation\SeleniumSessionNov\src\test\resources
2025-03-16 14:31:43,304 [Worker-53: Building] INFO  o.a.m.s.f.DefaultMavenResourcesFiltering - skip non existing resourceDirectory C:\Users\2155644\eclipse-workspace\SeleniumAutomation\SeleniumSessionNov\src\main\resources
2025-03-16 14:31:43,306 [Worker-53: Building] INFO  o.a.m.s.f.DefaultMavenResourcesFiltering - skip non existing resourceDirectory C:\Users\2155644\eclipse-workspace\SeleniumAutomation\SeleniumSessionNov\src\test\resources
2025-03-16 14:48:26,481 [Worker-57: Building] INFO  o.a.m.s.f.DefaultMavenResourcesFiltering - skip non existing resourceDirectory C:\Users\2155644\eclipse-workspace\SeleniumAutomation\SeleniumSessionNov\src\main\resources
2025-03-16 14:48:26,483 [Worker-57: Building] INFO  o.a.m.s.f.DefaultMavenResourcesFiltering - skip non existing resourceDirectory C:\Users\2155644\eclipse-workspace\SeleniumAutomation\SeleniumSessionNov\src\test\resources
2025-03-16 14:49:00,792 [Worker-56: Building] INFO  o.a.m.s.f.DefaultMavenResourcesFiltering - skip non existing resourceDirectory C:\Users\2155644\eclipse-workspace\SeleniumAutomation\SeleniumSessionNov\src\main\resources
2025-03-16 14:49:00,794 [Worker-56: Building] INFO  o.a.m.s.f.DefaultMavenResourcesFiltering - skip non existing resourceDirectory C:\Users\2155644\eclipse-workspace\SeleniumAutomation\SeleniumSessionNov\src\test\resources
2025-03-16 14:49:47,534 [Worker-57: Building] INFO  o.a.m.s.f.DefaultMavenResourcesFiltering - skip non existing resourceDirectory C:\Users\2155644\eclipse-workspace\SeleniumAutomation\SeleniumSessionNov\src\main\resources
2025-03-16 14:49:47,536 [Worker-57: Building] INFO  o.a.m.s.f.DefaultMavenResourcesFiltering - skip non existing resourceDirectory C:\Users\2155644\eclipse-workspace\SeleniumAutomation\SeleniumSessionNov\src\test\resources
2025-03-16 14:51:31,278 [Worker-56: Building] INFO  o.a.m.s.f.DefaultMavenResourcesFiltering - skip non existing resourceDirectory C:\Users\2155644\eclipse-workspace\SeleniumAutomation\SeleniumSessionNov\src\main\resources
2025-03-16 14:51:31,279 [Worker-56: Building] INFO  o.a.m.s.f.DefaultMavenResourcesFiltering - skip non existing resourceDirectory C:\Users\2155644\eclipse-workspace\SeleniumAutomation\SeleniumSessionNov\src\test\resources
2025-03-16 14:53:37,146 [Worker-56: Building] INFO  o.a.m.s.f.DefaultMavenResourcesFiltering - skip non existing resourceDirectory C:\Users\2155644\eclipse-workspace\SeleniumAutomation\SeleniumSessionNov\src\main\resources
2025-03-16 14:53:37,147 [Worker-56: Building] INFO  o.a.m.s.f.DefaultMavenResourcesFiltering - skip non existing resourceDirectory C:\Users\2155644\eclipse-workspace\SeleniumAutomation\SeleniumSessionNov\src\test\resources
2025-03-16 14:55:14,264 [Worker-60: Building] INFO  o.a.m.s.f.DefaultMavenResourcesFiltering - skip non existing resourceDirectory C:\Users\2155644\eclipse-workspace\SeleniumAutomation\SeleniumSessionNov\src\main\resources
2025-03-16 14:55:14,267 [Worker-60: Building] INFO  o.a.m.s.f.DefaultMavenResourcesFiltering - skip non existing resourceDirectory C:\Users\2155644\eclipse-workspace\SeleniumAutomation\SeleniumSessionNov\src\test\resources
2025-03-16 15:00:07,782 [Worker-59: Building] INFO  o.a.m.s.f.DefaultMavenResourcesFiltering - skip non existing resourceDirectory C:\Users\2155644\eclipse-workspace\SeleniumAutomation\SeleniumSessionNov\src\main\resources
2025-03-16 15:00:07,784 [Worker-59: Building] INFO  o.a.m.s.f.DefaultMavenResourcesFiltering - skip non existing resourceDirectory C:\Users\2155644\eclipse-workspace\SeleniumAutomation\SeleniumSessionNov\src\test\resources
2025-03-16 15:00:40,533 [Worker-62: Building] INFO  o.a.m.s.f.DefaultMavenResourcesFiltering - skip non existing resourceDirectory C:\Users\2155644\eclipse-workspace\SeleniumAutomation\SeleniumSessionNov\src\main\resources
2025-03-16 15:00:40,535 [Worker-62: Building] INFO  o.a.m.s.f.DefaultMavenResourcesFiltering - skip non existing resourceDirectory C:\Users\2155644\eclipse-workspace\SeleniumAutomation\SeleniumSessionNov\src\test\resources
2025-03-16 15:02:17,510 [Worker-59: Building] INFO  o.a.m.s.f.DefaultMavenResourcesFiltering - skip non existing resourceDirectory C:\Users\2155644\eclipse-workspace\SeleniumAutomation\SeleniumSessionNov\src\main\resources
2025-03-16 15:02:17,512 [Worker-59: Building] INFO  o.a.m.s.f.DefaultMavenResourcesFiltering - skip non existing resourceDirectory C:\Users\2155644\eclipse-workspace\SeleniumAutomation\SeleniumSessionNov\src\test\resources
2025-03-16 15:02:22,520 [Worker-60: Building] INFO  o.a.m.s.f.DefaultMavenResourcesFiltering - skip non existing resourceDirectory C:\Users\2155644\eclipse-workspace\SeleniumAutomation\SeleniumSessionNov\src\main\resources
2025-03-16 15:02:22,521 [Worker-60: Building] INFO  o.a.m.s.f.DefaultMavenResourcesFiltering - skip non existing resourceDirectory C:\Users\2155644\eclipse-workspace\SeleniumAutomation\SeleniumSessionNov\src\test\resources
2025-03-16 15:02:31,453 [Worker-64: Building] INFO  o.a.m.s.f.DefaultMavenResourcesFiltering - skip non existing resourceDirectory C:\Users\2155644\eclipse-workspace\SeleniumAutomation\SeleniumSessionNov\src\main\resources
2025-03-16 15:02:31,455 [Worker-64: Building] INFO  o.a.m.s.f.DefaultMavenResourcesFiltering - skip non existing resourceDirectory C:\Users\2155644\eclipse-workspace\SeleniumAutomation\SeleniumSessionNov\src\test\resources
2025-03-16 16:00:23,204 [Worker-59: Building] INFO  o.a.m.s.f.DefaultMavenResourcesFiltering - skip non existing resourceDirectory C:\Users\2155644\eclipse-workspace\SeleniumAutomation\SeleniumSessionNov\src\main\resources
2025-03-16 16:00:23,206 [Worker-59: Building] INFO  o.a.m.s.f.DefaultMavenResourcesFiltering - skip non existing resourceDirectory C:\Users\2155644\eclipse-workspace\SeleniumAutomation\SeleniumSessionNov\src\test\resources
2025-03-16 16:00:42,612 [Worker-67: Building] INFO  o.a.m.s.f.DefaultMavenResourcesFiltering - skip non existing resourceDirectory C:\Users\2155644\eclipse-workspace\SeleniumAutomation\SeleniumSessionNov\src\main\resources
2025-03-16 16:00:42,613 [Worker-67: Building] INFO  o.a.m.s.f.DefaultMavenResourcesFiltering - skip non existing resourceDirectory C:\Users\2155644\eclipse-workspace\SeleniumAutomation\SeleniumSessionNov\src\test\resources
2025-03-16 16:15:01,643 [Worker-59: Building] INFO  o.a.m.s.f.DefaultMavenResourcesFiltering - skip non existing resourceDirectory C:\Users\2155644\eclipse-workspace\SeleniumAutomation\SeleniumSessionNov\src\main\resources
2025-03-16 16:15:01,644 [Worker-59: Building] INFO  o.a.m.s.f.DefaultMavenResourcesFiltering - skip non existing resourceDirectory C:\Users\2155644\eclipse-workspace\SeleniumAutomation\SeleniumSessionNov\src\test\resources
2025-03-16 16:18:17,391 [Worker-70: Building] INFO  o.a.m.s.f.DefaultMavenResourcesFiltering - skip non existing resourceDirectory C:\Users\2155644\eclipse-workspace\SeleniumAutomation\SeleniumSessionNov\src\main\resources
2025-03-16 16:18:17,393 [Worker-70: Building] INFO  o.a.m.s.f.DefaultMavenResourcesFiltering - skip non existing resourceDirectory C:\Users\2155644\eclipse-workspace\SeleniumAutomation\SeleniumSessionNov\src\test\resources
2025-03-16 16:21:14,619 [Worker-70: Building] INFO  o.a.m.s.f.DefaultMavenResourcesFiltering - skip non existing resourceDirectory C:\Users\2155644\eclipse-workspace\SeleniumAutomation\SeleniumSessionNov\src\main\resources
2025-03-16 16:21:14,620 [Worker-70: Building] INFO  o.a.m.s.f.DefaultMavenResourcesFiltering - skip non existing resourceDirectory C:\Users\2155644\eclipse-workspace\SeleniumAutomation\SeleniumSessionNov\src\test\resources
2025-03-16 16:22:15,718 [Worker-67: Building] INFO  o.a.m.s.f.DefaultMavenResourcesFiltering - skip non existing resourceDirectory C:\Users\2155644\eclipse-workspace\SeleniumAutomation\SeleniumSessionNov\src\main\resources
2025-03-16 16:22:15,719 [Worker-67: Building] INFO  o.a.m.s.f.DefaultMavenResourcesFiltering - skip non existing resourceDirectory C:\Users\2155644\eclipse-workspace\SeleniumAutomation\SeleniumSessionNov\src\test\resources
2025-03-16 16:22:47,804 [Worker-72: Building] INFO  o.a.m.s.f.DefaultMavenResourcesFiltering - skip non existing resourceDirectory C:\Users\2155644\eclipse-workspace\SeleniumAutomation\SeleniumSessionNov\src\main\resources
2025-03-16 16:22:47,805 [Worker-72: Building] INFO  o.a.m.s.f.DefaultMavenResourcesFiltering - skip non existing resourceDirectory C:\Users\2155644\eclipse-workspace\SeleniumAutomation\SeleniumSessionNov\src\test\resources
2025-03-16 16:23:57,996 [Worker-74: Building] INFO  o.a.m.s.f.DefaultMavenResourcesFiltering - skip non existing resourceDirectory C:\Users\2155644\eclipse-workspace\SeleniumAutomation\SeleniumSessionNov\src\main\resources
2025-03-16 16:23:57,998 [Worker-74: Building] INFO  o.a.m.s.f.DefaultMavenResourcesFiltering - skip non existing resourceDirectory C:\Users\2155644\eclipse-workspace\SeleniumAutomation\SeleniumSessionNov\src\test\resources
2025-03-16 16:24:16,555 [Worker-74: Building] INFO  o.a.m.s.f.DefaultMavenResourcesFiltering - skip non existing resourceDirectory C:\Users\2155644\eclipse-workspace\SeleniumAutomation\SeleniumSessionNov\src\main\resources
2025-03-16 16:24:16,556 [Worker-74: Building] INFO  o.a.m.s.f.DefaultMavenResourcesFiltering - skip non existing resourceDirectory C:\Users\2155644\eclipse-workspace\SeleniumAutomation\SeleniumSessionNov\src\test\resources
2025-03-16 16:28:58,336 [Worker-74: Building] INFO  o.a.m.s.f.DefaultMavenResourcesFiltering - skip non existing resourceDirectory C:\Users\2155644\eclipse-workspace\SeleniumAutomation\SeleniumSessionNov\src\main\resources
2025-03-16 16:28:58,338 [Worker-74: Building] INFO  o.a.m.s.f.DefaultMavenResourcesFiltering - skip non existing resourceDirectory C:\Users\2155644\eclipse-workspace\SeleniumAutomation\SeleniumSessionNov\src\test\resources
2025-03-16 16:31:02,994 [Worker-74: Building] INFO  o.a.m.s.f.DefaultMavenResourcesFiltering - skip non existing resourceDirectory C:\Users\2155644\eclipse-workspace\SeleniumAutomation\SeleniumSessionNov\src\main\resources
2025-03-16 16:31:02,995 [Worker-74: Building] INFO  o.a.m.s.f.DefaultMavenResourcesFiltering - skip non existing resourceDirectory C:\Users\2155644\eclipse-workspace\SeleniumAutomation\SeleniumSessionNov\src\test\resources
2025-03-16 16:34:13,050 [Worker-79: Building] INFO  o.a.m.s.f.DefaultMavenResourcesFiltering - skip non existing resourceDirectory C:\Users\2155644\eclipse-workspace\SeleniumAutomation\SeleniumSessionNov\src\main\resources
2025-03-16 16:34:13,052 [Worker-79: Building] INFO  o.a.m.s.f.DefaultMavenResourcesFiltering - skip non existing resourceDirectory C:\Users\2155644\eclipse-workspace\SeleniumAutomation\SeleniumSessionNov\src\test\resources
2025-03-16 22:34:09,269 [Worker-86: Building] INFO  o.a.m.s.f.DefaultMavenResourcesFiltering - skip non existing resourceDirectory C:\Users\2155644\eclipse-workspace\SeleniumAutomation\SeleniumSessionNov\src\main\resources
2025-03-16 22:34:09,271 [Worker-86: Building] INFO  o.a.m.s.f.DefaultMavenResourcesFiltering - skip non existing resourceDirectory C:\Users\2155644\eclipse-workspace\SeleniumAutomation\SeleniumSessionNov\src\test\resources
2025-03-16 22:34:31,580 [Worker-84: Building] INFO  o.a.m.s.f.DefaultMavenResourcesFiltering - skip non existing resourceDirectory C:\Users\2155644\eclipse-workspace\SeleniumAutomation\SeleniumSessionNov\src\main\resources
2025-03-16 22:34:31,581 [Worker-84: Building] INFO  o.a.m.s.f.DefaultMavenResourcesFiltering - skip non existing resourceDirectory C:\Users\2155644\eclipse-workspace\SeleniumAutomation\SeleniumSessionNov\src\test\resources
2025-03-16 22:44:00,329 [Worker-86: Building] INFO  o.a.m.s.f.DefaultMavenResourcesFiltering - skip non existing resourceDirectory C:\Users\2155644\eclipse-workspace\SeleniumAutomation\SeleniumSessionNov\src\main\resources
2025-03-16 22:44:00,331 [Worker-86: Building] INFO  o.a.m.s.f.DefaultMavenResourcesFiltering - skip non existing resourceDirectory C:\Users\2155644\eclipse-workspace\SeleniumAutomation\SeleniumSessionNov\src\test\resources
2025-03-16 22:44:56,025 [Worker-87: Building] INFO  o.a.m.s.f.DefaultMavenResourcesFiltering - skip non existing resourceDirectory C:\Users\2155644\eclipse-workspace\SeleniumAutomation\SeleniumSessionNov\src\main\resources
2025-03-16 22:44:56,027 [Worker-87: Building] INFO  o.a.m.s.f.DefaultMavenResourcesFiltering - skip non existing resourceDirectory C:\Users\2155644\eclipse-workspace\SeleniumAutomation\SeleniumSessionNov\src\test\resources
2025-03-16 22:45:31,429 [Worker-88: Building] INFO  o.a.m.s.f.DefaultMavenResourcesFiltering - skip non existing resourceDirectory C:\Users\2155644\eclipse-workspace\SeleniumAutomation\SeleniumSessionNov\src\main\resources
2025-03-16 22:45:31,431 [Worker-88: Building] INFO  o.a.m.s.f.DefaultMavenResourcesFiltering - skip non existing resourceDirectory C:\Users\2155644\eclipse-workspace\SeleniumAutomation\SeleniumSessionNov\src\test\resources
2025-03-17 10:40:21,683 [Worker-122: Building] INFO  o.a.m.s.f.DefaultMavenResourcesFiltering - skip non existing resourceDirectory C:\Users\2155644\eclipse-workspace\SeleniumAutomation\SeleniumSessionNov\src\main\resources
2025-03-17 10:40:21,687 [Worker-122: Building] INFO  o.a.m.s.f.DefaultMavenResourcesFiltering - skip non existing resourceDirectory C:\Users\2155644\eclipse-workspace\SeleniumAutomation\SeleniumSessionNov\src\test\resources
2025-03-17 11:11:51,651 [Worker-126: Building] INFO  o.a.m.s.f.DefaultMavenResourcesFiltering - skip non existing resourceDirectory C:\Users\2155644\eclipse-workspace\SeleniumAutomation\SeleniumSessionNov\src\main\resources
2025-03-17 11:11:51,653 [Worker-126: Building] INFO  o.a.m.s.f.DefaultMavenResourcesFiltering - skip non existing resourceDirectory C:\Users\2155644\eclipse-workspace\SeleniumAutomation\SeleniumSessionNov\src\test\resources
2025-03-17 11:14:09,956 [Worker-125: Building] INFO  o.a.m.s.f.DefaultMavenResourcesFiltering - skip non existing resourceDirectory C:\Users\2155644\eclipse-workspace\SeleniumAutomation\SeleniumSessionNov\src\main\resources
2025-03-17 11:14:09,958 [Worker-125: Building] INFO  o.a.m.s.f.DefaultMavenResourcesFiltering - skip non existing resourceDirectory C:\Users\2155644\eclipse-workspace\SeleniumAutomation\SeleniumSessionNov\src\test\resources
2025-03-17 11:17:00,297 [Worker-129: Building] INFO  o.a.m.s.f.DefaultMavenResourcesFiltering - skip non existing resourceDirectory C:\Users\2155644\eclipse-workspace\SeleniumAutomation\SeleniumSessionNov\src\main\resources
2025-03-17 11:17:00,300 [Worker-129: Building] INFO  o.a.m.s.f.DefaultMavenResourcesFiltering - skip non existing resourceDirectory C:\Users\2155644\eclipse-workspace\SeleniumAutomation\SeleniumSessionNov\src\test\resources
2025-03-17 11:19:18,202 [Worker-127: Building] INFO  o.a.m.s.f.DefaultMavenResourcesFiltering - skip non existing resourceDirectory C:\Users\2155644\eclipse-workspace\SeleniumAutomation\SeleniumSessionNov\src\main\resources
2025-03-17 11:19:18,203 [Worker-127: Building] INFO  o.a.m.s.f.DefaultMavenResourcesFiltering - skip non existing resourceDirectory C:\Users\2155644\eclipse-workspace\SeleniumAutomation\SeleniumSessionNov\src\test\resources
2025-03-17 11:41:47,734 [Worker-135: Building] INFO  o.a.m.s.f.DefaultMavenResourcesFiltering - skip non existing resourceDirectory C:\Users\2155644\eclipse-workspace\SeleniumAutomation\SeleniumSessionNov\src\main\resources
2025-03-17 11:41:47,736 [Worker-135: Building] INFO  o.a.m.s.f.DefaultMavenResourcesFiltering - skip non existing resourceDirectory C:\Users\2155644\eclipse-workspace\SeleniumAutomation\SeleniumSessionNov\src\test\resources
2025-03-17 15:54:44,577 [Worker-134: Building] INFO  o.a.m.s.f.DefaultMavenResourcesFiltering - skip non existing resourceDirectory C:\Users\2155644\eclipse-workspace\SeleniumAutomation\SeleniumSessionNov\src\main\resources
2025-03-17 15:54:44,581 [Worker-134: Building] INFO  o.a.m.s.f.DefaultMavenResourcesFiltering - skip non existing resourceDirectory C:\Users\2155644\eclipse-workspace\SeleniumAutomation\SeleniumSessionNov\src\test\resources
2025-03-17 15:57:39,150 [Worker-143: Building] INFO  o.a.m.s.f.DefaultMavenResourcesFiltering - skip non existing resourceDirectory C:\Users\2155644\eclipse-workspace\SeleniumAutomation\SeleniumSessionNov\src\main\resources
2025-03-17 15:57:39,152 [Worker-143: Building] INFO  o.a.m.s.f.DefaultMavenResourcesFiltering - skip non existing resourceDirectory C:\Users\2155644\eclipse-workspace\SeleniumAutomation\SeleniumSessionNov\src\test\resources
2025-03-17 16:00:24,259 [Worker-134: Building] INFO  o.a.m.s.f.DefaultMavenResourcesFiltering - skip non existing resourceDirectory C:\Users\2155644\eclipse-workspace\SeleniumAutomation\SeleniumSessionNov\src\main\resources
2025-03-17 16:00:24,262 [Worker-134: Building] INFO  o.a.m.s.f.DefaultMavenResourcesFiltering - skip non existing resourceDirectory C:\Users\2155644\eclipse-workspace\SeleniumAutomation\SeleniumSessionNov\src\test\resources
2025-03-17 16:02:12,487 [Worker-149: Building] INFO  o.a.m.s.f.DefaultMavenResourcesFiltering - skip non existing resourceDirectory C:\Users\2155644\eclipse-workspace\SeleniumAutomation\SeleniumSessionNov\src\main\resources
2025-03-17 16:02:12,489 [Worker-149: Building] INFO  o.a.m.s.f.DefaultMavenResourcesFiltering - skip non existing resourceDirectory C:\Users\2155644\eclipse-workspace\SeleniumAutomation\SeleniumSessionNov\src\test\resources
2025-03-17 16:02:42,719 [Worker-143: Building] INFO  o.a.m.s.f.DefaultMavenResourcesFiltering - skip non existing resourceDirectory C:\Users\2155644\eclipse-workspace\SeleniumAutomation\SeleniumSessionNov\src\main\resources
2025-03-17 16:02:42,722 [Worker-143: Building] INFO  o.a.m.s.f.DefaultMavenResourcesFiltering - skip non existing resourceDirectory C:\Users\2155644\eclipse-workspace\SeleniumAutomation\SeleniumSessionNov\src\test\resources
2025-03-17 16:04:18,511 [Worker-148: Building] INFO  o.a.m.s.f.DefaultMavenResourcesFiltering - skip non existing resourceDirectory C:\Users\2155644\eclipse-workspace\SeleniumAutomation\SeleniumSessionNov\src\main\resources
2025-03-17 16:04:18,513 [Worker-148: Building] INFO  o.a.m.s.f.DefaultMavenResourcesFiltering - skip non existing resourceDirectory C:\Users\2155644\eclipse-workspace\SeleniumAutomation\SeleniumSessionNov\src\test\resources
2025-03-17 16:06:29,367 [Worker-143: Building] INFO  o.a.m.s.f.DefaultMavenResourcesFiltering - skip non existing resourceDirectory C:\Users\2155644\eclipse-workspace\SeleniumAutomation\SeleniumSessionNov\src\main\resources
2025-03-17 16:06:29,369 [Worker-143: Building] INFO  o.a.m.s.f.DefaultMavenResourcesFiltering - skip non existing resourceDirectory C:\Users\2155644\eclipse-workspace\SeleniumAutomation\SeleniumSessionNov\src\test\resources
2025-03-17 16:06:56,586 [Worker-149: Building] INFO  o.a.m.s.f.DefaultMavenResourcesFiltering - skip non existing resourceDirectory C:\Users\2155644\eclipse-workspace\SeleniumAutomation\SeleniumSessionNov\src\main\resources
2025-03-17 16:06:56,587 [Worker-149: Building] INFO  o.a.m.s.f.DefaultMavenResourcesFiltering - skip non existing resourceDirectory C:\Users\2155644\eclipse-workspace\SeleniumAutomation\SeleniumSessionNov\src\test\resources
2025-03-17 16:07:16,485 [Worker-143: Building] INFO  o.a.m.s.f.DefaultMavenResourcesFiltering - skip non existing resourceDirectory C:\Users\2155644\eclipse-workspace\SeleniumAutomation\SeleniumSessionNov\src\main\resources
2025-03-17 16:07:16,486 [Worker-143: Building] INFO  o.a.m.s.f.DefaultMavenResourcesFiltering - skip non existing resourceDirectory C:\Users\2155644\eclipse-workspace\SeleniumAutomation\SeleniumSessionNov\src\test\resources
2025-03-17 16:09:19,282 [Worker-147: Building] INFO  o.a.m.s.f.DefaultMavenResourcesFiltering - skip non existing resourceDirectory C:\Users\2155644\eclipse-workspace\SeleniumAutomation\SeleniumSessionNov\src\main\resources
2025-03-17 16:09:19,284 [Worker-147: Building] INFO  o.a.m.s.f.DefaultMavenResourcesFiltering - skip non existing resourceDirectory C:\Users\2155644\eclipse-workspace\SeleniumAutomation\SeleniumSessionNov\src\test\resources
2025-03-17 16:09:25,486 [Worker-148: Building] INFO  o.a.m.s.f.DefaultMavenResourcesFiltering - skip non existing resourceDirectory C:\Users\2155644\eclipse-workspace\SeleniumAutomation\SeleniumSessionNov\src\main\resources
2025-03-17 16:09:25,488 [Worker-148: Building] INFO  o.a.m.s.f.DefaultMavenResourcesFiltering - skip non existing resourceDirectory C:\Users\2155644\eclipse-workspace\SeleniumAutomation\SeleniumSessionNov\src\test\resources
2025-03-17 16:09:47,069 [Worker-150: Building] INFO  o.a.m.s.f.DefaultMavenResourcesFiltering - skip non existing resourceDirectory C:\Users\2155644\eclipse-workspace\SeleniumAutomation\SeleniumSessionNov\src\main\resources
2025-03-17 16:09:47,072 [Worker-150: Building] INFO  o.a.m.s.f.DefaultMavenResourcesFiltering - skip non existing resourceDirectory C:\Users\2155644\eclipse-workspace\SeleniumAutomation\SeleniumSessionNov\src\test\resources
2025-03-17 16:14:07,330 [Worker-153: Building] INFO  o.a.m.s.f.DefaultMavenResourcesFiltering - skip non existing resourceDirectory C:\Users\2155644\eclipse-workspace\SeleniumAutomation\SeleniumSessionNov\src\main\resources
2025-03-17 16:14:07,332 [Worker-153: Building] INFO  o.a.m.s.f.DefaultMavenResourcesFiltering - skip non existing resourceDirectory C:\Users\2155644\eclipse-workspace\SeleniumAutomation\SeleniumSessionNov\src\test\resources
2025-03-17 16:43:10,083 [Worker-145: Building] INFO  o.a.m.s.f.DefaultMavenResourcesFiltering - skip non existing resourceDirectory C:\Users\2155644\eclipse-workspace\SeleniumAutomation\SeleniumSessionNov\src\main\resources
2025-03-17 16:43:10,085 [Worker-145: Building] INFO  o.a.m.s.f.DefaultMavenResourcesFiltering - skip non existing resourceDirectory C:\Users\2155644\eclipse-workspace\SeleniumAutomation\SeleniumSessionNov\src\test\resources
2025-03-17 16:43:40,077 [Worker-155: Building] INFO  o.a.m.s.f.DefaultMavenResourcesFiltering - skip non existing resourceDirectory C:\Users\2155644\eclipse-workspace\SeleniumAutomation\SeleniumSessionNov\src\main\resources
2025-03-17 16:43:40,079 [Worker-155: Building] INFO  o.a.m.s.f.DefaultMavenResourcesFiltering - skip non existing resourceDirectory C:\Users\2155644\eclipse-workspace\SeleniumAutomation\SeleniumSessionNov\src\test\resources
2025-03-17 16:44:42,409 [Worker-155: Building] INFO  o.a.m.s.f.DefaultMavenResourcesFiltering - skip non existing resourceDirectory C:\Users\2155644\eclipse-workspace\SeleniumAutomation\SeleniumSessionNov\src\main\resources
2025-03-17 16:44:42,411 [Worker-155: Building] INFO  o.a.m.s.f.DefaultMavenResourcesFiltering - skip non existing resourceDirectory C:\Users\2155644\eclipse-workspace\SeleniumAutomation\SeleniumSessionNov\src\test\resources
2025-03-17 16:46:26,431 [Worker-155: Building] INFO  o.a.m.s.f.DefaultMavenResourcesFiltering - skip non existing resourceDirectory C:\Users\2155644\eclipse-workspace\SeleniumAutomation\SeleniumSessionNov\src\main\resources
2025-03-17 16:46:26,433 [Worker-155: Building] INFO  o.a.m.s.f.DefaultMavenResourcesFiltering - skip non existing resourceDirectory C:\Users\2155644\eclipse-workspace\SeleniumAutomation\SeleniumSessionNov\src\test\resources
2025-03-17 16:46:59,299 [Worker-155: Building] INFO  o.a.m.s.f.DefaultMavenResourcesFiltering - skip non existing resourceDirectory C:\Users\2155644\eclipse-workspace\SeleniumAutomation\SeleniumSessionNov\src\main\resources
2025-03-17 16:46:59,301 [Worker-155: Building] INFO  o.a.m.s.f.DefaultMavenResourcesFiltering - skip non existing resourceDirectory C:\Users\2155644\eclipse-workspace\SeleniumAutomation\SeleniumSessionNov\src\test\resources
2025-03-17 16:48:02,428 [Worker-157: Building] INFO  o.a.m.s.f.DefaultMavenResourcesFiltering - skip non existing resourceDirectory C:\Users\2155644\eclipse-workspace\SeleniumAutomation\SeleniumSessionNov\src\main\resources
2025-03-17 16:48:02,429 [Worker-157: Building] INFO  o.a.m.s.f.DefaultMavenResourcesFiltering - skip non existing resourceDirectory C:\Users\2155644\eclipse-workspace\SeleniumAutomation\SeleniumSessionNov\src\test\resources
2025-03-17 16:48:39,969 [Worker-152: Building] INFO  o.a.m.s.f.DefaultMavenResourcesFiltering - skip non existing resourceDirectory C:\Users\2155644\eclipse-workspace\SeleniumAutomation\SeleniumSessionNov\src\main\resources
2025-03-17 16:48:39,971 [Worker-152: Building] INFO  o.a.m.s.f.DefaultMavenResourcesFiltering - skip non existing resourceDirectory C:\Users\2155644\eclipse-workspace\SeleniumAutomation\SeleniumSessionNov\src\test\resources
2025-03-17 16:55:37,871 [Worker-158: Building] INFO  o.a.m.s.f.DefaultMavenResourcesFiltering - skip non existing resourceDirectory C:\Users\2155644\eclipse-workspace\SeleniumAutomation\SeleniumSessionNov\src\main\resources
2025-03-17 16:55:37,872 [Worker-158: Building] INFO  o.a.m.s.f.DefaultMavenResourcesFiltering - skip non existing resourceDirectory C:\Users\2155644\eclipse-workspace\SeleniumAutomation\SeleniumSessionNov\src\test\resources
2025-03-17 16:56:59,767 [Worker-160: Building] INFO  o.a.m.s.f.DefaultMavenResourcesFiltering - skip non existing resourceDirectory C:\Users\2155644\eclipse-workspace\SeleniumAutomation\SeleniumSessionNov\src\main\resources
2025-03-17 16:56:59,768 [Worker-160: Building] INFO  o.a.m.s.f.DefaultMavenResourcesFiltering - skip non existing resourceDirectory C:\Users\2155644\eclipse-workspace\SeleniumAutomation\SeleniumSessionNov\src\test\resources
2025-03-17 16:57:14,626 [Worker-158: Building] INFO  o.a.m.s.f.DefaultMavenResourcesFiltering - skip non existing resourceDirectory C:\Users\2155644\eclipse-workspace\SeleniumAutomation\SeleniumSessionNov\src\main\resources
2025-03-17 16:57:14,627 [Worker-158: Building] INFO  o.a.m.s.f.DefaultMavenResourcesFiltering - skip non existing resourceDirectory C:\Users\2155644\eclipse-workspace\SeleniumAutomation\SeleniumSessionNov\src\test\resources
2025-03-17 17:06:46,710 [Worker-164: Building] INFO  o.a.m.s.f.DefaultMavenResourcesFiltering - skip non existing resourceDirectory C:\Users\2155644\eclipse-workspace\SeleniumAutomation\SeleniumSessionNov\src\main\resources
2025-03-17 17:06:46,712 [Worker-164: Building] INFO  o.a.m.s.f.DefaultMavenResourcesFiltering - skip non existing resourceDirectory C:\Users\2155644\eclipse-workspace\SeleniumAutomation\SeleniumSessionNov\src\test\resources
2025-03-17 17:44:03,463 [Worker-163: Building] INFO  o.a.m.s.f.DefaultMavenResourcesFiltering - skip non existing resourceDirectory C:\Users\2155644\eclipse-workspace\SeleniumAutomation\SeleniumSessionNov\src\main\resources
2025-03-17 17:44:03,463 [Worker-163: Building] INFO  o.a.m.s.f.DefaultMavenResourcesFiltering - skip non existing resourceDirectory C:\Users\2155644\eclipse-workspace\SeleniumAutomation\SeleniumSessionNov\src\test\resources
2025-03-17 18:41:40,153 [Worker-168: Building] INFO  o.a.m.s.f.DefaultMavenResourcesFiltering - skip non existing resourceDirectory C:\Users\2155644\eclipse-workspace\SeleniumAutomation\SeleniumSessionNov\src\main\resources
2025-03-17 18:41:40,157 [Worker-168: Building] INFO  o.a.m.s.f.DefaultMavenResourcesFiltering - skip non existing resourceDirectory C:\Users\2155644\eclipse-workspace\SeleniumAutomation\SeleniumSessionNov\src\test\resources
2025-03-17 18:43:36,941 [Worker-168: Building] INFO  o.a.m.s.f.DefaultMavenResourcesFiltering - skip non existing resourceDirectory C:\Users\2155644\eclipse-workspace\SeleniumAutomation\SeleniumSessionNov\src\main\resources
2025-03-17 18:43:36,942 [Worker-168: Building] INFO  o.a.m.s.f.DefaultMavenResourcesFiltering - skip non existing resourceDirectory C:\Users\2155644\eclipse-workspace\SeleniumAutomation\SeleniumSessionNov\src\test\resources
2025-03-17 18:44:00,428 [Worker-169: Building] INFO  o.a.m.s.f.DefaultMavenResourcesFiltering - skip non existing resourceDirectory C:\Users\2155644\eclipse-workspace\SeleniumAutomation\SeleniumSessionNov\src\main\resources
2025-03-17 18:44:00,429 [Worker-169: Building] INFO  o.a.m.s.f.DefaultMavenResourcesFiltering - skip non existing resourceDirectory C:\Users\2155644\eclipse-workspace\SeleniumAutomation\SeleniumSessionNov\src\test\resources
2025-03-17 18:44:23,031 [Worker-168: Building] INFO  o.a.m.s.f.DefaultMavenResourcesFiltering - skip non existing resourceDirectory C:\Users\2155644\eclipse-workspace\SeleniumAutomation\SeleniumSessionNov\src\main\resources
2025-03-17 18:44:23,032 [Worker-168: Building] INFO  o.a.m.s.f.DefaultMavenResourcesFiltering - skip non existing resourceDirectory C:\Users\2155644\eclipse-workspace\SeleniumAutomation\SeleniumSessionNov\src\test\resources
2025-03-17 18:45:37,277 [Worker-164: Building] INFO  o.a.m.s.f.DefaultMavenResourcesFiltering - skip non existing resourceDirectory C:\Users\2155644\eclipse-workspace\SeleniumAutomation\SeleniumSessionNov\src\main\resources
2025-03-17 18:45:37,278 [Worker-164: Building] INFO  o.a.m.s.f.DefaultMavenResourcesFiltering - skip non existing resourceDirectory C:\Users\2155644\eclipse-workspace\SeleniumAutomation\SeleniumSessionNov\src\test\resources
2025-03-17 18:49:51,714 [Worker-170: Building] INFO  o.a.m.s.f.DefaultMavenResourcesFiltering - skip non existing resourceDirectory C:\Users\2155644\eclipse-workspace\SeleniumAutomation\SeleniumSessionNov\src\main\resources
2025-03-17 18:49:51,716 [Worker-170: Building] INFO  o.a.m.s.f.DefaultMavenResourcesFiltering - skip non existing resourceDirectory C:\Users\2155644\eclipse-workspace\SeleniumAutomation\SeleniumSessionNov\src\test\resources
2025-03-17 18:50:37,146 [Worker-169: Building] INFO  o.a.m.s.f.DefaultMavenResourcesFiltering - skip non existing resourceDirectory C:\Users\2155644\eclipse-workspace\SeleniumAutomation\SeleniumSessionNov\src\main\resources
2025-03-17 18:50:37,147 [Worker-169: Building] INFO  o.a.m.s.f.DefaultMavenResourcesFiltering - skip non existing resourceDirectory C:\Users\2155644\eclipse-workspace\SeleniumAutomation\SeleniumSessionNov\src\test\resources
2025-03-17 18:50:57,363 [Worker-170: Building] INFO  o.a.m.s.f.DefaultMavenResourcesFiltering - skip non existing resourceDirectory C:\Users\2155644\eclipse-workspace\SeleniumAutomation\SeleniumSessionNov\src\main\resources
2025-03-17 18:50:57,365 [Worker-170: Building] INFO  o.a.m.s.f.DefaultMavenResourcesFiltering - skip non existing resourceDirectory C:\Users\2155644\eclipse-workspace\SeleniumAutomation\SeleniumSessionNov\src\test\resources
2025-03-17 18:51:18,379 [Worker-172: Building] INFO  o.a.m.s.f.DefaultMavenResourcesFiltering - skip non existing resourceDirectory C:\Users\2155644\eclipse-workspace\SeleniumAutomation\SeleniumSessionNov\src\main\resources
2025-03-17 18:51:18,380 [Worker-172: Building] INFO  o.a.m.s.f.DefaultMavenResourcesFiltering - skip non existing resourceDirectory C:\Users\2155644\eclipse-workspace\SeleniumAutomation\SeleniumSessionNov\src\test\resources
2025-03-17 18:52:11,369 [Worker-170: Building] INFO  o.a.m.s.f.DefaultMavenResourcesFiltering - skip non existing resourceDirectory C:\Users\2155644\eclipse-workspace\SeleniumAutomation\SeleniumSessionNov\src\main\resources
2025-03-17 18:52:11,371 [Worker-170: Building] INFO  o.a.m.s.f.DefaultMavenResourcesFiltering - skip non existing resourceDirectory C:\Users\2155644\eclipse-workspace\SeleniumAutomation\SeleniumSessionNov\src\test\resources
2025-03-17 18:53:03,806 [Worker-171: Building] INFO  o.a.m.s.f.DefaultMavenResourcesFiltering - skip non existing resourceDirectory C:\Users\2155644\eclipse-workspace\SeleniumAutomation\SeleniumSessionNov\src\main\resources
2025-03-17 18:53:03,807 [Worker-171: Building] INFO  o.a.m.s.f.DefaultMavenResourcesFiltering - skip non existing resourceDirectory C:\Users\2155644\eclipse-workspace\SeleniumAutomation\SeleniumSessionNov\src\test\resources
2025-03-17 18:53:46,333 [Worker-169: Building] INFO  o.a.m.s.f.DefaultMavenResourcesFiltering - skip non existing resourceDirectory C:\Users\2155644\eclipse-workspace\SeleniumAutomation\SeleniumSessionNov\src\main\resources
2025-03-17 18:53:46,335 [Worker-169: Building] INFO  o.a.m.s.f.DefaultMavenResourcesFiltering - skip non existing resourceDirectory C:\Users\2155644\eclipse-workspace\SeleniumAutomation\SeleniumSessionNov\src\test\resources
2025-03-17 21:53:26,651 [Worker-176: Building] INFO  o.a.m.s.f.DefaultMavenResourcesFiltering - skip non existing resourceDirectory C:\Users\2155644\eclipse-workspace\SeleniumAutomation\SeleniumSessionNov\src\main\resources
2025-03-17 21:53:26,654 [Worker-176: Building] INFO  o.a.m.s.f.DefaultMavenResourcesFiltering - skip non existing resourceDirectory C:\Users\2155644\eclipse-workspace\SeleniumAutomation\SeleniumSessionNov\src\test\resources
2025-03-18 08:22:58,716 [Worker-172: Building] INFO  o.a.m.s.f.DefaultMavenResourcesFiltering - skip non existing resourceDirectory C:\Users\2155644\eclipse-workspace\SeleniumAutomation\SeleniumSessionNov\src\main\resources
2025-03-18 08:22:58,718 [Worker-172: Building] INFO  o.a.m.s.f.DefaultMavenResourcesFiltering - skip non existing resourceDirectory C:\Users\2155644\eclipse-workspace\SeleniumAutomation\SeleniumSessionNov\src\test\resources
2025-03-18 08:23:28,487 [Worker-177: Building] INFO  o.a.m.s.f.DefaultMavenResourcesFiltering - skip non existing resourceDirectory C:\Users\2155644\eclipse-workspace\SeleniumAutomation\SeleniumSessionNov\src\main\resources
2025-03-18 08:23:28,488 [Worker-177: Building] INFO  o.a.m.s.f.DefaultMavenResourcesFiltering - skip non existing resourceDirectory C:\Users\2155644\eclipse-workspace\SeleniumAutomation\SeleniumSessionNov\src\test\resources
2025-03-18 08:27:53,111 [Worker-179: Building] INFO  o.a.m.s.f.DefaultMavenResourcesFiltering - skip non existing resourceDirectory C:\Users\2155644\eclipse-workspace\SeleniumAutomation\SeleniumSessionNov\src\main\resources
2025-03-18 08:27:53,113 [Worker-179: Building] INFO  o.a.m.s.f.DefaultMavenResourcesFiltering - skip non existing resourceDirectory C:\Users\2155644\eclipse-workspace\SeleniumAutomation\SeleniumSessionNov\src\test\resources
2025-03-18 08:35:31,108 [Worker-184: Building] INFO  o.a.m.s.f.DefaultMavenResourcesFiltering - skip non existing resourceDirectory C:\Users\2155644\eclipse-workspace\SeleniumAutomation\SeleniumSessionNov\src\main\resources
2025-03-18 08:35:31,110 [Worker-184: Building] INFO  o.a.m.s.f.DefaultMavenResourcesFiltering - skip non existing resourceDirectory C:\Users\2155644\eclipse-workspace\SeleniumAutomation\SeleniumSessionNov\src\test\resources
2025-03-18 08:35:42,235 [Worker-182: Building] INFO  o.a.m.s.f.DefaultMavenResourcesFiltering - skip non existing resourceDirectory C:\Users\2155644\eclipse-workspace\SeleniumAutomation\SeleniumSessionNov\src\main\resources
2025-03-18 08:35:42,236 [Worker-182: Building] INFO  o.a.m.s.f.DefaultMavenResourcesFiltering - skip non existing resourceDirectory C:\Users\2155644\eclipse-workspace\SeleniumAutomation\SeleniumSessionNov\src\test\resources
2025-03-18 08:36:55,316 [Worker-184: Building] INFO  o.a.m.s.f.DefaultMavenResourcesFiltering - skip non existing resourceDirectory C:\Users\2155644\eclipse-workspace\SeleniumAutomation\SeleniumSessionNov\src\main\resources
2025-03-18 08:36:55,317 [Worker-184: Building] INFO  o.a.m.s.f.DefaultMavenResourcesFiltering - skip non existing resourceDirectory C:\Users\2155644\eclipse-workspace\SeleniumAutomation\SeleniumSessionNov\src\test\resources
2025-03-18 08:38:09,037 [Worker-185: Building] INFO  o.a.m.s.f.DefaultMavenResourcesFiltering - skip non existing resourceDirectory C:\Users\2155644\eclipse-workspace\SeleniumAutomation\SeleniumSessionNov\src\main\resources
2025-03-18 08:38:09,039 [Worker-185: Building] INFO  o.a.m.s.f.DefaultMavenResourcesFiltering - skip non existing resourceDirectory C:\Users\2155644\eclipse-workspace\SeleniumAutomation\SeleniumSessionNov\src\test\resources
2025-03-18 08:42:52,338 [Worker-189: Building] INFO  o.a.m.s.f.DefaultMavenResourcesFiltering - skip non existing resourceDirectory C:\Users\2155644\eclipse-workspace\SeleniumAutomation\SeleniumSessionNov\src\main\resources
2025-03-18 08:42:52,339 [Worker-189: Building] INFO  o.a.m.s.f.DefaultMavenResourcesFiltering - skip non existing resourceDirectory C:\Users\2155644\eclipse-workspace\SeleniumAutomation\SeleniumSessionNov\src\test\resources
2025-03-18 08:46:37,347 [Worker-189: Building] INFO  o.a.m.s.f.DefaultMavenResourcesFiltering - skip non existing resourceDirectory C:\Users\2155644\eclipse-workspace\SeleniumAutomation\SeleniumSessionNov\src\main\resources
2025-03-18 08:46:37,349 [Worker-189: Building] INFO  o.a.m.s.f.DefaultMavenResourcesFiltering - skip non existing resourceDirectory C:\Users\2155644\eclipse-workspace\SeleniumAutomation\SeleniumSessionNov\src\test\resources
2025-03-18 08:48:40,550 [Worker-188: Building] INFO  o.a.m.s.f.DefaultMavenResourcesFiltering - skip non existing resourceDirectory C:\Users\2155644\eclipse-workspace\SeleniumAutomation\SeleniumSessionNov\src\main\resources
2025-03-18 08:48:40,551 [Worker-188: Building] INFO  o.a.m.s.f.DefaultMavenResourcesFiltering - skip non existing resourceDirectory C:\Users\2155644\eclipse-workspace\SeleniumAutomation\SeleniumSessionNov\src\test\resources
2025-03-18 08:49:58,890 [Worker-187: Building] INFO  o.a.m.s.f.DefaultMavenResourcesFiltering - skip non existing resourceDirectory C:\Users\2155644\eclipse-workspace\SeleniumAutomation\SeleniumSessionNov\src\main\resources
2025-03-18 08:49:58,891 [Worker-187: Building] INFO  o.a.m.s.f.DefaultMavenResourcesFiltering - skip non existing resourceDirectory C:\Users\2155644\eclipse-workspace\SeleniumAutomation\SeleniumSessionNov\src\test\resources
2025-03-18 08:54:18,578 [Worker-187: Launching NestedIFrameHandle] INFO  o.a.m.s.f.DefaultMavenResourcesFiltering - skip non existing resourceDirectory C:\Users\2155644\eclipse-workspace\SeleniumAutomation\SeleniumSessionNov\src\main\resources
2025-03-18 08:54:18,580 [Worker-187: Launching NestedIFrameHandle] INFO  o.a.m.s.f.DefaultMavenResourcesFiltering - skip non existing resourceDirectory C:\Users\2155644\eclipse-workspace\SeleniumAutomation\SeleniumSessionNov\src\test\resources
2025-03-18 08:56:11,921 [Worker-192: Building] INFO  o.a.m.s.f.DefaultMavenResourcesFiltering - skip non existing resourceDirectory C:\Users\2155644\eclipse-workspace\SeleniumAutomation\SeleniumSessionNov\src\main\resources
2025-03-18 08:56:11,923 [Worker-192: Building] INFO  o.a.m.s.f.DefaultMavenResourcesFiltering - skip non existing resourceDirectory C:\Users\2155644\eclipse-workspace\SeleniumAutomation\SeleniumSessionNov\src\test\resources
2025-03-18 08:57:48,149 [Worker-192: Building] INFO  o.a.m.s.f.DefaultMavenResourcesFiltering - skip non existing resourceDirectory C:\Users\2155644\eclipse-workspace\SeleniumAutomation\SeleniumSessionNov\src\main\resources
2025-03-18 08:57:48,151 [Worker-192: Building] INFO  o.a.m.s.f.DefaultMavenResourcesFiltering - skip non existing resourceDirectory C:\Users\2155644\eclipse-workspace\SeleniumAutomation\SeleniumSessionNov\src\test\resources
2025-03-18 08:57:50,795 [Worker-194: Building] INFO  o.a.m.s.f.DefaultMavenResourcesFiltering - skip non existing resourceDirectory C:\Users\2155644\eclipse-workspace\SeleniumAutomation\SeleniumSessionNov\src\main\resources
2025-03-18 08:57:50,796 [Worker-194: Building] INFO  o.a.m.s.f.DefaultMavenResourcesFiltering - skip non existing resourceDirectory C:\Users\2155644\eclipse-workspace\SeleniumAutomation\SeleniumSessionNov\src\test\resources
2025-03-18 08:59:01,218 [Worker-191: Building] INFO  o.a.m.s.f.DefaultMavenResourcesFiltering - skip non existing resourceDirectory C:\Users\2155644\eclipse-workspace\SeleniumAutomation\SeleniumSessionNov\src\main\resources
2025-03-18 08:59:01,220 [Worker-191: Building] INFO  o.a.m.s.f.DefaultMavenResourcesFiltering - skip non existing resourceDirectory C:\Users\2155644\eclipse-workspace\SeleniumAutomation\SeleniumSessionNov\src\test\resources
2025-03-18 09:01:09,698 [Worker-191: Building] INFO  o.a.m.s.f.DefaultMavenResourcesFiltering - skip non existing resourceDirectory C:\Users\2155644\eclipse-workspace\SeleniumAutomation\SeleniumSessionNov\src\main\resources
2025-03-18 09:01:09,702 [Worker-191: Building] INFO  o.a.m.s.f.DefaultMavenResourcesFiltering - skip non existing resourceDirectory C:\Users\2155644\eclipse-workspace\SeleniumAutomation\SeleniumSessionNov\src\test\resources
2025-03-18 09:02:34,879 [Worker-191: Building] INFO  o.a.m.s.f.DefaultMavenResourcesFiltering - skip non existing resourceDirectory C:\Users\2155644\eclipse-workspace\SeleniumAutomation\SeleniumSessionNov\src\main\resources
2025-03-18 09:02:34,880 [Worker-191: Building] INFO  o.a.m.s.f.DefaultMavenResourcesFiltering - skip non existing resourceDirectory C:\Users\2155644\eclipse-workspace\SeleniumAutomation\SeleniumSessionNov\src\test\resources
2025-03-18 09:02:41,915 [Worker-192: Building] INFO  o.a.m.s.f.DefaultMavenResourcesFiltering - skip non existing resourceDirectory C:\Users\2155644\eclipse-workspace\SeleniumAutomation\SeleniumSessionNov\src\main\resources
2025-03-18 09:02:41,916 [Worker-192: Building] INFO  o.a.m.s.f.DefaultMavenResourcesFiltering - skip non existing resourceDirectory C:\Users\2155644\eclipse-workspace\SeleniumAutomation\SeleniumSessionNov\src\test\resources
2025-03-18 09:03:23,718 [Worker-191: Building] INFO  o.a.m.s.f.DefaultMavenResourcesFiltering - skip non existing resourceDirectory C:\Users\2155644\eclipse-workspace\SeleniumAutomation\SeleniumSessionNov\src\main\resources
2025-03-18 09:03:23,721 [Worker-191: Building] INFO  o.a.m.s.f.DefaultMavenResourcesFiltering - skip non existing resourceDirectory C:\Users\2155644\eclipse-workspace\SeleniumAutomation\SeleniumSessionNov\src\test\resources
2025-03-18 09:03:52,576 [Worker-192: Building] INFO  o.a.m.s.f.DefaultMavenResourcesFiltering - skip non existing resourceDirectory C:\Users\2155644\eclipse-workspace\SeleniumAutomation\SeleniumSessionNov\src\main\resources
2025-03-18 09:03:52,577 [Worker-192: Building] INFO  o.a.m.s.f.DefaultMavenResourcesFiltering - skip non existing resourceDirectory C:\Users\2155644\eclipse-workspace\SeleniumAutomation\SeleniumSessionNov\src\test\resources
2025-03-18 09:04:21,349 [Worker-191: Building] INFO  o.a.m.s.f.DefaultMavenResourcesFiltering - skip non existing resourceDirectory C:\Users\2155644\eclipse-workspace\SeleniumAutomation\SeleniumSessionNov\src\main\resources
2025-03-18 09:04:21,351 [Worker-191: Building] INFO  o.a.m.s.f.DefaultMavenResourcesFiltering - skip non existing resourceDirectory C:\Users\2155644\eclipse-workspace\SeleniumAutomation\SeleniumSessionNov\src\test\resources
2025-03-18 09:09:49,210 [Worker-195: Building] INFO  o.a.m.s.f.DefaultMavenResourcesFiltering - skip non existing resourceDirectory C:\Users\2155644\eclipse-workspace\SeleniumAutomation\SeleniumSessionNov\src\main\resources
2025-03-18 09:09:49,211 [Worker-195: Building] INFO  o.a.m.s.f.DefaultMavenResourcesFiltering - skip non existing resourceDirectory C:\Users\2155644\eclipse-workspace\SeleniumAutomation\SeleniumSessionNov\src\test\resources
2025-03-18 09:11:51,899 [Worker-187: Building] INFO  o.a.m.s.f.DefaultMavenResourcesFiltering - skip non existing resourceDirectory C:\Users\2155644\eclipse-workspace\SeleniumAutomation\SeleniumSessionNov\src\main\resources
2025-03-18 09:11:51,901 [Worker-187: Building] INFO  o.a.m.s.f.DefaultMavenResourcesFiltering - skip non existing resourceDirectory C:\Users\2155644\eclipse-workspace\SeleniumAutomation\SeleniumSessionNov\src\test\resources
2025-03-18 10:51:21,528 [Worker-200: Building] INFO  o.a.m.s.f.DefaultMavenResourcesFiltering - skip non existing resourceDirectory C:\Users\2155644\eclipse-workspace\SeleniumAutomation\SeleniumSessionNov\src\main\resources
2025-03-18 10:51:21,531 [Worker-200: Building] INFO  o.a.m.s.f.DefaultMavenResourcesFiltering - skip non existing resourceDirectory C:\Users\2155644\eclipse-workspace\SeleniumAutomation\SeleniumSessionNov\src\test\resources
2025-03-18 10:52:11,672 [Worker-187: Building] INFO  o.a.m.s.f.DefaultMavenResourcesFiltering - skip non existing resourceDirectory C:\Users\2155644\eclipse-workspace\SeleniumAutomation\SeleniumSessionNov\src\main\resources
2025-03-18 10:52:11,673 [Worker-187: Building] INFO  o.a.m.s.f.DefaultMavenResourcesFiltering - skip non existing resourceDirectory C:\Users\2155644\eclipse-workspace\SeleniumAutomation\SeleniumSessionNov\src\test\resources
2025-03-18 10:53:12,256 [Worker-187: Building] INFO  o.a.m.s.f.DefaultMavenResourcesFiltering - skip non existing resourceDirectory C:\Users\2155644\eclipse-workspace\SeleniumAutomation\SeleniumSessionNov\src\main\resources
2025-03-18 10:53:12,257 [Worker-187: Building] INFO  o.a.m.s.f.DefaultMavenResourcesFiltering - skip non existing resourceDirectory C:\Users\2155644\eclipse-workspace\SeleniumAutomation\SeleniumSessionNov\src\test\resources
2025-03-18 10:53:17,248 [Worker-200: Launching BrowserWindowHandling] INFO  o.a.m.s.f.DefaultMavenResourcesFiltering - skip non existing resourceDirectory C:\Users\2155644\eclipse-workspace\SeleniumAutomation\SeleniumSessionNov\src\main\resources
2025-03-18 10:53:17,250 [Worker-200: Launching BrowserWindowHandling] INFO  o.a.m.s.f.DefaultMavenResourcesFiltering - skip non existing resourceDirectory C:\Users\2155644\eclipse-workspace\SeleniumAutomation\SeleniumSessionNov\src\test\resources
2025-03-18 10:54:13,693 [Worker-201: Building] INFO  o.a.m.s.f.DefaultMavenResourcesFiltering - skip non existing resourceDirectory C:\Users\2155644\eclipse-workspace\SeleniumAutomation\SeleniumSessionNov\src\main\resources
2025-03-18 10:54:13,695 [Worker-201: Building] INFO  o.a.m.s.f.DefaultMavenResourcesFiltering - skip non existing resourceDirectory C:\Users\2155644\eclipse-workspace\SeleniumAutomation\SeleniumSessionNov\src\test\resources
2025-03-18 10:55:19,520 [Worker-202: Building] INFO  o.a.m.s.f.DefaultMavenResourcesFiltering - skip non existing resourceDirectory C:\Users\2155644\eclipse-workspace\SeleniumAutomation\SeleniumSessionNov\src\main\resources
2025-03-18 10:55:19,522 [Worker-202: Building] INFO  o.a.m.s.f.DefaultMavenResourcesFiltering - skip non existing resourceDirectory C:\Users\2155644\eclipse-workspace\SeleniumAutomation\SeleniumSessionNov\src\test\resources
2025-03-18 10:57:47,079 [Worker-203: Building] INFO  o.a.m.s.f.DefaultMavenResourcesFiltering - skip non existing resourceDirectory C:\Users\2155644\eclipse-workspace\SeleniumAutomation\SeleniumSessionNov\src\main\resources
2025-03-18 10:57:47,080 [Worker-203: Building] INFO  o.a.m.s.f.DefaultMavenResourcesFiltering - skip non existing resourceDirectory C:\Users\2155644\eclipse-workspace\SeleniumAutomation\SeleniumSessionNov\src\test\resources
2025-03-18 11:02:52,159 [Worker-202: Building] INFO  o.a.m.s.f.DefaultMavenResourcesFiltering - skip non existing resourceDirectory C:\Users\2155644\eclipse-workspace\SeleniumAutomation\SeleniumSessionNov\src\main\resources
2025-03-18 11:02:52,161 [Worker-202: Building] INFO  o.a.m.s.f.DefaultMavenResourcesFiltering - skip non existing resourceDirectory C:\Users\2155644\eclipse-workspace\SeleniumAutomation\SeleniumSessionNov\src\test\resources
2025-03-18 11:05:20,184 [Worker-205: Building] INFO  o.a.m.s.f.DefaultMavenResourcesFiltering - skip non existing resourceDirectory C:\Users\2155644\eclipse-workspace\SeleniumAutomation\SeleniumSessionNov\src\main\resources
2025-03-18 11:05:20,185 [Worker-205: Building] INFO  o.a.m.s.f.DefaultMavenResourcesFiltering - skip non existing resourceDirectory C:\Users\2155644\eclipse-workspace\SeleniumAutomation\SeleniumSessionNov\src\test\resources
2025-03-18 11:06:11,548 [Worker-206: Building] INFO  o.a.m.s.f.DefaultMavenResourcesFiltering - skip non existing resourceDirectory C:\Users\2155644\eclipse-workspace\SeleniumAutomation\SeleniumSessionNov\src\main\resources
2025-03-18 11:06:11,549 [Worker-206: Building] INFO  o.a.m.s.f.DefaultMavenResourcesFiltering - skip non existing resourceDirectory C:\Users\2155644\eclipse-workspace\SeleniumAutomation\SeleniumSessionNov\src\test\resources
2025-03-18 11:07:30,319 [Worker-205: Building] INFO  o.a.m.s.f.DefaultMavenResourcesFiltering - skip non existing resourceDirectory C:\Users\2155644\eclipse-workspace\SeleniumAutomation\SeleniumSessionNov\src\main\resources
2025-03-18 11:07:30,321 [Worker-205: Building] INFO  o.a.m.s.f.DefaultMavenResourcesFiltering - skip non existing resourceDirectory C:\Users\2155644\eclipse-workspace\SeleniumAutomation\SeleniumSessionNov\src\test\resources
2025-03-18 11:27:18,723 [Worker-208: Building] INFO  o.a.m.s.f.DefaultMavenResourcesFiltering - skip non existing resourceDirectory C:\Users\2155644\eclipse-workspace\SeleniumAutomation\SeleniumSessionNov\src\main\resources
2025-03-18 11:27:18,724 [Worker-208: Building] INFO  o.a.m.s.f.DefaultMavenResourcesFiltering - skip non existing resourceDirectory C:\Users\2155644\eclipse-workspace\SeleniumAutomation\SeleniumSessionNov\src\test\resources
2025-03-18 11:27:44,619 [Worker-211: Building] INFO  o.a.m.s.f.DefaultMavenResourcesFiltering - skip non existing resourceDirectory C:\Users\2155644\eclipse-workspace\SeleniumAutomation\SeleniumSessionNov\src\main\resources
2025-03-18 11:27:44,620 [Worker-211: Building] INFO  o.a.m.s.f.DefaultMavenResourcesFiltering - skip non existing resourceDirectory C:\Users\2155644\eclipse-workspace\SeleniumAutomation\SeleniumSessionNov\src\test\resources
2025-03-18 11:28:09,938 [Worker-211: Building] INFO  o.a.m.s.f.DefaultMavenResourcesFiltering - skip non existing resourceDirectory C:\Users\2155644\eclipse-workspace\SeleniumAutomation\SeleniumSessionNov\src\main\resources
2025-03-18 11:28:09,940 [Worker-211: Building] INFO  o.a.m.s.f.DefaultMavenResourcesFiltering - skip non existing resourceDirectory C:\Users\2155644\eclipse-workspace\SeleniumAutomation\SeleniumSessionNov\src\test\resources
2025-03-18 11:34:19,281 [Worker-212: Building] INFO  o.a.m.s.f.DefaultMavenResourcesFiltering - skip non existing resourceDirectory C:\Users\2155644\eclipse-workspace\SeleniumAutomation\SeleniumSessionNov\src\main\resources
2025-03-18 11:34:19,282 [Worker-212: Building] INFO  o.a.m.s.f.DefaultMavenResourcesFiltering - skip non existing resourceDirectory C:\Users\2155644\eclipse-workspace\SeleniumAutomation\SeleniumSessionNov\src\test\resources
2025-03-18 11:34:59,560 [Worker-211: Building] INFO  o.a.m.s.f.DefaultMavenResourcesFiltering - skip non existing resourceDirectory C:\Users\2155644\eclipse-workspace\SeleniumAutomation\SeleniumSessionNov\src\main\resources
2025-03-18 11:34:59,562 [Worker-211: Building] INFO  o.a.m.s.f.DefaultMavenResourcesFiltering - skip non existing resourceDirectory C:\Users\2155644\eclipse-workspace\SeleniumAutomation\SeleniumSessionNov\src\test\resources
2025-03-18 11:37:15,633 [Worker-210: Building] INFO  o.a.m.s.f.DefaultMavenResourcesFiltering - skip non existing resourceDirectory C:\Users\2155644\eclipse-workspace\SeleniumAutomation\SeleniumSessionNov\src\main\resources
2025-03-18 11:37:15,636 [Worker-210: Building] INFO  o.a.m.s.f.DefaultMavenResourcesFiltering - skip non existing resourceDirectory C:\Users\2155644\eclipse-workspace\SeleniumAutomation\SeleniumSessionNov\src\test\resources
2025-03-18 11:37:26,098 [Worker-210: Building] INFO  o.a.m.s.f.DefaultMavenResourcesFiltering - skip non existing resourceDirectory C:\Users\2155644\eclipse-workspace\SeleniumAutomation\SeleniumSessionNov\src\main\resources
2025-03-18 11:37:26,100 [Worker-210: Building] INFO  o.a.m.s.f.DefaultMavenResourcesFiltering - skip non existing resourceDirectory C:\Users\2155644\eclipse-workspace\SeleniumAutomation\SeleniumSessionNov\src\test\resources
2025-03-18 11:39:06,071 [Worker-210: Building] INFO  o.a.m.s.f.DefaultMavenResourcesFiltering - skip non existing resourceDirectory C:\Users\2155644\eclipse-workspace\SeleniumAutomation\SeleniumSessionNov\src\main\resources
2025-03-18 11:39:06,072 [Worker-210: Building] INFO  o.a.m.s.f.DefaultMavenResourcesFiltering - skip non existing resourceDirectory C:\Users\2155644\eclipse-workspace\SeleniumAutomation\SeleniumSessionNov\src\test\resources
2025-03-18 11:39:22,932 [Worker-214: Building] INFO  o.a.m.s.f.DefaultMavenResourcesFiltering - skip non existing resourceDirectory C:\Users\2155644\eclipse-workspace\SeleniumAutomation\SeleniumSessionNov\src\main\resources
2025-03-18 11:39:22,934 [Worker-214: Building] INFO  o.a.m.s.f.DefaultMavenResourcesFiltering - skip non existing resourceDirectory C:\Users\2155644\eclipse-workspace\SeleniumAutomation\SeleniumSessionNov\src\test\resources
2025-03-18 11:49:43,845 [Worker-217: Building] INFO  o.a.m.s.f.DefaultMavenResourcesFiltering - skip non existing resourceDirectory C:\Users\2155644\eclipse-workspace\SeleniumAutomation\SeleniumSessionNov\src\main\resources
2025-03-18 11:49:43,846 [Worker-217: Building] INFO  o.a.m.s.f.DefaultMavenResourcesFiltering - skip non existing resourceDirectory C:\Users\2155644\eclipse-workspace\SeleniumAutomation\SeleniumSessionNov\src\test\resources
2025-03-24 08:42:33,470 [Worker-5: Loading available Gradle versions] INFO  o.e.b.c.i.u.g.PublishedGradleVersions - Gradle version information cache is out-of-date. Trying to update.
2025-03-24 09:52:33,391 [Worker-23: Building] INFO  o.a.m.s.f.DefaultMavenResourcesFiltering - skip non existing resourceDirectory C:\Users\2155644\eclipse-workspace\SeleniumAutomation\SeleniumSessionNov\src\main\resources
2025-03-24 09:52:33,945 [Worker-23: Building] INFO  o.a.m.s.f.DefaultMavenResourcesFiltering - skip non existing resourceDirectory C:\Users\2155644\eclipse-workspace\SeleniumAutomation\SeleniumSessionNov\src\test\resources
2025-03-26 09:45:32,099 [Worker-47: Building] INFO  o.a.m.s.f.DefaultMavenResourcesFiltering - skip non existing resourceDirectory C:\Users\2155644\eclipse-workspace\SeleniumAutomation\SeleniumSessionNov\src\main\resources
2025-03-26 09:45:32,105 [Worker-47: Building] INFO  o.a.m.s.f.DefaultMavenResourcesFiltering - skip non existing resourceDirectory C:\Users\2155644\eclipse-workspace\SeleniumAutomation\SeleniumSessionNov\src\test\resources
2025-03-26 09:53:53,908 [Worker-48: Building] INFO  o.a.m.s.f.DefaultMavenResourcesFiltering - skip non existing resourceDirectory C:\Users\2155644\eclipse-workspace\SeleniumAutomation\SeleniumSessionNov\src\main\resources
2025-03-26 09:53:53,911 [Worker-48: Building] INFO  o.a.m.s.f.DefaultMavenResourcesFiltering - skip non existing resourceDirectory C:\Users\2155644\eclipse-workspace\SeleniumAutomation\SeleniumSessionNov\src\test\resources
2025-03-26 09:56:41,604 [Worker-49: Building] INFO  o.a.m.s.f.DefaultMavenResourcesFiltering - skip non existing resourceDirectory C:\Users\2155644\eclipse-workspace\SeleniumAutomation\SeleniumSessionNov\src\main\resources
2025-03-26 09:56:41,607 [Worker-49: Building] INFO  o.a.m.s.f.DefaultMavenResourcesFiltering - skip non existing resourceDirectory C:\Users\2155644\eclipse-workspace\SeleniumAutomation\SeleniumSessionNov\src\test\resources
2025-03-26 10:27:07,944 [Worker-45: Building] INFO  o.a.m.s.f.DefaultMavenResourcesFiltering - skip non existing resourceDirectory C:\Users\2155644\eclipse-workspace\SeleniumAutomation\SeleniumSessionNov\src\main\resources
2025-03-26 10:27:07,946 [Worker-45: Building] INFO  o.a.m.s.f.DefaultMavenResourcesFiltering - skip non existing resourceDirectory C:\Users\2155644\eclipse-workspace\SeleniumAutomation\SeleniumSessionNov\src\test\resources
2025-03-26 12:06:49,498 [Worker-54: Building] INFO  o.a.m.s.f.DefaultMavenResourcesFiltering - skip non existing resourceDirectory C:\Users\2155644\eclipse-workspace\SeleniumAutomation\VideoChecks\src\main\resources
2025-03-26 12:06:49,502 [Worker-54: Building] INFO  o.a.m.s.f.DefaultMavenResourcesFiltering - skip non existing resourceDirectory C:\Users\2155644\eclipse-workspace\SeleniumAutomation\VideoChecks\src\test\resources
2025-03-26 12:09:44,714 [Worker-55: Building] INFO  o.a.m.s.f.DefaultMavenResourcesFiltering - skip non existing resourceDirectory C:\Users\2155644\eclipse-workspace\SeleniumAutomation\VideoChecks\src\main\resources
2025-03-26 12:09:44,716 [Worker-55: Building] INFO  o.a.m.s.f.DefaultMavenResourcesFiltering - skip non existing resourceDirectory C:\Users\2155644\eclipse-workspace\SeleniumAutomation\VideoChecks\src\test\resources
2025-03-26 12:09:59,168 [Worker-54: Launching RevString (1)] INFO  o.a.m.s.f.DefaultMavenResourcesFiltering - skip non existing resourceDirectory C:\Users\2155644\eclipse-workspace\SeleniumAutomation\VideoChecks\src\main\resources
2025-03-26 12:09:59,170 [Worker-54: Launching RevString (1)] INFO  o.a.m.s.f.DefaultMavenResourcesFiltering - skip non existing resourceDirectory C:\Users\2155644\eclipse-workspace\SeleniumAutomation\VideoChecks\src\test\resources
2025-03-26 12:10:07,300 [Worker-54: Building] INFO  o.a.m.s.f.DefaultMavenResourcesFiltering - skip non existing resourceDirectory C:\Users\2155644\eclipse-workspace\SeleniumAutomation\VideoChecks\src\main\resources
2025-03-26 12:10:07,301 [Worker-54: Building] INFO  o.a.m.s.f.DefaultMavenResourcesFiltering - skip non existing resourceDirectory C:\Users\2155644\eclipse-workspace\SeleniumAutomation\VideoChecks\src\test\resources
2025-03-26 12:10:57,498 [Worker-56: Building] INFO  o.a.m.s.f.DefaultMavenResourcesFiltering - skip non existing resourceDirectory C:\Users\2155644\eclipse-workspace\SeleniumAutomation\VideoChecks\src\main\resources
2025-03-26 12:10:57,500 [Worker-56: Building] INFO  o.a.m.s.f.DefaultMavenResourcesFiltering - skip non existing resourceDirectory C:\Users\2155644\eclipse-workspace\SeleniumAutomation\VideoChecks\src\test\resources
2025-03-26 12:12:24,412 [Worker-54: Building] INFO  o.a.m.s.f.DefaultMavenResourcesFiltering - skip non existing resourceDirectory C:\Users\2155644\eclipse-workspace\SeleniumAutomation\VideoChecks\src\main\resources
2025-03-26 12:12:24,413 [Worker-54: Building] INFO  o.a.m.s.f.DefaultMavenResourcesFiltering - skip non existing resourceDirectory C:\Users\2155644\eclipse-workspace\SeleniumAutomation\VideoChecks\src\test\resources
2025-03-26 12:41:06,932 [Worker-57: Building] INFO  o.a.m.s.f.DefaultMavenResourcesFiltering - skip non existing resourceDirectory C:\Users\2155644\eclipse-workspace\SeleniumAutomation\VideoChecks\src\main\resources
2025-03-26 12:41:06,936 [Worker-57: Building] INFO  o.a.m.s.f.DefaultMavenResourcesFiltering - skip non existing resourceDirectory C:\Users\2155644\eclipse-workspace\SeleniumAutomation\VideoChecks\src\test\resources
2025-03-26 12:41:43,075 [Worker-58: Building] INFO  o.a.m.s.f.DefaultMavenResourcesFiltering - skip non existing resourceDirectory C:\Users\2155644\eclipse-workspace\SeleniumAutomation\VideoChecks\src\main\resources
2025-03-26 12:41:43,077 [Worker-58: Building] INFO  o.a.m.s.f.DefaultMavenResourcesFiltering - skip non existing resourceDirectory C:\Users\2155644\eclipse-workspace\SeleniumAutomation\VideoChecks\src\test\resources
2025-03-26 12:43:46,650 [Worker-51: Building] INFO  o.a.m.s.f.DefaultMavenResourcesFiltering - skip non existing resourceDirectory C:\Users\2155644\eclipse-workspace\SeleniumAutomation\VideoChecks\src\main\resources
2025-03-26 12:43:46,653 [Worker-51: Building] INFO  o.a.m.s.f.DefaultMavenResourcesFiltering - skip non existing resourceDirectory C:\Users\2155644\eclipse-workspace\SeleniumAutomation\VideoChecks\src\test\resources
2025-03-26 12:46:24,033 [Worker-58: Building] INFO  o.a.m.s.f.DefaultMavenResourcesFiltering - skip non existing resourceDirectory C:\Users\2155644\eclipse-workspace\SeleniumAutomation\VideoChecks\src\main\resources
2025-03-26 12:46:24,034 [Worker-58: Building] INFO  o.a.m.s.f.DefaultMavenResourcesFiltering - skip non existing resourceDirectory C:\Users\2155644\eclipse-workspace\SeleniumAutomation\VideoChecks\src\test\resources
2025-03-26 12:46:51,587 [Worker-59: Building] INFO  o.a.m.s.f.DefaultMavenResourcesFiltering - skip non existing resourceDirectory C:\Users\2155644\eclipse-workspace\SeleniumAutomation\VideoChecks\src\main\resources
2025-03-26 12:46:51,589 [Worker-59: Building] INFO  o.a.m.s.f.DefaultMavenResourcesFiltering - skip non existing resourceDirectory C:\Users\2155644\eclipse-workspace\SeleniumAutomation\VideoChecks\src\test\resources
2025-03-26 12:47:03,231 [Worker-59: Building] INFO  o.a.m.s.f.DefaultMavenResourcesFiltering - skip non existing resourceDirectory C:\Users\2155644\eclipse-workspace\SeleniumAutomation\VideoChecks\src\main\resources
2025-03-26 12:47:03,232 [Worker-59: Building] INFO  o.a.m.s.f.DefaultMavenResourcesFiltering - skip non existing resourceDirectory C:\Users\2155644\eclipse-workspace\SeleniumAutomation\VideoChecks\src\test\resources
2025-03-26 12:55:08,573 [Worker-61: Building] INFO  o.a.m.s.f.DefaultMavenResourcesFiltering - skip non existing resourceDirectory C:\Users\2155644\eclipse-workspace\SeleniumAutomation\VideoChecks\src\main\resources
2025-03-26 12:55:08,576 [Worker-61: Building] INFO  o.a.m.s.f.DefaultMavenResourcesFiltering - skip non existing resourceDirectory C:\Users\2155644\eclipse-workspace\SeleniumAutomation\VideoChecks\src\test\resources
2025-03-26 12:58:35,257 [Worker-63: Building] INFO  o.a.m.s.f.DefaultMavenResourcesFiltering - skip non existing resourceDirectory C:\Users\2155644\eclipse-workspace\SeleniumAutomation\VideoChecks\src\main\resources
2025-03-26 12:58:35,260 [Worker-63: Building] INFO  o.a.m.s.f.DefaultMavenResourcesFiltering - skip non existing resourceDirectory C:\Users\2155644\eclipse-workspace\SeleniumAutomation\VideoChecks\src\test\resources
2025-03-26 12:58:39,290 [Worker-63: Building] INFO  o.a.m.s.f.DefaultMavenResourcesFiltering - skip non existing resourceDirectory C:\Users\2155644\eclipse-workspace\SeleniumAutomation\VideoChecks\src\main\resources
2025-03-26 12:58:39,293 [Worker-63: Building] INFO  o.a.m.s.f.DefaultMavenResourcesFiltering - skip non existing resourceDirectory C:\Users\2155644\eclipse-workspace\SeleniumAutomation\VideoChecks\src\test\resources
2025-03-26 13:04:10,041 [Worker-64: Building] INFO  o.a.m.s.f.DefaultMavenResourcesFiltering - skip non existing resourceDirectory C:\Users\2155644\eclipse-workspace\SeleniumAutomation\VideoChecks\src\main\resources
2025-03-26 13:04:10,043 [Worker-64: Building] INFO  o.a.m.s.f.DefaultMavenResourcesFiltering - skip non existing resourceDirectory C:\Users\2155644\eclipse-workspace\SeleniumAutomation\VideoChecks\src\test\resources
2025-03-26 13:04:21,732 [Worker-57: Building] INFO  o.a.m.s.f.DefaultMavenResourcesFiltering - skip non existing resourceDirectory C:\Users\2155644\eclipse-workspace\SeleniumAutomation\VideoChecks\src\main\resources
2025-03-26 13:04:21,733 [Worker-57: Building] INFO  o.a.m.s.f.DefaultMavenResourcesFiltering - skip non existing resourceDirectory C:\Users\2155644\eclipse-workspace\SeleniumAutomation\VideoChecks\src\test\resources
2025-03-26 13:04:48,539 [Worker-64: Building] INFO  o.a.m.s.f.DefaultMavenResourcesFiltering - skip non existing resourceDirectory C:\Users\2155644\eclipse-workspace\SeleniumAutomation\VideoChecks\src\main\resources
2025-03-26 13:04:48,540 [Worker-64: Building] INFO  o.a.m.s.f.DefaultMavenResourcesFiltering - skip non existing resourceDirectory C:\Users\2155644\eclipse-workspace\SeleniumAutomation\VideoChecks\src\test\resources
2025-03-26 13:05:40,373 [Worker-57: Building] INFO  o.a.m.s.f.DefaultMavenResourcesFiltering - skip non existing resourceDirectory C:\Users\2155644\eclipse-workspace\SeleniumAutomation\VideoChecks\src\main\resources
2025-03-26 13:05:40,375 [Worker-57: Building] INFO  o.a.m.s.f.DefaultMavenResourcesFiltering - skip non existing resourceDirectory C:\Users\2155644\eclipse-workspace\SeleniumAutomation\VideoChecks\src\test\resources
2025-03-26 13:06:37,474 [Worker-68: Building] INFO  o.a.m.s.f.DefaultMavenResourcesFiltering - skip non existing resourceDirectory C:\Users\2155644\eclipse-workspace\SeleniumAutomation\VideoChecks\src\main\resources
2025-03-26 13:06:37,475 [Worker-68: Building] INFO  o.a.m.s.f.DefaultMavenResourcesFiltering - skip non existing resourceDirectory C:\Users\2155644\eclipse-workspace\SeleniumAutomation\VideoChecks\src\test\resources
2025-03-26 13:07:34,548 [Worker-67: Building] INFO  o.a.m.s.f.DefaultMavenResourcesFiltering - skip non existing resourceDirectory C:\Users\2155644\eclipse-workspace\SeleniumAutomation\VideoChecks\src\main\resources
2025-03-26 13:07:34,549 [Worker-67: Building] INFO  o.a.m.s.f.DefaultMavenResourcesFiltering - skip non existing resourceDirectory C:\Users\2155644\eclipse-workspace\SeleniumAutomation\VideoChecks\src\test\resources
2025-03-26 13:07:59,164 [Worker-66: Building] INFO  o.a.m.s.f.DefaultMavenResourcesFiltering - skip non existing resourceDirectory C:\Users\2155644\eclipse-workspace\SeleniumAutomation\VideoChecks\src\main\resources
2025-03-26 13:07:59,166 [Worker-66: Building] INFO  o.a.m.s.f.DefaultMavenResourcesFiltering - skip non existing resourceDirectory C:\Users\2155644\eclipse-workspace\SeleniumAutomation\VideoChecks\src\test\resources
2025-03-26 13:08:21,338 [Worker-66: Building] INFO  o.a.m.s.f.DefaultMavenResourcesFiltering - skip non existing resourceDirectory C:\Users\2155644\eclipse-workspace\SeleniumAutomation\VideoChecks\src\main\resources
2025-03-26 13:08:21,339 [Worker-66: Building] INFO  o.a.m.s.f.DefaultMavenResourcesFiltering - skip non existing resourceDirectory C:\Users\2155644\eclipse-workspace\SeleniumAutomation\VideoChecks\src\test\resources
2025-03-26 13:08:27,274 [Worker-68: Building] INFO  o.a.m.s.f.DefaultMavenResourcesFiltering - skip non existing resourceDirectory C:\Users\2155644\eclipse-workspace\SeleniumAutomation\VideoChecks\src\main\resources
2025-03-26 13:08:27,275 [Worker-68: Building] INFO  o.a.m.s.f.DefaultMavenResourcesFiltering - skip non existing resourceDirectory C:\Users\2155644\eclipse-workspace\SeleniumAutomation\VideoChecks\src\test\resources
2025-03-26 13:08:46,456 [Worker-66: Building] INFO  o.a.m.s.f.DefaultMavenResourcesFiltering - skip non existing resourceDirectory C:\Users\2155644\eclipse-workspace\SeleniumAutomation\VideoChecks\src\main\resources
2025-03-26 13:08:46,457 [Worker-66: Building] INFO  o.a.m.s.f.DefaultMavenResourcesFiltering - skip non existing resourceDirectory C:\Users\2155644\eclipse-workspace\SeleniumAutomation\VideoChecks\src\test\resources
2025-04-09 16:55:28,042 [Worker-3: Loading available Gradle versions] INFO  o.e.b.c.i.u.g.PublishedGradleVersions - Gradle version information cache is out-of-date. Trying to update.
